order_item_id,order_id,product_id,quantity,unit_price,discount_pct,line_total,updated_at
1,1,117,3,1381.28,0.0,4143.84,2026-05-17T08:06:32.079232
2,2,68,3,270.06,0.0,810.18,2026-03-27T08:27:32.079287
3,2,53,3,1077.0,0.0,3231.0,2026-03-27T08:27:32.079287
4,2,115,2,213.29,0.0,426.58,2026-03-27T08:27:32.079287
5,3,80,1,596.68,0.0,596.68,2026-06-08T10:24:32.079326
6,3,48,3,733.85,0.0,2201.55,2026-06-08T10:24:32.079326
7,3,26,1,1615.36,0.0,1615.36,2026-06-08T10:24:32.079326
8,3,62,2,1109.18,0.05,2107.44,2026-06-08T10:24:32.079326
9,3,18,3,390.89,0.05,1114.04,2026-06-08T10:24:32.079326
10,4,114,2,48.79,0.0,97.58,2026-07-23T08:39:32.079363
11,4,98,3,643.73,0.0,1931.19,2026-07-23T08:39:32.079363
12,4,111,2,340.18,0.0,680.36,2026-07-23T08:39:32.079363
13,4,20,3,1533.75,0.0,4601.25,2026-07-23T08:39:32.079363
14,4,44,1,1108.44,0.05,1053.02,2026-07-23T08:39:32.079363
15,5,30,1,539.5,0.1,485.55,2026-08-04T05:50:32.079400
16,5,48,3,733.85,0.0,2201.55,2026-08-04T05:50:32.079400
17,5,12,3,1208.52,0.0,3625.56,2026-08-04T05:50:32.079400
18,5,58,3,936.72,0.05,2669.65,2026-08-04T05:50:32.079400
19,5,39,1,486.81,0.0,486.81,2026-08-04T05:50:32.079400
20,6,44,1,1108.44,0.0,1108.44,2026-05-22T05:12:32.079437
21,7,54,3,1652.43,0.0,4957.29,2026-08-02T17:13:32.079455
22,8,103,2,298.36,0.0,596.72,2026-04-19T04:16:32.079471
23,8,91,1,1357.23,0.0,1357.23,2026-04-19T04:16:32.079471
24,8,51,1,1446.49,0.0,1446.49,2026-04-19T04:16:32.079471
25,8,34,1,1474.08,0.1,1326.67,2026-04-19T04:16:32.079471
26,8,6,3,1554.13,0.15,3963.03,2026-04-19T04:16:32.079471
27,9,29,1,205.02,0.0,205.02,2026-07-30T12:13:32.079504
28,9,91,1,1357.23,0.05,1289.37,2026-07-30T12:13:32.079504
29,9,46,3,25.75,0.05,73.39,2026-07-30T12:13:32.079504
30,10,15,2,478.17,0.05,908.52,2026-06-08T09:15:32.079528
31,10,95,2,237.31,0.15,403.43,2026-06-08T09:15:32.079528
32,10,26,2,1615.36,0.05,3069.18,2026-06-08T09:15:32.079528
33,10,58,1,936.72,0.0,936.72,2026-06-08T09:15:32.079528
34,10,102,3,61.75,0.1,166.72,2026-06-08T09:15:32.079528
35,11,58,2,936.72,0.0,1873.44,2026-06-20T23:39:32.079564
36,11,106,1,79.66,0.05,75.68,2026-06-20T23:39:32.079564
37,12,53,1,1077.0,0.0,1077.0,2026-08-10T23:58:32.079585
38,12,68,3,270.06,0.0,810.18,2026-08-10T23:58:32.079585
39,12,113,3,453.18,0.05,1291.56,2026-08-10T23:58:32.079585
40,12,26,1,1615.36,0.1,1453.82,2026-08-10T23:58:32.079585
41,12,21,3,579.0,0.0,1737.0,2026-08-10T23:58:32.079585
42,13,77,1,360.14,0.0,360.14,2026-05-14T07:56:32.079618
43,13,27,2,271.84,0.05,516.5,2026-05-14T07:56:32.079618
44,14,8,2,104.24,0.0,208.48,2026-08-01T03:57:32.079640
45,14,89,3,493.15,0.1,1331.5,2026-08-01T03:57:32.079640
46,14,93,3,81.1,0.0,243.3,2026-08-01T03:57:32.079640
47,15,29,2,205.02,0.1,369.04,2026-07-25T17:40:32.079667
48,15,83,1,1243.0,0.05,1180.85,2026-07-25T17:40:32.079667
49,15,34,2,1474.08,0.0,2948.16,2026-07-25T17:40:32.079667
50,15,7,1,341.85,0.0,341.85,2026-07-25T17:40:32.079667
51,16,20,2,1533.75,0.1,2760.75,2026-08-02T11:09:32.079697
52,16,56,3,780.61,0.0,2341.83,2026-08-02T11:09:32.079697
53,16,88,3,775.06,0.05,2208.92,2026-08-02T11:09:32.079697
54,17,74,1,377.0,0.1,339.3,2026-04-24T05:38:32.079721
55,17,65,2,1979.06,0.05,3760.21,2026-04-24T05:38:32.079721
56,17,28,1,771.64,0.05,733.06,2026-04-24T05:38:32.079721
57,17,4,3,1063.54,0.05,3031.09,2026-04-24T05:38:32.079721
58,18,52,2,92.69,0.0,185.38,2026-08-05T21:40:32.079750
59,18,63,2,1474.96,0.1,2654.93,2026-08-05T21:40:32.079750
60,19,114,1,48.79,0.0,48.79,2026-04-05T12:03:32.079770
61,19,105,3,360.47,0.05,1027.34,2026-04-05T12:03:32.079770
62,19,76,3,747.78,0.0,2243.34,2026-04-05T12:03:32.079770
63,20,72,1,856.16,0.15,727.74,2026-09-03T17:19:32.079796
64,20,43,3,187.62,0.0,562.86,2026-09-03T17:19:32.079796
65,21,90,2,1214.39,0.0,2428.78,2026-06-22T17:17:32.079817
66,21,42,2,430.69,0.1,775.24,2026-06-22T17:17:32.079817
67,21,119,2,45.9,0.0,91.8,2026-06-22T17:17:32.079817
68,22,6,2,1554.13,0.0,3108.26,2026-07-14T17:33:32.079843
69,22,31,3,967.29,0.0,2901.87,2026-07-14T17:33:32.079843
70,22,29,3,205.02,0.0,615.06,2026-07-14T17:33:32.079843
71,23,8,3,104.24,0.1,281.45,2026-06-16T07:15:32.079867
72,23,93,3,81.1,0.0,243.3,2026-06-16T07:15:32.079867
73,23,53,2,1077.0,0.1,1938.6,2026-06-16T07:15:32.079867
74,23,66,3,116.43,0.05,331.83,2026-06-16T07:15:32.079867
75,23,82,3,1537.26,0.0,4611.78,2026-06-16T07:15:32.079867
76,24,111,1,340.18,0.0,340.18,2026-06-16T01:29:32.079904
77,24,14,3,287.84,0.15,733.99,2026-06-16T01:29:32.079904
78,24,65,1,1979.06,0.0,1979.06,2026-06-16T01:29:32.079904
79,25,108,1,407.19,0.0,407.19,2026-05-11T04:46:32.079932
80,26,53,3,1077.0,0.15,2746.35,2026-07-07T17:25:32.079949
81,26,8,1,104.24,0.0,104.24,2026-07-07T17:25:32.079949
82,26,21,1,579.0,0.0,579.0,2026-07-07T17:25:32.079949
83,26,72,3,856.16,0.0,2568.48,2026-07-07T17:25:32.079949
84,26,36,2,97.84,0.0,195.68,2026-07-07T17:25:32.079949
85,27,22,1,46.79,0.0,46.79,2026-06-20T19:51:32.079982
86,27,32,1,1444.35,0.0,1444.35,2026-06-20T19:51:32.079982
87,27,53,3,1077.0,0.0,3231.0,2026-06-20T19:51:32.079982
88,27,91,2,1357.23,0.0,2714.46,2026-06-20T19:51:32.079982
89,27,70,1,518.03,0.15,440.33,2026-06-20T19:51:32.079982
90,28,94,3,115.87,0.0,347.61,2026-04-03T04:40:32.080014
91,29,27,1,271.84,0.0,271.84,2026-04-07T18:37:32.080030
92,29,2,3,439.91,0.0,1319.73,2026-04-07T18:37:32.080030
93,30,90,3,1214.39,0.15,3096.69,2026-08-04T05:55:32.080052
94,31,28,3,771.64,0.0,2314.92,2026-08-01T08:39:32.080068
95,31,76,3,747.78,0.05,2131.17,2026-08-01T08:39:32.080068
96,31,46,3,25.75,0.1,69.53,2026-08-01T08:39:32.080068
97,31,12,1,1208.52,0.05,1148.09,2026-08-01T08:39:32.080068
98,31,45,2,610.17,0.15,1037.29,2026-08-01T08:39:32.080068
99,32,18,1,390.89,0.15,332.26,2026-05-24T10:18:32.080102
100,32,40,1,693.12,0.0,693.12,2026-05-24T10:18:32.080102
101,33,99,2,575.39,0.0,1150.78,2026-03-27T04:20:32.080122
102,33,63,3,1474.96,0.0,4424.88,2026-03-27T04:20:32.080122
103,33,100,1,1296.05,0.1,1166.44,2026-03-27T04:20:32.080122
104,33,115,1,213.29,0.0,213.29,2026-03-27T04:20:32.080122
105,33,77,2,360.14,0.0,720.28,2026-03-27T04:20:32.080122
106,34,49,3,342.66,0.15,873.78,2026-07-31T07:18:32.080157
107,34,88,3,775.06,0.1,2092.66,2026-07-31T07:18:32.080157
108,34,37,2,591.14,0.05,1123.17,2026-07-31T07:18:32.080157
109,34,55,3,467.36,0.15,1191.77,2026-07-31T07:18:32.080157
110,35,58,3,936.72,0.0,2810.16,2026-09-13T23:19:32.080189
111,35,91,3,1357.23,0.0,4071.69,2026-09-13T23:19:32.080189
112,36,23,1,185.54,0.0,185.54,2026-09-12T12:58:32.080209
113,36,102,1,61.75,0.15,52.49,2026-09-12T12:58:32.080209
114,36,5,3,1081.58,0.15,2758.03,2026-09-12T12:58:32.080209
115,37,111,3,340.18,0.0,1020.54,2026-03-26T10:18:32.080234
116,37,53,3,1077.0,0.05,3069.45,2026-03-26T10:18:32.080234
117,37,31,1,967.29,0.0,967.29,2026-03-26T10:18:32.080234
118,37,119,1,45.9,0.0,45.9,2026-03-26T10:18:32.080234
119,37,79,1,219.09,0.0,219.09,2026-03-26T10:18:32.080234
120,38,21,1,579.0,0.15,492.15,2026-04-11T10:13:32.080267
121,39,51,2,1446.49,0.0,2892.98,2026-07-07T02:44:32.080283
122,40,91,2,1357.23,0.0,2714.46,2026-06-18T02:16:32.080300
123,40,108,2,407.19,0.1,732.94,2026-06-18T02:16:32.080300
124,40,5,1,1081.58,0.0,1081.58,2026-06-18T02:16:32.080300
125,41,84,2,358.51,0.0,717.02,2026-03-24T11:31:32.080325
126,42,51,2,1446.49,0.0,2892.98,2026-09-19T20:53:32.080340
127,43,40,1,693.12,0.15,589.15,2026-03-27T07:34:32.080356
128,43,84,1,358.51,0.05,340.58,2026-03-27T07:34:32.080356
129,43,26,1,1615.36,0.0,1615.36,2026-03-27T07:34:32.080356
130,43,43,3,187.62,0.0,562.86,2026-03-27T07:34:32.080356
131,43,119,2,45.9,0.15,78.03,2026-03-27T07:34:32.080356
132,44,58,3,936.72,0.0,2810.16,2026-08-24T16:45:32.080391
133,44,108,2,407.19,0.0,814.38,2026-08-24T16:45:32.080391
134,44,15,2,478.17,0.0,956.34,2026-08-24T16:45:32.080391
135,44,62,2,1109.18,0.1,1996.52,2026-08-24T16:45:32.080391
136,45,79,3,219.09,0.1,591.54,2026-08-08T00:09:32.080422
137,45,88,3,775.06,0.0,2325.18,2026-08-08T00:09:32.080422
138,46,107,3,1503.69,0.0,4511.07,2026-04-25T02:32:32.080443
139,46,48,3,733.85,0.0,2201.55,2026-04-25T02:32:32.080443
140,46,27,1,271.84,0.0,271.84,2026-04-25T02:32:32.080443
141,46,69,2,1640.23,0.15,2788.39,2026-04-25T02:32:32.080443
142,46,65,3,1979.06,0.0,5937.18,2026-04-25T02:32:32.080443
143,47,38,2,1155.34,0.1,2079.61,2026-08-02T04:46:32.080475
144,47,105,3,360.47,0.0,1081.41,2026-08-02T04:46:32.080475
145,48,97,1,1192.46,0.05,1132.84,2026-07-22T02:53:32.080495
146,48,18,1,390.89,0.0,390.89,2026-07-22T02:53:32.080495
147,49,18,1,390.89,0.0,390.89,2026-07-04T13:46:32.080515
148,49,93,1,81.1,0.05,77.04,2026-07-04T13:46:32.080515
149,50,92,2,551.27,0.1,992.29,2026-09-12T12:40:32.080536
150,50,44,3,1108.44,0.05,3159.05,2026-09-12T12:40:32.080536
151,50,69,1,1640.23,0.15,1394.2,2026-09-12T12:40:32.080536
152,50,4,1,1063.54,0.05,1010.36,2026-09-12T12:40:32.080536
153,50,23,3,185.54,0.1,500.96,2026-09-12T12:40:32.080536
154,51,94,2,115.87,0.05,220.15,2026-04-07T23:11:32.080570
155,51,20,2,1533.75,0.0,3067.5,2026-04-07T23:11:32.080570
156,52,104,2,1646.45,0.05,3128.26,2026-03-25T09:08:32.080591
157,52,92,2,551.27,0.0,1102.54,2026-03-25T09:08:32.080591
158,52,26,3,1615.36,0.05,4603.78,2026-03-25T09:08:32.080591
159,52,39,3,486.81,0.15,1241.37,2026-03-25T09:08:32.080591
160,53,18,1,390.89,0.0,390.89,2026-08-04T16:45:32.080619
161,53,6,3,1554.13,0.0,4662.39,2026-08-04T16:45:32.080619
162,53,39,3,486.81,0.0,1460.43,2026-08-04T16:45:32.080619
163,53,80,1,596.68,0.1,537.01,2026-08-04T16:45:32.080619
164,54,77,3,360.14,0.05,1026.4,2026-05-05T06:20:32.080650
165,54,50,1,935.89,0.15,795.51,2026-05-05T06:20:32.080650
166,54,60,1,824.84,0.05,783.6,2026-05-05T06:20:32.080650
167,55,42,1,430.69,0.0,430.69,2026-08-19T13:26:32.080677
168,55,55,1,467.36,0.05,443.99,2026-08-19T13:26:32.080677
169,55,59,2,1201.61,0.15,2042.74,2026-08-19T13:26:32.080677
170,56,45,2,610.17,0.1,1098.31,2026-04-01T01:28:32.080700
171,56,107,1,1503.69,0.05,1428.51,2026-04-01T01:28:32.080700
172,57,94,1,115.87,0.0,115.87,2026-07-28T07:57:32.080720
173,57,82,3,1537.26,0.15,3920.01,2026-07-28T07:57:32.080720
174,57,105,2,360.47,0.05,684.89,2026-07-28T07:57:32.080720
175,57,35,2,1414.87,0.1,2546.77,2026-07-28T07:57:32.080720
176,58,100,1,1296.05,0.05,1231.25,2026-08-18T21:43:32.080751
177,58,39,1,486.81,0.15,413.79,2026-08-18T21:43:32.080751
178,58,62,2,1109.18,0.0,2218.36,2026-08-18T21:43:32.080751
179,58,99,1,575.39,0.15,489.08,2026-08-18T21:43:32.080751
180,59,25,1,257.25,0.0,257.25,2026-06-29T21:34:32.080782
181,59,45,3,610.17,0.0,1830.51,2026-06-29T21:34:32.080782
182,59,56,1,780.61,0.1,702.55,2026-06-29T21:34:32.080782
183,60,13,2,2066.14,0.0,4132.28,2026-06-23T16:28:32.080806
184,60,95,3,237.31,0.0,711.93,2026-06-23T16:28:32.080806
185,61,32,3,1444.35,0.0,4333.05,2026-08-15T05:54:32.080826
186,61,59,3,1201.61,0.15,3064.11,2026-08-15T05:54:32.080826
187,62,73,1,721.9,0.1,649.71,2026-08-27T15:08:32.080846
188,62,101,1,1089.31,0.15,925.91,2026-08-27T15:08:32.080846
189,63,61,1,1557.98,0.05,1480.08,2026-05-30T15:09:32.080866
190,63,36,2,97.84,0.1,176.11,2026-05-30T15:09:32.080866
191,63,120,1,1388.53,0.05,1319.1,2026-05-30T15:09:32.080866
192,64,80,3,596.68,0.0,1790.04,2026-08-14T14:34:32.080890
193,64,88,1,775.06,0.0,775.06,2026-08-14T14:34:32.080890
194,65,62,1,1109.18,0.0,1109.18,2026-03-25T18:34:32.080912
195,65,61,3,1557.98,0.0,4673.94,2026-03-25T18:34:32.080912
196,65,99,3,575.39,0.15,1467.24,2026-03-25T18:34:32.080912
197,66,71,1,684.07,0.15,581.46,2026-09-14T18:03:32.080938
198,66,72,2,856.16,0.15,1455.47,2026-09-14T18:03:32.080938
199,66,109,1,1094.28,0.0,1094.28,2026-09-14T18:03:32.080938
200,66,23,1,185.54,0.15,157.71,2026-09-14T18:03:32.080938
201,66,6,2,1554.13,0.0,3108.26,2026-09-14T18:03:32.080938
202,67,50,1,935.89,0.0,935.89,2026-05-08T19:16:32.080972
203,67,62,2,1109.18,0.0,2218.36,2026-05-08T19:16:32.080972
204,67,39,2,486.81,0.05,924.94,2026-05-08T19:16:32.080972
205,67,81,2,207.83,0.1,374.09,2026-05-08T19:16:32.080972
206,68,30,2,539.5,0.0,1079.0,2026-05-14T01:52:32.081001
207,68,47,3,1270.2,0.15,3239.01,2026-05-14T01:52:32.081001
208,68,104,1,1646.45,0.0,1646.45,2026-05-14T01:52:32.081001
209,69,45,1,610.17,0.05,579.66,2026-05-02T00:31:32.081030
210,69,18,3,390.89,0.15,996.77,2026-05-02T00:31:32.081030
211,69,2,1,439.91,0.1,395.92,2026-05-02T00:31:32.081030
212,69,7,3,341.85,0.1,923.0,2026-05-02T00:31:32.081030
213,70,7,3,341.85,0.05,974.27,2026-04-16T08:25:32.081062
214,70,98,3,643.73,0.0,1931.19,2026-04-16T08:25:32.081062
215,71,95,1,237.31,0.0,237.31,2026-04-04T07:10:32.081083
216,72,61,2,1557.98,0.0,3115.96,2026-08-16T03:30:32.081099
217,72,6,2,1554.13,0.1,2797.43,2026-08-16T03:30:32.081099
218,73,114,2,48.79,0.1,87.82,2026-04-25T11:34:32.081119
219,74,87,2,1696.52,0.1,3053.74,2026-06-08T23:01:32.081135
220,74,97,1,1192.46,0.0,1192.46,2026-06-08T23:01:32.081135
221,74,25,3,257.25,0.05,733.16,2026-06-08T23:01:32.081135
222,74,70,1,518.03,0.0,518.03,2026-06-08T23:01:32.081135
223,74,113,3,453.18,0.0,1359.54,2026-06-08T23:01:32.081135
224,75,20,2,1533.75,0.0,3067.5,2026-09-19T12:22:32.081169
225,75,21,2,579.0,0.15,984.3,2026-09-19T12:22:32.081169
226,76,114,3,48.79,0.0,146.37,2026-07-19T22:19:32.081193
227,76,108,3,407.19,0.0,1221.57,2026-07-19T22:19:32.081193
228,76,104,2,1646.45,0.15,2798.97,2026-07-19T22:19:32.081193
229,77,3,1,540.29,0.0,540.29,2026-05-15T22:23:32.081217
230,78,46,2,25.75,0.1,46.35,2026-04-06T15:13:32.081234
231,78,106,1,79.66,0.0,79.66,2026-04-06T15:13:32.081234
232,78,88,2,775.06,0.1,1395.11,2026-04-06T15:13:32.081234
233,78,27,3,271.84,0.05,774.74,2026-04-06T15:13:32.081234
234,79,92,2,551.27,0.05,1047.41,2026-03-31T07:56:32.081262
235,79,117,2,1381.28,0.05,2624.43,2026-03-31T07:56:32.081262
236,80,91,3,1357.23,0.15,3460.94,2026-07-12T18:44:32.081282
237,81,88,3,775.06,0.05,2208.92,2026-04-20T02:10:32.081299
238,81,46,1,25.75,0.05,24.46,2026-04-20T02:10:32.081299
239,82,101,2,1089.31,0.0,2178.62,2026-03-29T00:27:32.081319
240,82,2,2,439.91,0.0,879.82,2026-03-29T00:27:32.081319
241,82,48,3,733.85,0.0,2201.55,2026-03-29T00:27:32.081319
242,83,79,3,219.09,0.05,624.41,2026-08-14T18:56:32.081344
243,83,14,2,287.84,0.0,575.68,2026-08-14T18:56:32.081344
244,83,80,3,596.68,0.0,1790.04,2026-08-14T18:56:32.081344
245,84,39,1,486.81,0.05,462.47,2026-04-18T11:22:32.081369
246,84,87,2,1696.52,0.1,3053.74,2026-04-18T11:22:32.081369
247,85,86,2,517.65,0.1,931.77,2026-05-06T01:16:32.081389
248,85,77,3,360.14,0.0,1080.42,2026-05-06T01:16:32.081389
249,85,40,1,693.12,0.0,693.12,2026-05-06T01:16:32.081389
250,85,48,1,733.85,0.0,733.85,2026-05-06T01:16:32.081389
251,86,114,1,48.79,0.05,46.35,2026-03-25T03:42:32.081419
252,86,77,2,360.14,0.0,720.28,2026-03-25T03:42:32.081419
253,86,25,2,257.25,0.15,437.32,2026-03-25T03:42:32.081419
254,86,38,2,1155.34,0.0,2310.68,2026-03-25T03:42:32.081419
255,87,89,3,493.15,0.05,1405.48,2026-07-01T18:04:32.081452
256,87,4,3,1063.54,0.1,2871.56,2026-07-01T18:04:32.081452
257,87,17,1,1226.38,0.0,1226.38,2026-07-01T18:04:32.081452
258,87,6,2,1554.13,0.05,2952.85,2026-07-01T18:04:32.081452
259,87,32,1,1444.35,0.05,1372.13,2026-07-01T18:04:32.081452
260,88,31,1,967.29,0.0,967.29,2026-04-21T17:57:32.081487
261,88,29,1,205.02,0.0,205.02,2026-04-21T17:57:32.081487
262,88,55,3,467.36,0.0,1402.08,2026-04-21T17:57:32.081487
263,89,103,1,298.36,0.0,298.36,2026-03-23T22:34:32.081512
264,90,66,2,116.43,0.0,232.86,2026-04-29T05:24:32.081529
265,90,26,3,1615.36,0.0,4846.08,2026-04-29T05:24:32.081529
266,91,40,3,693.12,0.15,1767.46,2026-09-11T04:43:32.081554
267,92,109,3,1094.28,0.15,2790.41,2026-04-07T22:02:32.081570
268,92,2,2,439.91,0.1,791.84,2026-04-07T22:02:32.081570
269,92,31,3,967.29,0.05,2756.78,2026-04-07T22:02:32.081570
270,93,56,2,780.61,0.05,1483.16,2026-04-06T09:35:32.081596
271,93,20,1,1533.75,0.05,1457.06,2026-04-06T09:35:32.081596
272,93,54,1,1652.43,0.0,1652.43,2026-04-06T09:35:32.081596
273,94,35,3,1414.87,0.0,4244.61,2026-03-31T12:36:32.081620
274,94,13,3,2066.14,0.0,6198.42,2026-03-31T12:36:32.081620
275,95,66,2,116.43,0.0,232.86,2026-05-29T09:06:32.081641
276,96,35,1,1414.87,0.15,1202.64,2026-07-22T21:58:32.081657
277,96,107,2,1503.69,0.1,2706.64,2026-07-22T21:58:32.081657
278,96,10,1,858.14,0.05,815.23,2026-07-22T21:58:32.081657
279,97,5,3,1081.58,0.0,3244.74,2026-08-13T04:39:32.081681
280,97,41,2,1658.14,0.0,3316.28,2026-08-13T04:39:32.081681
281,98,25,3,257.25,0.0,771.75,2026-05-18T09:45:32.081701
282,99,39,1,486.81,0.0,486.81,2026-04-02T06:30:32.081719
283,100,44,3,1108.44,0.0,3325.32,2026-07-16T05:06:32.081735
284,100,61,1,1557.98,0.15,1324.28,2026-07-16T05:06:32.081735
285,100,26,1,1615.36,0.05,1534.59,2026-07-16T05:06:32.081735
286,100,10,3,858.14,0.0,2574.42,2026-07-16T05:06:32.081735
287,101,53,1,1077.0,0.05,1023.15,2026-08-15T23:05:32.081763
288,101,63,1,1474.96,0.0,1474.96,2026-08-15T23:05:32.081763
289,102,31,1,967.29,0.0,967.29,2026-08-05T08:12:32.081783
290,102,88,3,775.06,0.15,1976.4,2026-08-05T08:12:32.081783
291,103,46,3,25.75,0.1,69.53,2026-07-12T07:52:32.081803
292,103,31,2,967.29,0.15,1644.39,2026-07-12T07:52:32.081803
293,103,3,1,540.29,0.1,486.26,2026-07-12T07:52:32.081803
294,103,12,2,1208.52,0.0,2417.04,2026-07-12T07:52:32.081803
295,103,101,2,1089.31,0.15,1851.83,2026-07-12T07:52:32.081803
296,104,98,1,643.73,0.0,643.73,2026-05-17T11:05:32.081839
297,104,41,3,1658.14,0.0,4974.42,2026-05-17T11:05:32.081839
298,105,77,1,360.14,0.0,360.14,2026-08-09T14:42:32.081859
299,105,66,3,116.43,0.0,349.29,2026-08-09T14:42:32.081859
300,105,13,2,2066.14,0.15,3512.44,2026-08-09T14:42:32.081859
301,106,106,2,79.66,0.05,151.35,2026-06-14T18:17:32.081886
302,107,38,1,1155.34,0.0,1155.34,2026-09-13T20:14:32.081903
303,108,119,3,45.9,0.0,137.7,2026-08-05T07:59:32.081918
304,108,5,2,1081.58,0.0,2163.16,2026-08-05T07:59:32.081918
305,108,4,3,1063.54,0.15,2712.03,2026-08-05T07:59:32.081918
306,108,17,3,1226.38,0.05,3495.18,2026-08-05T07:59:32.081918
307,108,102,3,61.75,0.0,185.25,2026-08-05T07:59:32.081918
308,109,41,1,1658.14,0.05,1575.23,2026-05-30T09:43:32.081952
309,110,20,2,1533.75,0.0,3067.5,2026-04-23T20:17:32.081968
310,111,69,1,1640.23,0.15,1394.2,2026-04-22T05:10:32.081986
311,111,108,2,407.19,0.15,692.22,2026-04-22T05:10:32.081986
312,111,58,2,936.72,0.1,1686.1,2026-04-22T05:10:32.081986
313,111,27,3,271.84,0.1,733.97,2026-04-22T05:10:32.081986
314,111,120,1,1388.53,0.05,1319.1,2026-04-22T05:10:32.081986
315,112,104,2,1646.45,0.05,3128.26,2026-09-07T01:44:32.082018
316,112,63,3,1474.96,0.0,4424.88,2026-09-07T01:44:32.082018
317,112,83,2,1243.0,0.1,2237.4,2026-09-07T01:44:32.082018
318,113,18,1,390.89,0.0,390.89,2026-03-30T01:50:32.082044
319,113,78,2,219.47,0.0,438.94,2026-03-30T01:50:32.082044
320,113,29,3,205.02,0.15,522.8,2026-03-30T01:50:32.082044
321,114,118,1,31.27,0.0,31.27,2026-07-25T08:39:32.082069
322,115,118,1,31.27,0.1,28.14,2026-04-08T17:48:32.082086
323,115,6,1,1554.13,0.05,1476.42,2026-04-08T17:48:32.082086
324,115,91,1,1357.23,0.0,1357.23,2026-04-08T17:48:32.082086
325,115,17,2,1226.38,0.0,2452.76,2026-04-08T17:48:32.082086
326,115,39,2,486.81,0.0,973.62,2026-04-08T17:48:32.082086
327,116,69,3,1640.23,0.1,4428.62,2026-08-09T10:02:32.082118
328,117,60,2,824.84,0.0,1649.68,2026-08-13T22:58:32.082134
329,117,84,3,358.51,0.0,1075.53,2026-08-13T22:58:32.082134
330,117,43,3,187.62,0.1,506.57,2026-08-13T22:58:32.082134
331,118,31,2,967.29,0.1,1741.12,2026-05-26T17:21:32.082157
332,118,81,2,207.83,0.1,374.09,2026-05-26T17:21:32.082157
333,118,103,2,298.36,0.05,566.88,2026-05-26T17:21:32.082157
334,118,53,2,1077.0,0.0,2154.0,2026-05-26T17:21:32.082157
335,119,58,2,936.72,0.1,1686.1,2026-06-27T05:53:32.082187
336,119,3,2,540.29,0.05,1026.55,2026-06-27T05:53:32.082187
337,119,52,2,92.69,0.0,185.38,2026-06-27T05:53:32.082187
338,119,26,1,1615.36,0.0,1615.36,2026-06-27T05:53:32.082187
339,119,37,1,591.14,0.0,591.14,2026-06-27T05:53:32.082187
340,120,77,2,360.14,0.05,684.27,2026-05-02T10:27:32.082220
341,121,98,3,643.73,0.0,1931.19,2026-08-23T20:51:32.082238
342,121,52,3,92.69,0.1,250.26,2026-08-23T20:51:32.082238
343,121,22,2,46.79,0.1,84.22,2026-08-23T20:51:32.082238
344,122,2,2,439.91,0.1,791.84,2026-05-22T04:15:32.082263
345,123,115,1,213.29,0.05,202.63,2026-08-20T21:40:32.082279
346,123,42,2,430.69,0.15,732.17,2026-08-20T21:40:32.082279
347,123,91,2,1357.23,0.0,2714.46,2026-08-20T21:40:32.082279
348,123,89,3,493.15,0.0,1479.45,2026-08-20T21:40:32.082279
349,124,2,2,439.91,0.05,835.83,2026-06-22T00:32:32.082312
350,124,115,2,213.29,0.0,426.58,2026-06-22T00:32:32.082312
351,124,108,1,407.19,0.1,366.47,2026-06-22T00:32:32.082312
352,125,120,2,1388.53,0.0,2777.06,2026-08-13T23:29:32.082336
353,126,5,1,1081.58,0.0,1081.58,2026-04-18T05:45:32.082352
354,127,91,3,1357.23,0.05,3868.11,2026-05-16T03:07:32.082369
355,127,63,2,1474.96,0.05,2802.42,2026-05-16T03:07:32.082369
356,127,77,2,360.14,0.0,720.28,2026-05-16T03:07:32.082369
357,127,120,3,1388.53,0.15,3540.75,2026-05-16T03:07:32.082369
358,127,106,2,79.66,0.05,151.35,2026-05-16T03:07:32.082369
359,128,60,2,824.84,0.1,1484.71,2026-09-17T16:01:32.082401
360,129,61,2,1557.98,0.05,2960.16,2026-04-06T19:06:32.082416
361,129,72,3,856.16,0.1,2311.63,2026-04-06T19:06:32.082416
362,130,47,2,1270.2,0.1,2286.36,2026-03-26T20:18:32.082436
363,130,53,1,1077.0,0.0,1077.0,2026-03-26T20:18:32.082436
364,130,13,3,2066.14,0.0,6198.42,2026-03-26T20:18:32.082436
365,131,44,1,1108.44,0.05,1053.02,2026-06-24T20:09:32.082462
366,131,119,1,45.9,0.0,45.9,2026-06-24T20:09:32.082462
367,131,76,3,747.78,0.1,2019.01,2026-06-24T20:09:32.082462
368,131,32,3,1444.35,0.0,4333.05,2026-06-24T20:09:32.082462
369,131,74,2,377.0,0.1,678.6,2026-06-24T20:09:32.082462
370,132,46,3,25.75,0.15,65.66,2026-04-10T14:03:32.082496
371,133,31,1,967.29,0.05,918.93,2026-09-19T03:40:32.082511
372,134,31,1,967.29,0.1,870.56,2026-05-01T18:48:32.082528
373,134,60,3,824.84,0.0,2474.52,2026-05-01T18:48:32.082528
374,134,89,1,493.15,0.0,493.15,2026-05-01T18:48:32.082528
375,134,20,1,1533.75,0.0,1533.75,2026-05-01T18:48:32.082528
376,134,23,3,185.54,0.05,528.79,2026-05-01T18:48:32.082528
377,135,48,2,733.85,0.0,1467.7,2026-05-23T17:38:32.082564
378,135,23,1,185.54,0.0,185.54,2026-05-23T17:38:32.082564
379,135,104,3,1646.45,0.0,4939.35,2026-05-23T17:38:32.082564
380,135,37,3,591.14,0.0,1773.42,2026-05-23T17:38:32.082564
381,135,52,2,92.69,0.0,185.38,2026-05-23T17:38:32.082564
382,136,86,1,517.65,0.1,465.88,2026-04-14T01:04:32.082596
383,136,111,1,340.18,0.0,340.18,2026-04-14T01:04:32.082596
384,136,7,1,341.85,0.0,341.85,2026-04-14T01:04:32.082596
385,136,65,1,1979.06,0.1,1781.15,2026-04-14T01:04:32.082596
386,137,89,1,493.15,0.15,419.18,2026-08-07T03:05:32.082624
387,137,39,2,486.81,0.15,827.58,2026-08-07T03:05:32.082624
388,137,73,3,721.9,0.1,1949.13,2026-08-07T03:05:32.082624
389,137,12,1,1208.52,0.05,1148.09,2026-08-07T03:05:32.082624
390,138,28,1,771.64,0.0,771.64,2026-06-09T14:34:32.082652
391,139,53,2,1077.0,0.05,2046.3,2026-08-04T12:09:32.082668
392,139,19,3,1096.11,0.0,3288.33,2026-08-04T12:09:32.082668
393,139,49,1,342.66,0.05,325.53,2026-08-04T12:09:32.082668
394,139,79,2,219.09,0.1,394.36,2026-08-04T12:09:32.082668
395,139,56,1,780.61,0.05,741.58,2026-08-04T12:09:32.082668
396,140,42,3,430.69,0.0,1292.07,2026-05-24T03:43:32.082706
397,141,41,1,1658.14,0.1,1492.33,2026-08-12T05:20:32.082723
398,141,80,2,596.68,0.05,1133.69,2026-08-12T05:20:32.082723
399,142,55,2,467.36,0.05,887.98,2026-07-21T07:42:32.082746
400,142,92,3,551.27,0.0,1653.81,2026-07-21T07:42:32.082746
401,142,86,1,517.65,0.05,491.77,2026-07-21T07:42:32.082746
402,142,32,3,1444.35,0.0,4333.05,2026-07-21T07:42:32.082746
403,143,38,1,1155.34,0.0,1155.34,2026-03-24T04:27:32.082774
404,143,59,3,1201.61,0.1,3244.35,2026-03-24T04:27:32.082774
405,143,89,1,493.15,0.1,443.83,2026-03-24T04:27:32.082774
406,143,76,2,747.78,0.15,1271.23,2026-03-24T04:27:32.082774
407,143,34,2,1474.08,0.0,2948.16,2026-03-24T04:27:32.082774
408,144,101,1,1089.31,0.0,1089.31,2026-04-28T08:46:32.082811
409,145,53,1,1077.0,0.0,1077.0,2026-08-02T15:08:32.082828
410,145,118,3,31.27,0.0,93.81,2026-08-02T15:08:32.082828
411,145,74,1,377.0,0.0,377.0,2026-08-02T15:08:32.082828
412,145,111,2,340.18,0.0,680.36,2026-08-02T15:08:32.082828
413,145,45,3,610.17,0.05,1738.98,2026-08-02T15:08:32.082828
414,146,28,3,771.64,0.15,1967.68,2026-06-21T00:11:32.082861
415,146,5,3,1081.58,0.0,3244.74,2026-06-21T00:11:32.082861
416,146,53,2,1077.0,0.0,2154.0,2026-06-21T00:11:32.082861
417,147,92,2,551.27,0.0,1102.54,2026-03-23T14:36:32.082888
418,147,17,2,1226.38,0.1,2207.48,2026-03-23T14:36:32.082888
419,147,29,3,205.02,0.0,615.06,2026-03-23T14:36:32.082888
420,148,31,2,967.29,0.15,1644.39,2026-03-31T11:40:32.082912
421,148,109,1,1094.28,0.1,984.85,2026-03-31T11:40:32.082912
422,148,45,2,610.17,0.15,1037.29,2026-03-31T11:40:32.082912
423,148,25,3,257.25,0.0,771.75,2026-03-31T11:40:32.082912
424,149,98,1,643.73,0.0,643.73,2026-07-23T18:34:32.082941
425,149,100,3,1296.05,0.0,3888.15,2026-07-23T18:34:32.082941
426,149,84,1,358.51,0.1,322.66,2026-07-23T18:34:32.082941
427,149,51,3,1446.49,0.15,3688.55,2026-07-23T18:34:32.082941
428,150,114,3,48.79,0.0,146.37,2026-07-19T15:58:32.082970
429,150,51,2,1446.49,0.15,2459.03,2026-07-19T15:58:32.082970
430,151,15,3,478.17,0.1,1291.06,2026-06-11T13:26:32.082990
431,151,51,3,1446.49,0.15,3688.55,2026-06-11T13:26:32.082990
432,151,62,3,1109.18,0.15,2828.41,2026-06-11T13:26:32.082990
433,151,65,2,1979.06,0.1,3562.31,2026-06-11T13:26:32.082990
434,151,50,1,935.89,0.15,795.51,2026-06-11T13:26:32.082990
435,152,111,3,340.18,0.0,1020.54,2026-07-29T23:22:32.083023
436,152,30,1,539.5,0.1,485.55,2026-07-29T23:22:32.083023
437,152,7,1,341.85,0.15,290.57,2026-07-29T23:22:32.083023
438,152,102,1,61.75,0.1,55.58,2026-07-29T23:22:32.083023
439,153,15,1,478.17,0.0,478.17,2026-07-19T11:55:32.083052
440,153,31,3,967.29,0.15,2466.59,2026-07-19T11:55:32.083052
441,153,93,2,81.1,0.15,137.87,2026-07-19T11:55:32.083052
442,153,46,2,25.75,0.0,51.5,2026-07-19T11:55:32.083052
443,154,102,3,61.75,0.0,185.25,2026-07-21T12:33:32.083079
444,154,45,3,610.17,0.1,1647.46,2026-07-21T12:33:32.083079
445,154,22,1,46.79,0.0,46.79,2026-07-21T12:33:32.083079
446,155,69,3,1640.23,0.0,4920.69,2026-08-20T19:38:32.083104
447,155,113,1,453.18,0.0,453.18,2026-08-20T19:38:32.083104
448,155,59,2,1201.61,0.0,2403.22,2026-08-20T19:38:32.083104
449,155,32,1,1444.35,0.0,1444.35,2026-08-20T19:38:32.083104
450,155,19,2,1096.11,0.0,2192.22,2026-08-20T19:38:32.083104
451,156,48,2,733.85,0.1,1320.93,2026-08-22T14:46:32.083136
452,156,65,2,1979.06,0.0,3958.12,2026-08-22T14:46:32.083136
453,157,14,3,287.84,0.1,777.17,2026-05-01T11:03:32.083159
454,157,108,2,407.19,0.0,814.38,2026-05-01T11:03:32.083159
455,157,104,3,1646.45,0.05,4692.38,2026-05-01T11:03:32.083159
456,157,49,2,342.66,0.05,651.05,2026-05-01T11:03:32.083159
457,158,92,3,551.27,0.15,1405.74,2026-05-04T03:05:32.083187
458,158,90,2,1214.39,0.15,2064.46,2026-05-04T03:05:32.083187
459,158,106,1,79.66,0.0,79.66,2026-05-04T03:05:32.083187
460,159,54,3,1652.43,0.15,4213.7,2026-09-13T12:16:32.083212
461,159,29,1,205.02,0.0,205.02,2026-09-13T12:16:32.083212
462,159,93,3,81.1,0.0,243.3,2026-09-13T12:16:32.083212
463,160,36,3,97.84,0.0,293.52,2026-04-16T02:41:32.083236
464,160,54,2,1652.43,0.0,3304.86,2026-04-16T02:41:32.083236
465,160,22,1,46.79,0.0,46.79,2026-04-16T02:41:32.083236
466,161,73,2,721.9,0.15,1227.23,2026-04-27T16:07:32.083262
467,161,62,1,1109.18,0.0,1109.18,2026-04-27T16:07:32.083262
468,162,22,3,46.79,0.05,133.35,2026-04-24T17:00:32.083289
469,162,65,1,1979.06,0.0,1979.06,2026-04-24T17:00:32.083289
470,163,6,3,1554.13,0.1,4196.15,2026-05-30T21:53:32.083309
471,164,12,3,1208.52,0.0,3625.56,2026-08-15T04:01:32.083325
472,164,65,3,1979.06,0.0,5937.18,2026-08-15T04:01:32.083325
473,164,3,2,540.29,0.0,1080.58,2026-08-15T04:01:32.083325
474,165,14,2,287.84,0.05,546.9,2026-05-29T18:22:32.083349
475,165,80,3,596.68,0.15,1521.53,2026-05-29T18:22:32.083349
476,165,48,1,733.85,0.05,697.16,2026-05-29T18:22:32.083349
477,165,77,3,360.14,0.1,972.38,2026-05-29T18:22:32.083349
478,166,84,3,358.51,0.0,1075.53,2026-09-04T13:22:32.083377
479,166,61,2,1557.98,0.0,3115.96,2026-09-04T13:22:32.083377
480,166,54,3,1652.43,0.15,4213.7,2026-09-04T13:22:32.083377
481,166,71,1,684.07,0.0,684.07,2026-09-04T13:22:32.083377
482,166,97,1,1192.46,0.15,1013.59,2026-09-04T13:22:32.083377
483,167,86,3,517.65,0.05,1475.3,2026-05-28T15:00:32.083413
484,167,61,2,1557.98,0.0,3115.96,2026-05-28T15:00:32.083413
485,167,53,1,1077.0,0.0,1077.0,2026-05-28T15:00:32.083413
486,167,78,1,219.47,0.0,219.47,2026-05-28T15:00:32.083413
487,167,37,3,591.14,0.15,1507.41,2026-05-28T15:00:32.083413
488,168,98,3,643.73,0.05,1834.63,2026-07-26T04:24:32.083445
489,168,39,1,486.81,0.1,438.13,2026-07-26T04:24:32.083445
490,168,103,3,298.36,0.15,760.82,2026-07-26T04:24:32.083445
491,168,72,1,856.16,0.15,727.74,2026-07-26T04:24:32.083445
492,168,36,3,97.84,0.1,264.17,2026-07-26T04:24:32.083445
493,169,74,3,377.0,0.15,961.35,2026-08-30T23:22:32.083482
494,169,81,1,207.83,0.15,176.66,2026-08-30T23:22:32.083482
495,170,83,1,1243.0,0.0,1243.0,2026-05-12T09:36:32.083503
496,170,70,2,518.03,0.1,932.45,2026-05-12T09:36:32.083503
497,171,102,3,61.75,0.0,185.25,2026-06-09T06:02:32.083528
498,172,91,1,1357.23,0.1,1221.51,2026-07-06T09:20:32.083544
499,173,20,3,1533.75,0.15,3911.06,2026-06-22T07:42:32.083559
500,173,37,3,591.14,0.0,1773.42,2026-06-22T07:42:32.083559
501,173,54,3,1652.43,0.05,4709.43,2026-06-22T07:42:32.083559
502,174,19,2,1096.11,0.0,2192.22,2026-04-19T01:59:32.083585
503,174,6,3,1554.13,0.05,4429.27,2026-04-19T01:59:32.083585
504,174,99,1,575.39,0.1,517.85,2026-04-19T01:59:32.083585
505,174,38,2,1155.34,0.0,2310.68,2026-04-19T01:59:32.083585
506,174,39,1,486.81,0.05,462.47,2026-04-19T01:59:32.083585
507,175,23,3,185.54,0.0,556.62,2026-09-02T04:54:32.083617
508,175,87,2,1696.52,0.0,3393.04,2026-09-02T04:54:32.083617
509,175,39,1,486.81,0.0,486.81,2026-09-02T04:54:32.083617
510,175,79,1,219.09,0.05,208.14,2026-09-02T04:54:32.083617
511,176,91,3,1357.23,0.15,3460.94,2026-05-20T11:14:32.083893
512,176,119,3,45.9,0.05,130.81,2026-05-20T11:14:32.083893
513,177,90,1,1214.39,0.0,1214.39,2026-05-22T07:21:32.083917
514,177,77,2,360.14,0.1,648.25,2026-05-22T07:21:32.083917
515,178,27,2,271.84,0.15,462.13,2026-07-03T08:28:32.083937
516,178,119,2,45.9,0.0,91.8,2026-07-03T08:28:32.083937
517,179,49,3,342.66,0.05,976.58,2026-05-24T00:06:32.083957
518,180,106,1,79.66,0.0,79.66,2026-07-24T12:50:32.083972
519,180,98,2,643.73,0.0,1287.46,2026-07-24T12:50:32.083972
520,181,82,1,1537.26,0.0,1537.26,2026-05-15T04:43:32.083992
521,182,116,3,615.12,0.0,1845.36,2026-06-02T16:29:32.084010
522,182,37,2,591.14,0.0,1182.28,2026-06-02T16:29:32.084010
523,182,23,3,185.54,0.0,556.62,2026-06-02T16:29:32.084010
524,183,10,3,858.14,0.0,2574.42,2026-04-11T05:43:32.084038
525,183,103,2,298.36,0.1,537.05,2026-04-11T05:43:32.084038
526,183,50,2,935.89,0.0,1871.78,2026-04-11T05:43:32.084038
527,184,98,2,643.73,0.05,1223.09,2026-07-22T01:56:32.084063
528,185,12,2,1208.52,0.15,2054.48,2026-06-10T18:16:32.084079
529,185,23,3,185.54,0.1,500.96,2026-06-10T18:16:32.084079
530,185,45,3,610.17,0.0,1830.51,2026-06-10T18:16:32.084079
531,185,105,1,360.47,0.0,360.47,2026-06-10T18:16:32.084079
532,185,46,3,25.75,0.0,77.25,2026-06-10T18:16:32.084079
533,186,114,3,48.79,0.0,146.37,2026-08-06T03:28:32.084111
534,186,101,2,1089.31,0.0,2178.62,2026-08-06T03:28:32.084111
535,186,62,1,1109.18,0.0,1109.18,2026-08-06T03:28:32.084111
536,187,103,1,298.36,0.0,298.36,2026-07-16T20:04:32.084135
537,187,4,2,1063.54,0.05,2020.73,2026-07-16T20:04:32.084135
538,188,37,1,591.14,0.0,591.14,2026-04-19T03:10:32.084156
539,188,106,3,79.66,0.0,238.98,2026-04-19T03:10:32.084156
540,189,41,3,1658.14,0.0,4974.42,2026-09-01T18:44:32.084177
541,189,79,3,219.09,0.0,657.27,2026-09-01T18:44:32.084177
542,190,59,2,1201.61,0.0,2403.22,2026-09-13T06:45:32.084196
543,190,90,1,1214.39,0.05,1153.67,2026-09-13T06:45:32.084196
544,190,99,1,575.39,0.0,575.39,2026-09-13T06:45:32.084196
545,190,117,3,1381.28,0.1,3729.46,2026-09-13T06:45:32.084196
546,191,5,2,1081.58,0.1,1946.84,2026-05-16T17:40:32.084224
547,192,15,1,478.17,0.0,478.17,2026-07-02T11:39:32.084241
548,192,4,1,1063.54,0.1,957.19,2026-07-02T11:39:32.084241
549,193,79,3,219.09,0.0,657.27,2026-08-28T01:13:32.084261
550,193,100,3,1296.05,0.1,3499.33,2026-08-28T01:13:32.084261
551,193,87,3,1696.52,0.0,5089.56,2026-08-28T01:13:32.084261
552,194,95,3,237.31,0.05,676.33,2026-04-15T04:13:32.084287
553,194,113,3,453.18,0.0,1359.54,2026-04-15T04:13:32.084287
554,194,81,2,207.83,0.1,374.09,2026-04-15T04:13:32.084287
555,195,95,2,237.31,0.0,474.62,2026-07-12T08:49:32.084312
556,196,22,1,46.79,0.1,42.11,2026-07-24T00:17:32.084327
557,196,20,1,1533.75,0.0,1533.75,2026-07-24T00:17:32.084327
558,196,10,3,858.14,0.0,2574.42,2026-07-24T00:17:32.084327
559,196,80,3,596.68,0.0,1790.04,2026-07-24T00:17:32.084327
560,196,74,1,377.0,0.15,320.45,2026-07-24T00:17:32.084327
561,197,73,2,721.9,0.05,1371.61,2026-08-09T21:04:32.084359
562,197,34,1,1474.08,0.0,1474.08,2026-08-09T21:04:32.084359
563,197,93,1,81.1,0.0,81.1,2026-08-09T21:04:32.084359
564,197,51,3,1446.49,0.15,3688.55,2026-08-09T21:04:32.084359
565,198,36,3,97.84,0.05,278.84,2026-09-03T16:07:32.084387
566,199,4,2,1063.54,0.0,2127.08,2026-06-15T15:25:32.084403
567,199,40,1,693.12,0.0,693.12,2026-06-15T15:25:32.084403
568,199,103,1,298.36,0.0,298.36,2026-06-15T15:25:32.084403
569,200,83,1,1243.0,0.05,1180.85,2026-06-03T16:48:32.084428
570,200,116,2,615.12,0.0,1230.24,2026-06-03T16:48:32.084428
571,201,38,3,1155.34,0.1,3119.42,2026-07-06T04:00:32.084448
572,201,26,2,1615.36,0.0,3230.72,2026-07-06T04:00:32.084448
573,201,47,3,1270.2,0.0,3810.6,2026-07-06T04:00:32.084448
574,201,100,1,1296.05,0.15,1101.64,2026-07-06T04:00:32.084448
575,202,100,1,1296.05,0.0,1296.05,2026-09-08T22:54:32.084478
576,202,5,1,1081.58,0.0,1081.58,2026-09-08T22:54:32.084478
577,202,118,2,31.27,0.0,62.54,2026-09-08T22:54:32.084478
578,203,15,3,478.17,0.15,1219.33,2026-06-22T09:17:32.084503
579,203,61,2,1557.98,0.0,3115.96,2026-06-22T09:17:32.084503
580,203,50,1,935.89,0.1,842.3,2026-06-22T09:17:32.084503
581,203,94,1,115.87,0.0,115.87,2026-06-22T09:17:32.084503
582,204,88,1,775.06,0.15,658.8,2026-04-12T15:05:32.084534
583,204,36,1,97.84,0.0,97.84,2026-04-12T15:05:32.084534
584,204,84,2,358.51,0.0,717.02,2026-04-12T15:05:32.084534
585,204,63,1,1474.96,0.0,1474.96,2026-04-12T15:05:32.084534
586,204,102,2,61.75,0.0,123.5,2026-04-12T15:05:32.084534
587,205,74,1,377.0,0.0,377.0,2026-06-03T12:54:32.084567
588,205,19,1,1096.11,0.0,1096.11,2026-06-03T12:54:32.084567
589,205,78,3,219.47,0.0,658.41,2026-06-03T12:54:32.084567
590,205,52,2,92.69,0.15,157.57,2026-06-03T12:54:32.084567
591,205,73,1,721.9,0.0,721.9,2026-06-03T12:54:32.084567
592,206,116,1,615.12,0.0,615.12,2026-07-14T11:03:32.084600
593,206,82,3,1537.26,0.0,4611.78,2026-07-14T11:03:32.084600
594,206,53,3,1077.0,0.05,3069.45,2026-07-14T11:03:32.084600
595,206,41,3,1658.14,0.0,4974.42,2026-07-14T11:03:32.084600
596,207,47,1,1270.2,0.05,1206.69,2026-06-27T14:39:32.084631
597,207,80,2,596.68,0.05,1133.69,2026-06-27T14:39:32.084631
598,207,61,1,1557.98,0.15,1324.28,2026-06-27T14:39:32.084631
599,207,56,1,780.61,0.0,780.61,2026-06-27T14:39:32.084631
600,208,120,3,1388.53,0.0,4165.59,2026-05-15T04:21:32.084661
601,208,31,1,967.29,0.1,870.56,2026-05-15T04:21:32.084661
602,209,81,3,207.83,0.0,623.49,2026-09-11T15:02:32.084681
603,209,98,2,643.73,0.15,1094.34,2026-09-11T15:02:32.084681
604,209,47,3,1270.2,0.05,3620.07,2026-09-11T15:02:32.084681
605,209,68,3,270.06,0.0,810.18,2026-09-11T15:02:32.084681
606,210,58,3,936.72,0.0,2810.16,2026-05-04T00:50:32.084709
607,211,98,2,643.73,0.05,1223.09,2026-04-04T15:13:32.084728
608,211,35,3,1414.87,0.0,4244.61,2026-04-04T15:13:32.084728
609,211,90,3,1214.39,0.1,3278.85,2026-04-04T15:13:32.084728
610,211,111,2,340.18,0.1,612.32,2026-04-04T15:13:32.084728
611,211,40,1,693.12,0.0,693.12,2026-04-04T15:13:32.084728
612,212,37,1,591.14,0.15,502.47,2026-05-08T01:32:32.084764
613,212,99,2,575.39,0.0,1150.78,2026-05-08T01:32:32.084764
614,212,28,3,771.64,0.15,1967.68,2026-05-08T01:32:32.084764
615,213,60,1,824.84,0.15,701.11,2026-09-09T02:41:32.084790
616,214,97,2,1192.46,0.05,2265.67,2026-06-16T09:42:32.084805
617,214,15,3,478.17,0.0,1434.51,2026-06-16T09:42:32.084805
618,214,42,2,430.69,0.15,732.17,2026-06-16T09:42:32.084805
619,214,58,2,936.72,0.15,1592.42,2026-06-16T09:42:32.084805
620,215,72,1,856.16,0.1,770.54,2026-08-06T20:56:32.084833
621,215,77,2,360.14,0.1,648.25,2026-08-06T20:56:32.084833
622,215,97,2,1192.46,0.05,2265.67,2026-08-06T20:56:32.084833
623,216,87,1,1696.52,0.0,1696.52,2026-09-15T19:53:32.084856
624,217,40,1,693.12,0.1,623.81,2026-05-04T04:07:32.084871
625,217,65,3,1979.06,0.05,5640.32,2026-05-04T04:07:32.084871
626,218,114,2,48.79,0.0,97.58,2026-08-29T06:57:32.084894
627,218,54,1,1652.43,0.15,1404.57,2026-08-29T06:57:32.084894
628,218,7,2,341.85,0.05,649.51,2026-08-29T06:57:32.084894
629,218,104,2,1646.45,0.15,2798.97,2026-08-29T06:57:32.084894
630,218,65,3,1979.06,0.0,5937.18,2026-08-29T06:57:32.084894
631,219,30,3,539.5,0.0,1618.5,2026-07-21T00:11:32.084928
632,219,104,2,1646.45,0.0,3292.9,2026-07-21T00:11:32.084928
633,219,86,1,517.65,0.05,491.77,2026-07-21T00:11:32.084928
634,219,54,2,1652.43,0.05,3139.62,2026-07-21T00:11:32.084928
635,219,12,3,1208.52,0.05,3444.28,2026-07-21T00:11:32.084928
636,220,102,1,61.75,0.0,61.75,2026-04-09T12:59:32.084962
637,220,63,2,1474.96,0.05,2802.42,2026-04-09T12:59:32.084962
638,220,61,2,1557.98,0.0,3115.96,2026-04-09T12:59:32.084962
639,220,70,3,518.03,0.0,1554.09,2026-04-09T12:59:32.084962
640,221,81,2,207.83,0.05,394.88,2026-07-22T13:53:32.084990
641,221,49,1,342.66,0.0,342.66,2026-07-22T13:53:32.084990
642,221,113,1,453.18,0.0,453.18,2026-07-22T13:53:32.084990
643,222,68,3,270.06,0.0,810.18,2026-09-17T09:34:32.085016
644,222,10,2,858.14,0.0,1716.28,2026-09-17T09:34:32.085016
645,222,120,3,1388.53,0.15,3540.75,2026-09-17T09:34:32.085016
646,222,100,3,1296.05,0.05,3693.74,2026-09-17T09:34:32.085016
647,222,31,3,967.29,0.0,2901.87,2026-09-17T09:34:32.085016
648,223,77,1,360.14,0.1,324.13,2026-09-07T16:56:32.085052
649,223,2,2,439.91,0.1,791.84,2026-09-07T16:56:32.085052
650,224,58,2,936.72,0.0,1873.44,2026-08-29T02:41:32.085072
651,224,76,1,747.78,0.05,710.39,2026-08-29T02:41:32.085072
652,224,61,2,1557.98,0.1,2804.36,2026-08-29T02:41:32.085072
653,224,100,2,1296.05,0.0,2592.1,2026-08-29T02:41:32.085072
654,224,8,1,104.24,0.0,104.24,2026-08-29T02:41:32.085072
655,225,103,2,298.36,0.0,596.72,2026-07-28T19:24:32.085103
656,225,86,2,517.65,0.15,880.0,2026-07-28T19:24:32.085103
657,225,23,3,185.54,0.15,473.13,2026-07-28T19:24:32.085103
658,225,53,1,1077.0,0.15,915.45,2026-07-28T19:24:32.085103
659,226,42,1,430.69,0.05,409.16,2026-09-17T20:01:32.085133
660,227,106,1,79.66,0.05,75.68,2026-07-30T14:52:32.085149
661,227,65,3,1979.06,0.0,5937.18,2026-07-30T14:52:32.085149
662,227,32,1,1444.35,0.0,1444.35,2026-07-30T14:52:32.085149
663,227,10,1,858.14,0.1,772.33,2026-07-30T14:52:32.085149
664,228,35,2,1414.87,0.0,2829.74,2026-08-05T12:06:32.085176
665,228,99,3,575.39,0.0,1726.17,2026-08-05T12:06:32.085176
666,228,105,1,360.47,0.15,306.4,2026-08-05T12:06:32.085176
667,228,108,1,407.19,0.1,366.47,2026-08-05T12:06:32.085176
668,229,35,2,1414.87,0.15,2405.28,2026-05-24T09:53:32.085205
669,229,97,2,1192.46,0.0,2384.92,2026-05-24T09:53:32.085205
670,229,39,1,486.81,0.15,413.79,2026-05-24T09:53:32.085205
671,229,103,1,298.36,0.0,298.36,2026-05-24T09:53:32.085205
672,230,105,3,360.47,0.0,1081.41,2026-05-29T03:17:32.085236
673,230,25,1,257.25,0.15,218.66,2026-05-29T03:17:32.085236
674,230,46,1,25.75,0.05,24.46,2026-05-29T03:17:32.085236
675,230,40,1,693.12,0.0,693.12,2026-05-29T03:17:32.085236
676,230,48,2,733.85,0.0,1467.7,2026-05-29T03:17:32.085236
677,231,69,3,1640.23,0.0,4920.69,2026-07-08T05:24:32.085270
678,231,25,2,257.25,0.0,514.5,2026-07-08T05:24:32.085270
679,232,95,3,237.31,0.0,711.93,2026-06-10T10:03:32.085293
680,232,78,2,219.47,0.05,416.99,2026-06-10T10:03:32.085293
681,233,42,3,430.69,0.0,1292.07,2026-09-15T21:09:32.085313
682,233,45,1,610.17,0.0,610.17,2026-09-15T21:09:32.085313
683,233,88,2,775.06,0.0,1550.12,2026-09-15T21:09:32.085313
684,233,86,1,517.65,0.1,465.88,2026-09-15T21:09:32.085313
685,234,51,1,1446.49,0.0,1446.49,2026-07-06T11:28:32.085346
686,235,71,2,684.07,0.0,1368.14,2026-07-06T11:54:32.085362
687,235,38,1,1155.34,0.0,1155.34,2026-07-06T11:54:32.085362
688,235,49,1,342.66,0.15,291.26,2026-07-06T11:54:32.085362
689,235,108,3,407.19,0.05,1160.49,2026-07-06T11:54:32.085362
690,236,6,1,1554.13,0.05,1476.42,2026-05-02T09:15:32.085391
691,236,7,3,341.85,0.15,871.72,2026-05-02T09:15:32.085391
692,236,76,1,747.78,0.05,710.39,2026-05-02T09:15:32.085391
693,236,86,3,517.65,0.0,1552.95,2026-05-02T09:15:32.085391
694,237,97,2,1192.46,0.0,2384.92,2026-06-16T13:23:32.085419
695,237,15,3,478.17,0.05,1362.78,2026-06-16T13:23:32.085419
696,238,25,2,257.25,0.0,514.5,2026-08-13T04:59:32.085439
697,239,83,1,1243.0,0.1,1118.7,2026-05-05T09:45:32.085454
698,239,79,2,219.09,0.0,438.18,2026-05-05T09:45:32.085454
699,240,37,3,591.14,0.1,1596.08,2026-08-01T03:40:32.085474
700,240,106,1,79.66,0.0,79.66,2026-08-01T03:40:32.085474
701,241,15,1,478.17,0.0,478.17,2026-08-24T11:34:32.085495
702,241,109,2,1094.28,0.0,2188.56,2026-08-24T11:34:32.085495
703,242,20,1,1533.75,0.0,1533.75,2026-06-11T17:32:32.085515
704,242,14,3,287.84,0.1,777.17,2026-06-11T17:32:32.085515
705,242,97,3,1192.46,0.0,3577.38,2026-06-11T17:32:32.085515
706,242,86,1,517.65,0.0,517.65,2026-06-11T17:32:32.085515
707,242,34,3,1474.08,0.0,4422.24,2026-06-11T17:32:32.085515
708,243,14,2,287.84,0.1,518.11,2026-09-10T06:26:32.085548
709,243,118,1,31.27,0.0,31.27,2026-09-10T06:26:32.085548
710,243,111,2,340.18,0.05,646.34,2026-09-10T06:26:32.085548
711,244,99,1,575.39,0.0,575.39,2026-06-08T12:00:32.085572
712,244,27,1,271.84,0.0,271.84,2026-06-08T12:00:32.085572
713,244,25,3,257.25,0.0,771.75,2026-06-08T12:00:32.085572
714,244,117,3,1381.28,0.0,4143.84,2026-06-08T12:00:32.085572
715,244,51,1,1446.49,0.05,1374.17,2026-06-08T12:00:32.085572
716,245,93,2,81.1,0.05,154.09,2026-05-15T20:16:32.085606
717,245,12,1,1208.52,0.15,1027.24,2026-05-15T20:16:32.085606
718,245,31,3,967.29,0.0,2901.87,2026-05-15T20:16:32.085606
719,245,92,3,551.27,0.0,1653.81,2026-05-15T20:16:32.085606
720,245,8,2,104.24,0.15,177.21,2026-05-15T20:16:32.085606
721,246,115,1,213.29,0.05,202.63,2026-05-16T08:49:32.085638
722,246,117,2,1381.28,0.15,2348.18,2026-05-16T08:49:32.085638
723,246,100,3,1296.05,0.0,3888.15,2026-05-16T08:49:32.085638
724,246,87,3,1696.52,0.1,4580.6,2026-05-16T08:49:32.085638
725,247,37,3,591.14,0.05,1684.75,2026-04-05T16:58:32.085667
726,247,31,3,967.29,0.0,2901.87,2026-04-05T16:58:32.085667
727,248,116,2,615.12,0.05,1168.73,2026-05-16T18:07:32.085688
728,248,92,2,551.27,0.0,1102.54,2026-05-16T18:07:32.085688
729,248,100,1,1296.05,0.15,1101.64,2026-05-16T18:07:32.085688
730,248,114,3,48.79,0.0,146.37,2026-05-16T18:07:32.085688
731,249,72,1,856.16,0.05,813.35,2026-04-20T23:15:32.085720
732,249,89,2,493.15,0.05,936.98,2026-04-20T23:15:32.085720
733,249,4,3,1063.54,0.0,3190.62,2026-04-20T23:15:32.085720
734,250,58,1,936.72,0.0,936.72,2026-08-14T02:31:32.085744
735,250,69,2,1640.23,0.0,3280.46,2026-08-14T02:31:32.085744
736,250,91,2,1357.23,0.0,2714.46,2026-08-14T02:31:32.085744
737,251,34,3,1474.08,0.15,3758.9,2026-05-29T23:23:32.085768
738,252,53,1,1077.0,0.0,1077.0,2026-06-16T07:41:32.085784
739,252,27,3,271.84,0.05,774.74,2026-06-16T07:41:32.085784
740,253,58,1,936.72,0.0,936.72,2026-05-16T02:09:32.085807
741,253,78,1,219.47,0.0,219.47,2026-05-16T02:09:32.085807
742,254,81,3,207.83,0.1,561.14,2026-07-19T22:29:32.085828
743,255,76,3,747.78,0.0,2243.34,2026-06-16T08:06:32.085845
744,256,118,2,31.27,0.0,62.54,2026-07-14T03:42:32.085863
745,256,99,3,575.39,0.0,1726.17,2026-07-14T03:42:32.085863
746,256,10,1,858.14,0.15,729.42,2026-07-14T03:42:32.085863
747,256,95,1,237.31,0.1,213.58,2026-07-14T03:42:32.085863
748,256,73,2,721.9,0.05,1371.61,2026-07-14T03:42:32.085863
749,257,48,2,733.85,0.0,1467.7,2026-05-12T08:19:32.085897
750,258,28,2,771.64,0.15,1311.79,2026-07-13T08:53:32.085913
751,258,108,1,407.19,0.0,407.19,2026-07-13T08:53:32.085913
752,258,87,3,1696.52,0.0,5089.56,2026-07-13T08:53:32.085913
753,258,94,2,115.87,0.1,208.57,2026-07-13T08:53:32.085913
754,259,101,1,1089.31,0.1,980.38,2026-04-07T10:14:32.085941
755,259,42,2,430.69,0.0,861.38,2026-04-07T10:14:32.085941
756,259,48,3,733.85,0.0,2201.55,2026-04-07T10:14:32.085941
757,260,107,3,1503.69,0.0,4511.07,2026-08-16T06:32:32.085965
758,260,77,1,360.14,0.1,324.13,2026-08-16T06:32:32.085965
759,260,27,2,271.84,0.05,516.5,2026-08-16T06:32:32.085965
760,261,31,2,967.29,0.0,1934.58,2026-06-19T14:54:32.085991
761,261,91,3,1357.23,0.0,4071.69,2026-06-19T14:54:32.085991
762,261,48,2,733.85,0.05,1394.32,2026-06-19T14:54:32.085991
763,261,65,2,1979.06,0.05,3760.21,2026-06-19T14:54:32.085991
764,262,60,1,824.84,0.0,824.84,2026-05-23T04:58:32.086021
765,262,93,2,81.1,0.1,145.98,2026-05-23T04:58:32.086021
766,262,26,2,1615.36,0.15,2746.11,2026-05-23T04:58:32.086021
767,262,114,3,48.79,0.15,124.41,2026-05-23T04:58:32.086021
768,262,47,2,1270.2,0.0,2540.4,2026-05-23T04:58:32.086021
769,263,40,2,693.12,0.0,1386.24,2026-06-12T01:20:32.086057
770,264,53,1,1077.0,0.1,969.3,2026-05-06T14:29:32.086073
771,264,40,3,693.12,0.05,1975.39,2026-05-06T14:29:32.086073
772,264,38,3,1155.34,0.0,3466.02,2026-05-06T14:29:32.086073
773,264,12,2,1208.52,0.0,2417.04,2026-05-06T14:29:32.086073
774,264,81,3,207.83,0.0,623.49,2026-05-06T14:29:32.086073
775,265,116,2,615.12,0.05,1168.73,2026-04-10T13:21:32.086107
776,265,108,2,407.19,0.0,814.38,2026-04-10T13:21:32.086107
777,265,50,1,935.89,0.15,795.51,2026-04-10T13:21:32.086107
778,265,59,1,1201.61,0.1,1081.45,2026-04-10T13:21:32.086107
779,266,50,1,935.89,0.05,889.1,2026-05-09T23:23:32.086136
780,266,100,1,1296.05,0.1,1166.44,2026-05-09T23:23:32.086136
781,267,34,3,1474.08,0.0,4422.24,2026-04-26T15:50:32.086157
782,267,84,1,358.51,0.0,358.51,2026-04-26T15:50:32.086157
783,267,106,3,79.66,0.0,238.98,2026-04-26T15:50:32.086157
784,267,42,3,430.69,0.0,1292.07,2026-04-26T15:50:32.086157
785,268,94,3,115.87,0.05,330.23,2026-07-10T11:18:32.086185
786,268,103,3,298.36,0.0,895.08,2026-07-10T11:18:32.086185
787,269,34,3,1474.08,0.1,3980.02,2026-09-02T17:27:32.086205
788,269,35,1,1414.87,0.0,1414.87,2026-09-02T17:27:32.086205
789,269,46,1,25.75,0.15,21.89,2026-09-02T17:27:32.086205
790,269,17,3,1226.38,0.0,3679.14,2026-09-02T17:27:32.086205
791,269,53,1,1077.0,0.0,1077.0,2026-09-02T17:27:32.086205
792,270,74,3,377.0,0.1,1017.9,2026-09-19T22:25:32.086243
793,270,10,3,858.14,0.0,2574.42,2026-09-19T22:25:32.086243
794,270,66,1,116.43,0.1,104.79,2026-09-19T22:25:32.086243
795,271,49,1,342.66,0.0,342.66,2026-05-24T09:35:32.086268
796,271,78,3,219.47,0.0,658.41,2026-05-24T09:35:32.086268
797,271,83,2,1243.0,0.1,2237.4,2026-05-24T09:35:32.086268
798,272,41,2,1658.14,0.15,2818.84,2026-09-13T05:16:32.086292
799,272,62,1,1109.18,0.1,998.26,2026-09-13T05:16:32.086292
800,272,54,1,1652.43,0.05,1569.81,2026-09-13T05:16:32.086292
801,272,12,2,1208.52,0.1,2175.34,2026-09-13T05:16:32.086292
802,272,92,3,551.27,0.05,1571.12,2026-09-13T05:16:32.086292
803,273,13,3,2066.14,0.0,6198.42,2026-04-03T11:14:32.086325
804,273,94,2,115.87,0.05,220.15,2026-04-03T11:14:32.086325
805,273,71,3,684.07,0.15,1744.38,2026-04-03T11:14:32.086325
806,274,59,1,1201.61,0.0,1201.61,2026-05-27T06:44:32.086351
807,275,114,3,48.79,0.0,146.37,2026-08-02T10:18:32.086367
808,275,31,2,967.29,0.0,1934.58,2026-08-02T10:18:32.086367
809,275,116,3,615.12,0.15,1568.56,2026-08-02T10:18:32.086367
810,275,103,2,298.36,0.15,507.21,2026-08-02T10:18:32.086367
811,276,52,1,92.69,0.05,88.06,2026-09-14T13:19:32.086394
812,277,52,2,92.69,0.0,185.38,2026-04-08T13:18:32.086410
813,277,92,1,551.27,0.0,551.27,2026-04-08T13:18:32.086410
814,277,26,3,1615.36,0.0,4846.08,2026-04-08T13:18:32.086410
815,277,83,3,1243.0,0.0,3729.0,2026-04-08T13:18:32.086410
816,277,47,2,1270.2,0.0,2540.4,2026-04-08T13:18:32.086410
817,278,114,1,48.79,0.0,48.79,2026-05-27T09:44:32.086441
818,278,70,2,518.03,0.05,984.26,2026-05-27T09:44:32.086441
819,278,72,1,856.16,0.0,856.16,2026-05-27T09:44:32.086441
820,279,39,1,486.81,0.15,413.79,2026-04-29T04:33:32.086469
821,279,97,2,1192.46,0.1,2146.43,2026-04-29T04:33:32.086469
822,279,4,2,1063.54,0.15,1808.02,2026-04-29T04:33:32.086469
823,280,3,1,540.29,0.15,459.25,2026-06-14T07:14:32.086493
824,280,19,3,1096.11,0.1,2959.5,2026-06-14T07:14:32.086493
825,281,32,3,1444.35,0.1,3899.74,2026-09-13T12:13:32.086513
826,282,113,1,453.18,0.0,453.18,2026-09-02T02:44:32.086532
827,282,93,2,81.1,0.05,154.09,2026-09-02T02:44:32.086532
828,282,32,1,1444.35,0.0,1444.35,2026-09-02T02:44:32.086532
829,282,2,3,439.91,0.0,1319.73,2026-09-02T02:44:32.086532
830,283,83,3,1243.0,0.15,3169.65,2026-07-30T22:36:32.086560
831,284,89,3,493.15,0.05,1405.48,2026-05-23T07:40:32.086580
832,284,23,1,185.54,0.15,157.71,2026-05-23T07:40:32.086580
833,284,20,1,1533.75,0.0,1533.75,2026-05-23T07:40:32.086580
834,284,73,1,721.9,0.05,685.8,2026-05-23T07:40:32.086580
835,285,31,1,967.29,0.0,967.29,2026-07-24T16:18:32.086613
836,286,93,1,81.1,0.05,77.04,2026-09-08T00:50:32.086630
837,286,84,1,358.51,0.05,340.58,2026-09-08T00:50:32.086630
838,286,60,1,824.84,0.15,701.11,2026-09-08T00:50:32.086630
839,286,40,1,693.12,0.0,693.12,2026-09-08T00:50:32.086630
840,286,7,1,341.85,0.1,307.67,2026-09-08T00:50:32.086630
841,287,13,1,2066.14,0.1,1859.53,2026-04-15T20:45:32.086665
842,288,97,3,1192.46,0.1,3219.64,2026-08-29T20:30:32.086681
843,289,29,3,205.02,0.05,584.31,2026-05-26T00:23:32.086696
844,290,90,1,1214.39,0.1,1092.95,2026-08-19T14:24:32.086712
845,291,15,2,478.17,0.0,956.34,2026-06-21T15:59:32.086731
846,292,2,1,439.91,0.0,439.91,2026-07-03T03:56:32.086747
847,292,14,1,287.84,0.15,244.66,2026-07-03T03:56:32.086747
848,293,90,3,1214.39,0.0,3643.17,2026-04-20T06:32:32.086767
849,293,84,1,358.51,0.0,358.51,2026-04-20T06:32:32.086767
850,293,95,3,237.31,0.15,605.14,2026-04-20T06:32:32.086767
851,293,32,1,1444.35,0.15,1227.7,2026-04-20T06:32:32.086767
852,294,44,2,1108.44,0.0,2216.88,2026-08-16T23:14:32.086794
853,294,65,2,1979.06,0.0,3958.12,2026-08-16T23:14:32.086794
854,294,39,2,486.81,0.05,924.94,2026-08-16T23:14:32.086794
855,294,103,1,298.36,0.0,298.36,2026-08-16T23:14:32.086794
856,294,22,2,46.79,0.0,93.58,2026-08-16T23:14:32.086794
857,295,117,2,1381.28,0.1,2486.3,2026-04-05T16:06:32.086826
858,295,38,1,1155.34,0.0,1155.34,2026-04-05T16:06:32.086826
859,295,3,1,540.29,0.1,486.26,2026-04-05T16:06:32.086826
860,296,79,1,219.09,0.0,219.09,2026-06-21T03:05:32.086853
861,297,79,1,219.09,0.05,208.14,2026-07-01T23:25:32.086870
862,298,77,1,360.14,0.15,306.12,2026-07-27T21:02:32.086888
863,298,101,1,1089.31,0.0,1089.31,2026-07-27T21:02:32.086888
864,298,114,2,48.79,0.0,97.58,2026-07-27T21:02:32.086888
865,298,92,3,551.27,0.0,1653.81,2026-07-27T21:02:32.086888
866,299,109,2,1094.28,0.0,2188.56,2026-08-21T07:26:32.086916
867,299,58,1,936.72,0.0,936.72,2026-08-21T07:26:32.086916
868,299,38,3,1155.34,0.0,3466.02,2026-08-21T07:26:32.086916
869,300,88,1,775.06,0.15,658.8,2026-07-15T17:24:32.086941
870,301,53,1,1077.0,0.0,1077.0,2026-07-05T11:01:32.086956
871,302,28,2,771.64,0.05,1466.12,2026-08-22T13:34:32.086974
872,302,17,3,1226.38,0.15,3127.27,2026-08-22T13:34:32.086974
873,302,39,1,486.81,0.05,462.47,2026-08-22T13:34:32.086974
874,302,45,3,610.17,0.0,1830.51,2026-08-22T13:34:32.086974
875,303,115,2,213.29,0.15,362.59,2026-05-26T02:45:32.087005
876,303,35,2,1414.87,0.0,2829.74,2026-05-26T02:45:32.087005
877,303,18,3,390.89,0.0,1172.67,2026-05-26T02:45:32.087005
878,303,32,1,1444.35,0.0,1444.35,2026-05-26T02:45:32.087005
879,304,29,2,205.02,0.0,410.04,2026-08-29T07:15:32.087033
880,304,7,1,341.85,0.05,324.76,2026-08-29T07:15:32.087033
881,304,23,2,185.54,0.15,315.42,2026-08-29T07:15:32.087033
882,305,3,2,540.29,0.0,1080.58,2026-04-27T18:51:32.087061
883,305,41,3,1658.14,0.15,4228.26,2026-04-27T18:51:32.087061
884,305,21,1,579.0,0.0,579.0,2026-04-27T18:51:32.087061
885,306,116,2,615.12,0.05,1168.73,2026-07-18T01:42:32.087085
886,306,27,1,271.84,0.0,271.84,2026-07-18T01:42:32.087085
887,307,94,2,115.87,0.0,231.74,2026-08-02T05:17:32.087107
888,307,70,1,518.03,0.0,518.03,2026-08-02T05:17:32.087107
889,308,65,3,1979.06,0.15,5046.6,2026-06-16T01:50:32.087128
890,308,72,2,856.16,0.0,1712.32,2026-06-16T01:50:32.087128
891,308,19,2,1096.11,0.0,2192.22,2026-06-16T01:50:32.087128
892,308,68,2,270.06,0.05,513.11,2026-06-16T01:50:32.087128
893,309,30,1,539.5,0.0,539.5,2026-08-07T05:38:32.087155
894,310,76,1,747.78,0.05,710.39,2026-05-29T21:50:32.087172
895,311,63,3,1474.96,0.0,4424.88,2026-07-26T18:26:32.087187
896,312,14,2,287.84,0.0,575.68,2026-05-10T07:33:32.087202
897,313,17,3,1226.38,0.0,3679.14,2026-05-25T13:57:32.087218
898,313,32,1,1444.35,0.0,1444.35,2026-05-25T13:57:32.087218
899,313,42,3,430.69,0.05,1227.47,2026-05-25T13:57:32.087218
900,314,100,3,1296.05,0.0,3888.15,2026-07-17T07:33:32.087243
901,314,107,2,1503.69,0.15,2556.27,2026-07-17T07:33:32.087243
902,314,6,3,1554.13,0.0,4662.39,2026-07-17T07:33:32.087243
903,314,79,3,219.09,0.0,657.27,2026-07-17T07:33:32.087243
904,315,102,1,61.75,0.1,55.58,2026-06-13T02:18:32.087271
905,315,36,2,97.84,0.15,166.33,2026-06-13T02:18:32.087271
906,316,22,2,46.79,0.1,84.22,2026-05-28T06:11:32.087292
907,316,30,1,539.5,0.0,539.5,2026-05-28T06:11:32.087292
908,316,45,2,610.17,0.0,1220.34,2026-05-28T06:11:32.087292
909,316,108,3,407.19,0.0,1221.57,2026-05-28T06:11:32.087292
910,317,76,3,747.78,0.0,2243.34,2026-06-19T21:51:32.087319
911,317,108,3,407.19,0.0,1221.57,2026-06-19T21:51:32.087319
912,317,72,1,856.16,0.05,813.35,2026-06-19T21:51:32.087319
913,318,60,1,824.84,0.0,824.84,2026-07-02T22:48:32.087343
914,319,37,1,591.14,0.0,591.14,2026-04-01T15:04:32.087361
915,319,120,3,1388.53,0.0,4165.59,2026-04-01T15:04:32.087361
916,320,40,3,693.12,0.0,2079.36,2026-05-26T21:30:32.087383
917,320,37,2,591.14,0.05,1123.17,2026-05-26T21:30:32.087383
918,321,27,1,271.84,0.05,258.25,2026-08-15T20:57:32.087403
919,322,83,1,1243.0,0.15,1056.55,2026-08-30T18:13:32.087419
920,322,97,2,1192.46,0.15,2027.18,2026-08-30T18:13:32.087419
921,322,35,2,1414.87,0.0,2829.74,2026-08-30T18:13:32.087419
922,323,109,2,1094.28,0.0,2188.56,2026-06-01T10:04:32.087443
923,323,28,3,771.64,0.05,2199.17,2026-06-01T10:04:32.087443
924,323,22,2,46.79,0.15,79.54,2026-06-01T10:04:32.087443
925,324,73,3,721.9,0.1,1949.13,2026-03-23T20:28:32.087470
926,324,97,3,1192.46,0.0,3577.38,2026-03-23T20:28:32.087470
927,325,39,2,486.81,0.15,827.58,2026-05-09T19:53:32.087489
928,325,84,1,358.51,0.05,340.58,2026-05-09T19:53:32.087489
929,325,55,2,467.36,0.1,841.25,2026-05-09T19:53:32.087489
930,325,29,2,205.02,0.15,348.53,2026-05-09T19:53:32.087489
931,325,101,1,1089.31,0.15,925.91,2026-05-09T19:53:32.087489
932,326,117,2,1381.28,0.0,2762.56,2026-09-05T17:22:32.087524
933,326,3,3,540.29,0.15,1377.74,2026-09-05T17:22:32.087524
934,326,65,3,1979.06,0.0,5937.18,2026-09-05T17:22:32.087524
935,327,60,2,824.84,0.15,1402.23,2026-06-29T05:38:32.087548
936,327,59,3,1201.61,0.0,3604.83,2026-06-29T05:38:32.087548
937,327,22,2,46.79,0.15,79.54,2026-06-29T05:38:32.087548
938,327,108,2,407.19,0.0,814.38,2026-06-29T05:38:32.087548
939,327,36,1,97.84,0.0,97.84,2026-06-29T05:38:32.087548
940,328,90,2,1214.39,0.1,2185.9,2026-07-27T04:58:32.087580
941,328,61,2,1557.98,0.0,3115.96,2026-07-27T04:58:32.087580
942,328,94,3,115.87,0.1,312.85,2026-07-27T04:58:32.087580
943,328,13,2,2066.14,0.0,4132.28,2026-07-27T04:58:32.087580
944,329,58,1,936.72,0.15,796.21,2026-06-01T02:54:32.087612
945,329,54,2,1652.43,0.1,2974.37,2026-06-01T02:54:32.087612
946,330,113,2,453.18,0.0,906.36,2026-07-29T16:50:32.087634
947,330,45,1,610.17,0.1,549.15,2026-07-29T16:50:32.087634
948,330,95,2,237.31,0.15,403.43,2026-07-29T16:50:32.087634
949,331,41,1,1658.14,0.0,1658.14,2026-04-23T11:53:32.087658
950,331,5,3,1081.58,0.0,3244.74,2026-04-23T11:53:32.087658
951,331,12,1,1208.52,0.0,1208.52,2026-04-23T11:53:32.087658
952,331,117,1,1381.28,0.0,1381.28,2026-04-23T11:53:32.087658
953,331,2,2,439.91,0.15,747.85,2026-04-23T11:53:32.087658
954,332,31,1,967.29,0.05,918.93,2026-07-22T13:04:32.087690
955,333,108,1,407.19,0.0,407.19,2026-09-01T20:43:32.087708
956,333,71,2,684.07,0.0,1368.14,2026-09-01T20:43:32.087708
957,333,40,2,693.12,0.0,1386.24,2026-09-01T20:43:32.087708
958,333,49,1,342.66,0.1,308.39,2026-09-01T20:43:32.087708
959,334,72,1,856.16,0.0,856.16,2026-03-26T04:57:32.087739
960,334,23,3,185.54,0.05,528.79,2026-03-26T04:57:32.087739
961,334,30,2,539.5,0.0,1079.0,2026-03-26T04:57:32.087739
962,334,89,3,493.15,0.0,1479.45,2026-03-26T04:57:32.087739
963,334,82,1,1537.26,0.0,1537.26,2026-03-26T04:57:32.087739
964,335,116,2,615.12,0.05,1168.73,2026-09-01T21:59:32.087773
965,335,103,1,298.36,0.1,268.52,2026-09-01T21:59:32.087773
966,336,30,3,539.5,0.0,1618.5,2026-04-03T21:29:32.087794
967,337,79,1,219.09,0.15,186.23,2026-04-10T22:50:32.087810
968,337,49,1,342.66,0.0,342.66,2026-04-10T22:50:32.087810
969,337,105,3,360.47,0.0,1081.41,2026-04-10T22:50:32.087810
970,337,10,1,858.14,0.15,729.42,2026-04-10T22:50:32.087810
971,337,5,3,1081.58,0.15,2758.03,2026-04-10T22:50:32.087810
972,338,97,1,1192.46,0.0,1192.46,2026-04-16T06:08:32.087840
973,338,40,1,693.12,0.05,658.46,2026-04-16T06:08:32.087840
974,338,21,2,579.0,0.15,984.3,2026-04-16T06:08:32.087840
975,339,77,1,360.14,0.1,324.13,2026-03-29T14:15:32.087872
976,339,105,2,360.47,0.0,720.94,2026-03-29T14:15:32.087872
977,339,46,2,25.75,0.0,51.5,2026-03-29T14:15:32.087872
978,340,5,3,1081.58,0.15,2758.03,2026-05-12T05:56:32.087898
979,340,31,3,967.29,0.0,2901.87,2026-05-12T05:56:32.087898
980,340,48,3,733.85,0.15,1871.32,2026-05-12T05:56:32.087898
981,340,20,2,1533.75,0.1,2760.75,2026-05-12T05:56:32.087898
982,341,71,3,684.07,0.1,1846.99,2026-09-01T09:23:32.087926
983,341,12,1,1208.52,0.05,1148.09,2026-09-01T09:23:32.087926
984,341,39,2,486.81,0.05,924.94,2026-09-01T09:23:32.087926
985,341,117,3,1381.28,0.05,3936.65,2026-09-01T09:23:32.087926
986,342,8,3,104.24,0.0,312.72,2026-03-24T01:31:32.087954
987,342,18,1,390.89,0.0,390.89,2026-03-24T01:31:32.087954
988,342,113,3,453.18,0.0,1359.54,2026-03-24T01:31:32.087954
989,342,68,1,270.06,0.05,256.56,2026-03-24T01:31:32.087954
990,342,15,3,478.17,0.1,1291.06,2026-03-24T01:31:32.087954
991,343,14,3,287.84,0.15,733.99,2026-07-05T16:01:32.087988
992,343,23,1,185.54,0.0,185.54,2026-07-05T16:01:32.087988
993,343,58,2,936.72,0.15,1592.42,2026-07-05T16:01:32.087988
994,343,102,1,61.75,0.1,55.58,2026-07-05T16:01:32.087988
995,343,17,1,1226.38,0.15,1042.42,2026-07-05T16:01:32.087988
996,344,37,2,591.14,0.05,1123.17,2026-07-02T07:13:32.088021
997,344,28,3,771.64,0.0,2314.92,2026-07-02T07:13:32.088021
998,345,40,3,693.12,0.15,1767.46,2026-08-20T05:36:32.088040
999,346,58,1,936.72,0.15,796.21,2026-06-13T21:51:32.088056
1000,346,104,1,1646.45,0.05,1564.13,2026-06-13T21:51:32.088056
1001,346,31,1,967.29,0.1,870.56,2026-06-13T21:51:32.088056
1002,346,106,2,79.66,0.0,159.32,2026-06-13T21:51:32.088056
1003,347,28,2,771.64,0.15,1311.79,2026-07-16T20:35:32.088084
1004,347,106,1,79.66,0.15,67.71,2026-07-16T20:35:32.088084
1005,347,108,2,407.19,0.0,814.38,2026-07-16T20:35:32.088084
1006,348,89,2,493.15,0.0,986.3,2026-09-20T05:29:32.088109
1007,348,7,2,341.85,0.0,683.7,2026-09-20T05:29:32.088109
1008,348,6,2,1554.13,0.0,3108.26,2026-09-20T05:29:32.088109
1009,349,36,1,97.84,0.15,83.16,2026-04-15T01:40:32.088134
1010,350,109,2,1094.28,0.0,2188.56,2026-04-10T18:17:32.088150
1011,350,25,3,257.25,0.15,655.99,2026-04-10T18:17:32.088150
1012,351,80,2,596.68,0.15,1014.36,2026-06-14T23:12:32.088171
1013,351,104,1,1646.45,0.0,1646.45,2026-06-14T23:12:32.088171
1014,352,68,3,270.06,0.0,810.18,2026-08-07T02:09:32.088190
1015,352,50,3,935.89,0.0,2807.67,2026-08-07T02:09:32.088190
1016,352,70,2,518.03,0.0,1036.06,2026-08-07T02:09:32.088190
1017,352,115,1,213.29,0.0,213.29,2026-08-07T02:09:32.088190
1018,352,69,1,1640.23,0.0,1640.23,2026-08-07T02:09:32.088190
1019,353,12,2,1208.52,0.15,2054.48,2026-09-14T12:51:32.088225
1020,353,73,2,721.9,0.0,1443.8,2026-09-14T12:51:32.088225
1021,353,107,2,1503.69,0.05,2857.01,2026-09-14T12:51:32.088225
1022,353,8,2,104.24,0.15,177.21,2026-09-14T12:51:32.088225
1023,353,31,3,967.29,0.1,2611.68,2026-09-14T12:51:32.088225
1024,354,18,2,390.89,0.05,742.69,2026-07-01T01:19:32.088259
1025,354,88,2,775.06,0.0,1550.12,2026-07-01T01:19:32.088259
1026,354,87,3,1696.52,0.0,5089.56,2026-07-01T01:19:32.088259
1027,354,77,1,360.14,0.0,360.14,2026-07-01T01:19:32.088259
1028,354,12,2,1208.52,0.1,2175.34,2026-07-01T01:19:32.088259
1029,355,87,3,1696.52,0.0,5089.56,2026-04-04T14:10:32.088291
1030,355,83,2,1243.0,0.0,2486.0,2026-04-04T14:10:32.088291
1031,355,63,1,1474.96,0.1,1327.46,2026-04-04T14:10:32.088291
1032,355,5,2,1081.58,0.1,1946.84,2026-04-04T14:10:32.088291
1033,356,53,2,1077.0,0.0,2154.0,2026-06-21T09:51:32.088319
1034,356,107,2,1503.69,0.15,2556.27,2026-06-21T09:51:32.088319
1035,357,76,2,747.78,0.1,1346.0,2026-08-31T23:53:32.088341
1036,357,106,3,79.66,0.0,238.98,2026-08-31T23:53:32.088341
1037,357,29,3,205.02,0.0,615.06,2026-08-31T23:53:32.088341
1038,358,95,3,237.31,0.0,711.93,2026-06-15T19:08:32.088367
1039,359,4,2,1063.54,0.0,2127.08,2026-04-28T02:02:32.088383
1040,359,74,3,377.0,0.0,1131.0,2026-04-28T02:02:32.088383
1041,359,104,1,1646.45,0.0,1646.45,2026-04-28T02:02:32.088383
1042,359,34,3,1474.08,0.05,4201.13,2026-04-28T02:02:32.088383
1043,359,76,1,747.78,0.05,710.39,2026-04-28T02:02:32.088383
1044,360,61,3,1557.98,0.15,3972.85,2026-04-18T14:49:32.088415
1045,360,34,2,1474.08,0.0,2948.16,2026-04-18T14:49:32.088415
1046,361,39,1,486.81,0.1,438.13,2026-09-19T02:08:32.088435
1047,361,36,1,97.84,0.0,97.84,2026-09-19T02:08:32.088435
1048,361,77,3,360.14,0.15,918.36,2026-09-19T02:08:32.088435
1049,361,120,3,1388.53,0.0,4165.59,2026-09-19T02:08:32.088435
1050,361,28,3,771.64,0.05,2199.17,2026-09-19T02:08:32.088435
1051,362,8,1,104.24,0.1,93.82,2026-04-20T14:52:32.088469
1052,362,72,3,856.16,0.05,2440.06,2026-04-20T14:52:32.088469
1053,362,2,1,439.91,0.0,439.91,2026-04-20T14:52:32.088469
1054,362,65,2,1979.06,0.0,3958.12,2026-04-20T14:52:32.088469
1055,362,15,3,478.17,0.0,1434.51,2026-04-20T14:52:32.088469
1056,363,26,2,1615.36,0.1,2907.65,2026-06-25T23:16:32.088502
1057,363,60,2,824.84,0.0,1649.68,2026-06-25T23:16:32.088502
1058,364,30,2,539.5,0.0,1079.0,2026-08-09T16:52:32.088521
1059,364,87,3,1696.52,0.0,5089.56,2026-08-09T16:52:32.088521
1060,365,42,2,430.69,0.1,775.24,2026-06-05T21:12:32.088540
1061,365,70,3,518.03,0.0,1554.09,2026-06-05T21:12:32.088540
1062,365,77,3,360.14,0.0,1080.42,2026-06-05T21:12:32.088540
1063,365,31,1,967.29,0.0,967.29,2026-06-05T21:12:32.088540
1064,366,106,2,79.66,0.15,135.42,2026-03-25T01:01:32.088578
1065,366,62,3,1109.18,0.05,3161.16,2026-03-25T01:01:32.088578
1066,366,49,3,342.66,0.0,1027.98,2026-03-25T01:01:32.088578
1067,367,76,3,747.78,0.05,2131.17,2026-04-26T20:05:32.088602
1068,367,92,2,551.27,0.1,992.29,2026-04-26T20:05:32.088602
1069,367,104,2,1646.45,0.0,3292.9,2026-04-26T20:05:32.088602
1070,368,99,2,575.39,0.1,1035.7,2026-04-05T15:18:32.088627
1071,368,59,3,1201.61,0.15,3064.11,2026-04-05T15:18:32.088627
1072,368,116,1,615.12,0.0,615.12,2026-04-05T15:18:32.088627
1073,369,19,1,1096.11,0.1,986.5,2026-08-10T19:30:32.088653
1074,369,22,2,46.79,0.05,88.9,2026-08-10T19:30:32.088653
1075,369,117,2,1381.28,0.05,2624.43,2026-08-10T19:30:32.088653
1076,370,79,1,219.09,0.0,219.09,2026-06-18T20:08:32.088676
1077,370,116,2,615.12,0.05,1168.73,2026-06-18T20:08:32.088676
1078,370,48,3,733.85,0.1,1981.4,2026-06-18T20:08:32.088676
1079,370,93,3,81.1,0.0,243.3,2026-06-18T20:08:32.088676
1080,370,71,1,684.07,0.0,684.07,2026-06-18T20:08:32.088676
1081,371,49,2,342.66,0.0,685.32,2026-06-13T10:42:32.088710
1082,371,43,3,187.62,0.05,534.72,2026-06-13T10:42:32.088710
1083,371,120,1,1388.53,0.0,1388.53,2026-06-13T10:42:32.088710
1084,372,36,2,97.84,0.0,195.68,2026-07-29T11:18:32.088733
1085,372,35,1,1414.87,0.15,1202.64,2026-07-29T11:18:32.088733
1086,372,10,3,858.14,0.0,2574.42,2026-07-29T11:18:32.088733
1087,373,30,3,539.5,0.05,1537.57,2026-08-14T19:30:32.088757
1088,373,7,2,341.85,0.0,683.7,2026-08-14T19:30:32.088757
1089,373,108,3,407.19,0.15,1038.33,2026-08-14T19:30:32.088757
1090,373,73,1,721.9,0.1,649.71,2026-08-14T19:30:32.088757
1091,374,6,1,1554.13,0.0,1554.13,2026-07-05T12:00:32.088785
1092,375,18,1,390.89,0.1,351.8,2026-03-26T16:55:32.088801
1093,375,29,2,205.02,0.15,348.53,2026-03-26T16:55:32.088801
1094,376,60,2,824.84,0.0,1649.68,2026-08-01T01:58:32.088821
1095,376,39,3,486.81,0.15,1241.37,2026-08-01T01:58:32.088821
1096,376,66,1,116.43,0.0,116.43,2026-08-01T01:58:32.088821
1097,376,36,1,97.84,0.0,97.84,2026-08-01T01:58:32.088821
1098,377,91,3,1357.23,0.1,3664.52,2026-06-22T16:18:32.088849
1099,377,100,1,1296.05,0.05,1231.25,2026-06-22T16:18:32.088849
1100,377,6,2,1554.13,0.0,3108.26,2026-06-22T16:18:32.088849
1101,377,115,3,213.29,0.15,543.89,2026-06-22T16:18:32.088849
1102,377,65,2,1979.06,0.15,3364.4,2026-06-22T16:18:32.088849
1103,378,28,3,771.64,0.15,1967.68,2026-05-13T08:10:32.088887
1104,378,101,1,1089.31,0.1,980.38,2026-05-13T08:10:32.088887
1105,378,56,3,780.61,0.1,2107.65,2026-05-13T08:10:32.088887
1106,378,26,1,1615.36,0.0,1615.36,2026-05-13T08:10:32.088887
1107,379,49,1,342.66,0.0,342.66,2026-03-23T15:53:32.088917
1108,379,71,2,684.07,0.0,1368.14,2026-03-23T15:53:32.088917
1109,379,86,2,517.65,0.0,1035.3,2026-03-23T15:53:32.088917
1110,379,90,3,1214.39,0.1,3278.85,2026-03-23T15:53:32.088917
1111,380,40,3,693.12,0.1,1871.42,2026-09-18T18:21:32.088951
1112,380,117,2,1381.28,0.0,2762.56,2026-09-18T18:21:32.088951
1113,380,90,1,1214.39,0.05,1153.67,2026-09-18T18:21:32.088951
1114,380,50,1,935.89,0.0,935.89,2026-09-18T18:21:32.088951
1115,380,26,2,1615.36,0.0,3230.72,2026-09-18T18:21:32.088951
1116,381,15,3,478.17,0.0,1434.51,2026-06-06T03:28:32.088984
1117,382,105,3,360.47,0.05,1027.34,2026-06-16T04:09:32.089000
1118,382,118,3,31.27,0.0,93.81,2026-06-16T04:09:32.089000
1119,382,39,1,486.81,0.0,486.81,2026-06-16T04:09:32.089000
1120,382,14,2,287.84,0.15,489.33,2026-06-16T04:09:32.089000
1121,383,32,3,1444.35,0.05,4116.4,2026-07-28T10:24:32.089030
1122,383,76,3,747.78,0.15,1906.84,2026-07-28T10:24:32.089030
1123,383,74,3,377.0,0.0,1131.0,2026-07-28T10:24:32.089030
1124,384,108,1,407.19,0.15,346.11,2026-04-09T02:40:32.089058
1125,385,93,2,81.1,0.1,145.98,2026-09-06T17:10:32.089074
1126,385,55,1,467.36,0.05,443.99,2026-09-06T17:10:32.089074
1127,385,38,2,1155.34,0.0,2310.68,2026-09-06T17:10:32.089074
1128,386,106,2,79.66,0.0,159.32,2026-08-31T11:52:32.089098
1129,387,40,2,693.12,0.0,1386.24,2026-04-18T07:57:32.089118
1130,387,50,2,935.89,0.0,1871.78,2026-04-18T07:57:32.089118
1131,387,27,1,271.84,0.0,271.84,2026-04-18T07:57:32.089118
1132,387,26,1,1615.36,0.1,1453.82,2026-04-18T07:57:32.089118
1133,387,35,2,1414.87,0.0,2829.74,2026-04-18T07:57:32.089118
1134,388,61,2,1557.98,0.0,3115.96,2026-06-13T19:26:32.089154
1135,389,120,1,1388.53,0.1,1249.68,2026-09-04T13:41:32.089171
1136,389,78,3,219.47,0.0,658.41,2026-09-04T13:41:32.089171
1137,389,31,3,967.29,0.0,2901.87,2026-09-04T13:41:32.089171
1138,389,40,2,693.12,0.0,1386.24,2026-09-04T13:41:32.089171
1139,390,54,3,1652.43,0.0,4957.29,2026-08-15T21:35:32.089200
1140,390,17,1,1226.38,0.0,1226.38,2026-08-15T21:35:32.089200
1141,390,81,1,207.83,0.0,207.83,2026-08-15T21:35:32.089200
1142,390,73,2,721.9,0.0,1443.8,2026-08-15T21:35:32.089200
1143,390,111,1,340.18,0.05,323.17,2026-08-15T21:35:32.089200
1144,391,113,1,453.18,0.05,430.52,2026-07-10T02:41:32.089233
1145,391,5,1,1081.58,0.0,1081.58,2026-07-10T02:41:32.089233
1146,391,47,2,1270.2,0.15,2159.34,2026-07-10T02:41:32.089233
1147,392,80,3,596.68,0.0,1790.04,2026-04-28T15:21:32.089257
1148,392,98,2,643.73,0.0,1287.46,2026-04-28T15:21:32.089257
1149,393,3,1,540.29,0.1,486.26,2026-08-03T03:47:32.089277
1150,393,32,3,1444.35,0.15,3683.09,2026-08-03T03:47:32.089277
1151,393,81,1,207.83,0.0,207.83,2026-08-03T03:47:32.089277
1152,393,13,3,2066.14,0.0,6198.42,2026-08-03T03:47:32.089277
1153,394,8,2,104.24,0.0,208.48,2026-07-09T09:53:32.089307
1154,394,62,3,1109.18,0.15,2828.41,2026-07-09T09:53:32.089307
1155,394,15,1,478.17,0.1,430.35,2026-07-09T09:53:32.089307
1156,395,84,1,358.51,0.0,358.51,2026-06-22T14:28:32.089332
1157,396,107,2,1503.69,0.15,2556.27,2026-07-25T09:52:32.089348
1158,396,76,1,747.78,0.0,747.78,2026-07-25T09:52:32.089348
1159,396,48,3,733.85,0.15,1871.32,2026-07-25T09:52:32.089348
1160,396,99,2,575.39,0.0,1150.78,2026-07-25T09:52:32.089348
1161,396,56,3,780.61,0.0,2341.83,2026-07-25T09:52:32.089348
1162,397,62,3,1109.18,0.1,2994.79,2026-08-13T23:42:32.089382
1163,398,54,1,1652.43,0.0,1652.43,2026-06-14T07:42:32.089400
1164,398,39,1,486.81,0.0,486.81,2026-06-14T07:42:32.089400
1165,398,80,1,596.68,0.0,596.68,2026-06-14T07:42:32.089400
1166,399,73,1,721.9,0.15,613.62,2026-08-20T07:46:32.089426
1167,399,60,1,824.84,0.0,824.84,2026-08-20T07:46:32.089426
1168,399,69,2,1640.23,0.0,3280.46,2026-08-20T07:46:32.089426
1169,399,80,1,596.68,0.0,596.68,2026-08-20T07:46:32.089426
1170,399,109,1,1094.28,0.0,1094.28,2026-08-20T07:46:32.089426
1171,400,70,1,518.03,0.15,440.33,2026-08-27T21:28:32.089460
1172,400,111,1,340.18,0.05,323.17,2026-08-27T21:28:32.089460
1173,400,7,3,341.85,0.0,1025.55,2026-08-27T21:28:32.089460
1174,401,40,1,693.12,0.0,693.12,2026-09-10T17:06:32.089484
1175,402,13,2,2066.14,0.0,4132.28,2026-08-29T02:24:32.089501
1176,402,76,3,747.78,0.0,2243.34,2026-08-29T02:24:32.089501
1177,402,114,1,48.79,0.0,48.79,2026-08-29T02:24:32.089501
1178,403,87,2,1696.52,0.0,3393.04,2026-06-29T09:20:32.089524
1179,403,7,3,341.85,0.15,871.72,2026-06-29T09:20:32.089524
1180,404,7,3,341.85,0.15,871.72,2026-08-10T16:15:32.089544
1181,404,49,3,342.66,0.0,1027.98,2026-08-10T16:15:32.089544
1182,404,8,3,104.24,0.05,297.08,2026-08-10T16:15:32.089544
1183,404,18,1,390.89,0.0,390.89,2026-08-10T16:15:32.089544
1184,404,77,3,360.14,0.0,1080.42,2026-08-10T16:15:32.089544
1185,405,2,2,439.91,0.0,879.82,2026-07-15T15:36:32.089577
1186,405,102,1,61.75,0.05,58.66,2026-07-15T15:36:32.089577
1187,405,35,1,1414.87,0.1,1273.38,2026-07-15T15:36:32.089577
1188,405,97,3,1192.46,0.0,3577.38,2026-07-15T15:36:32.089577
1189,406,59,2,1201.61,0.15,2042.74,2026-06-27T05:48:32.089604
1190,407,80,1,596.68,0.0,596.68,2026-06-02T10:56:32.089622
1191,408,30,2,539.5,0.1,971.1,2026-04-13T09:41:32.089638
1192,408,17,2,1226.38,0.0,2452.76,2026-04-13T09:41:32.089638
1193,408,98,1,643.73,0.1,579.36,2026-04-13T09:41:32.089638
1194,409,21,3,579.0,0.0,1737.0,2026-05-22T08:56:32.089667
1195,409,97,3,1192.46,0.15,3040.77,2026-05-22T08:56:32.089667
1196,409,100,1,1296.05,0.15,1101.64,2026-05-22T08:56:32.089667
1197,409,5,1,1081.58,0.0,1081.58,2026-05-22T08:56:32.089667
1198,410,27,2,271.84,0.15,462.13,2026-06-30T06:02:32.089700
1199,410,102,2,61.75,0.0,123.5,2026-06-30T06:02:32.089700
1200,410,53,2,1077.0,0.05,2046.3,2026-06-30T06:02:32.089700
1201,411,93,3,81.1,0.0,243.3,2026-09-20T09:00:32.089725
1202,411,25,3,257.25,0.0,771.75,2026-09-20T09:00:32.089725
1203,412,7,1,341.85,0.0,341.85,2026-06-15T10:23:32.089745
1204,412,52,3,92.69,0.0,278.07,2026-06-15T10:23:32.089745
1205,413,77,3,360.14,0.0,1080.42,2026-04-29T18:37:32.089767
1206,413,32,1,1444.35,0.0,1444.35,2026-04-29T18:37:32.089767
1207,413,71,2,684.07,0.1,1231.33,2026-04-29T18:37:32.089767
1208,414,4,1,1063.54,0.0,1063.54,2026-04-23T05:26:32.089792
1209,414,61,3,1557.98,0.0,4673.94,2026-04-23T05:26:32.089792
1210,414,63,2,1474.96,0.0,2949.92,2026-04-23T05:26:32.089792
1211,414,98,3,643.73,0.15,1641.51,2026-04-23T05:26:32.089792
1212,414,88,2,775.06,0.0,1550.12,2026-04-23T05:26:32.089792
1213,415,44,2,1108.44,0.05,2106.04,2026-05-22T05:20:32.089826
1214,415,59,2,1201.61,0.15,2042.74,2026-05-22T05:20:32.089826
1215,415,103,3,298.36,0.0,895.08,2026-05-22T05:20:32.089826
1216,415,6,3,1554.13,0.05,4429.27,2026-05-22T05:20:32.089826
1217,415,119,2,45.9,0.15,78.03,2026-05-22T05:20:32.089826
1218,416,115,3,213.29,0.15,543.89,2026-05-27T02:00:32.089860
1219,416,63,3,1474.96,0.0,4424.88,2026-05-27T02:00:32.089860
1220,417,53,2,1077.0,0.1,1938.6,2026-06-18T15:04:32.089882
1221,417,60,3,824.84,0.15,2103.34,2026-06-18T15:04:32.089882
1222,417,6,2,1554.13,0.0,3108.26,2026-06-18T15:04:32.089882
1223,418,54,1,1652.43,0.0,1652.43,2026-06-25T21:59:32.089911
1224,419,65,2,1979.06,0.0,3958.12,2026-05-19T11:20:32.089935
1225,419,43,3,187.62,0.0,562.86,2026-05-19T11:20:32.089935
1226,419,61,3,1557.98,0.0,4673.94,2026-05-19T11:20:32.089935
1227,419,25,2,257.25,0.0,514.5,2026-05-19T11:20:32.089935
1228,420,62,2,1109.18,0.0,2218.36,2026-04-01T05:44:32.089963
1229,421,76,1,747.78,0.05,710.39,2026-06-16T20:58:32.089979
1230,421,58,2,936.72,0.0,1873.44,2026-06-16T20:58:32.089979
1231,421,88,2,775.06,0.0,1550.12,2026-06-16T20:58:32.089979
1232,421,39,3,486.81,0.0,1460.43,2026-06-16T20:58:32.089979
1233,422,4,3,1063.54,0.1,2871.56,2026-06-30T02:57:32.090006
1234,422,86,3,517.65,0.0,1552.95,2026-06-30T02:57:32.090006
1235,423,87,1,1696.52,0.0,1696.52,2026-08-26T06:20:32.090026
1236,423,113,3,453.18,0.0,1359.54,2026-08-26T06:20:32.090026
1237,423,84,3,358.51,0.15,914.2,2026-08-26T06:20:32.090026
1238,423,48,3,733.85,0.0,2201.55,2026-08-26T06:20:32.090026
1239,424,61,1,1557.98,0.0,1557.98,2026-05-26T09:50:32.090056
1240,424,53,2,1077.0,0.05,2046.3,2026-05-26T09:50:32.090056
1241,424,3,1,540.29,0.15,459.25,2026-05-26T09:50:32.090056
1242,425,93,3,81.1,0.0,243.3,2026-06-04T05:44:32.090080
1243,425,6,2,1554.13,0.05,2952.85,2026-06-04T05:44:32.090080
1244,425,77,3,360.14,0.05,1026.4,2026-06-04T05:44:32.090080
1245,425,116,2,615.12,0.0,1230.24,2026-06-04T05:44:32.090080
1246,426,70,1,518.03,0.0,518.03,2026-04-04T00:36:32.090111
1247,426,81,3,207.83,0.05,592.32,2026-04-04T00:36:32.090111
1248,426,56,1,780.61,0.0,780.61,2026-04-04T00:36:32.090111
1249,426,26,2,1615.36,0.0,3230.72,2026-04-04T00:36:32.090111
1250,426,117,3,1381.28,0.0,4143.84,2026-04-04T00:36:32.090111
1251,427,60,3,824.84,0.0,2474.52,2026-08-28T10:54:32.090144
1252,427,74,3,377.0,0.0,1131.0,2026-08-28T10:54:32.090144
1253,427,68,3,270.06,0.0,810.18,2026-08-28T10:54:32.090144
1254,427,44,1,1108.44,0.1,997.6,2026-08-28T10:54:32.090144
1255,428,56,2,780.61,0.1,1405.1,2026-05-17T09:42:32.090175
1256,428,52,3,92.69,0.1,250.26,2026-05-17T09:42:32.090175
1257,429,53,3,1077.0,0.1,2907.9,2026-07-12T03:17:32.090195
1258,430,61,2,1557.98,0.0,3115.96,2026-06-29T08:44:32.090211
1259,430,4,2,1063.54,0.0,2127.08,2026-06-29T08:44:32.090211
1260,431,59,1,1201.61,0.15,1021.37,2026-04-04T06:23:32.090231
1261,431,40,2,693.12,0.0,1386.24,2026-04-04T06:23:32.090231
1262,431,36,2,97.84,0.15,166.33,2026-04-04T06:23:32.090231
1263,432,73,3,721.9,0.05,2057.41,2026-09-13T00:51:32.090254
1264,433,40,3,693.12,0.1,1871.42,2026-07-31T19:54:32.090272
1265,433,118,1,31.27,0.15,26.58,2026-07-31T19:54:32.090272
1266,434,79,3,219.09,0.0,657.27,2026-08-07T15:33:32.090291
1267,434,22,1,46.79,0.0,46.79,2026-08-07T15:33:32.090291
1268,434,104,2,1646.45,0.0,3292.9,2026-08-07T15:33:32.090291
1269,434,71,3,684.07,0.0,2052.21,2026-08-07T15:33:32.090291
1270,434,106,3,79.66,0.1,215.08,2026-08-07T15:33:32.090291
1271,435,21,3,579.0,0.0,1737.0,2026-04-27T05:23:32.090324
1272,435,109,1,1094.28,0.15,930.14,2026-04-27T05:23:32.090324
1273,435,53,1,1077.0,0.0,1077.0,2026-04-27T05:23:32.090324
1274,435,73,3,721.9,0.1,1949.13,2026-04-27T05:23:32.090324
1275,435,66,1,116.43,0.1,104.79,2026-04-27T05:23:32.090324
1276,436,28,3,771.64,0.0,2314.92,2026-03-27T20:19:32.090356
1277,437,37,2,591.14,0.1,1064.05,2026-04-15T05:37:32.090372
1278,437,29,1,205.02,0.0,205.02,2026-04-15T05:37:32.090372
1279,437,31,2,967.29,0.0,1934.58,2026-04-15T05:37:32.090372
1280,437,47,1,1270.2,0.0,1270.2,2026-04-15T05:37:32.090372
1281,437,93,1,81.1,0.1,72.99,2026-04-15T05:37:32.090372
1282,438,107,2,1503.69,0.1,2706.64,2026-08-21T11:55:32.090404
1283,438,15,2,478.17,0.1,860.71,2026-08-21T11:55:32.090404
1284,438,32,1,1444.35,0.0,1444.35,2026-08-21T11:55:32.090404
1285,439,88,2,775.06,0.05,1472.61,2026-07-09T05:46:32.090431
1286,439,23,2,185.54,0.0,371.08,2026-07-09T05:46:32.090431
1287,439,55,1,467.36,0.0,467.36,2026-07-09T05:46:32.090431
1288,439,102,2,61.75,0.15,104.97,2026-07-09T05:46:32.090431
1289,439,80,3,596.68,0.0,1790.04,2026-07-09T05:46:32.090431
1290,440,34,2,1474.08,0.0,2948.16,2026-03-27T03:40:32.090464
1291,441,109,2,1094.28,0.05,2079.13,2026-05-13T01:33:32.090481
1292,441,113,1,453.18,0.0,453.18,2026-05-13T01:33:32.090481
1293,441,108,2,407.19,0.05,773.66,2026-05-13T01:33:32.090481
1294,441,117,3,1381.28,0.15,3522.26,2026-05-13T01:33:32.090481
1295,441,103,2,298.36,0.0,596.72,2026-05-13T01:33:32.090481
1296,442,32,1,1444.35,0.0,1444.35,2026-08-11T23:07:32.090513
1297,442,115,3,213.29,0.0,639.87,2026-08-11T23:07:32.090513
1298,442,31,2,967.29,0.0,1934.58,2026-08-11T23:07:32.090513
1299,442,95,2,237.31,0.15,403.43,2026-08-11T23:07:32.090513
1300,442,105,1,360.47,0.05,342.45,2026-08-11T23:07:32.090513
1301,443,118,2,31.27,0.0,62.54,2026-06-15T18:28:32.090546
1302,443,2,3,439.91,0.1,1187.76,2026-06-15T18:28:32.090546
1303,443,117,3,1381.28,0.1,3729.46,2026-06-15T18:28:32.090546
1304,443,45,3,610.17,0.0,1830.51,2026-06-15T18:28:32.090546
1305,444,63,1,1474.96,0.0,1474.96,2026-08-08T03:22:32.090575
1306,444,99,2,575.39,0.0,1150.78,2026-08-08T03:22:32.090575
1307,444,104,3,1646.45,0.0,4939.35,2026-08-08T03:22:32.090575
1308,444,30,2,539.5,0.0,1079.0,2026-08-08T03:22:32.090575
1309,445,105,1,360.47,0.0,360.47,2026-06-01T00:48:32.090604
1310,445,84,2,358.51,0.1,645.32,2026-06-01T00:48:32.090604
1311,446,4,1,1063.54,0.05,1010.36,2026-08-01T22:24:32.090623
1312,447,114,3,48.79,0.15,124.41,2026-04-07T18:59:32.090639
1313,447,46,3,25.75,0.0,77.25,2026-04-07T18:59:32.090639
1314,448,71,1,684.07,0.15,581.46,2026-04-27T07:24:32.090661
1315,449,84,1,358.51,0.0,358.51,2026-03-28T03:56:32.090677
1316,450,72,1,856.16,0.0,856.16,2026-07-30T10:49:32.090695
1317,450,29,2,205.02,0.0,410.04,2026-07-30T10:49:32.090695
1318,450,39,2,486.81,0.0,973.62,2026-07-30T10:49:32.090695
1319,451,49,3,342.66,0.0,1027.98,2026-06-07T09:17:32.090718
1320,452,51,2,1446.49,0.05,2748.33,2026-03-25T21:16:32.090733
1321,452,6,2,1554.13,0.15,2642.02,2026-03-25T21:16:32.090733
1322,453,91,3,1357.23,0.15,3460.94,2026-05-07T00:51:32.090757
1323,454,28,2,771.64,0.0,1543.28,2026-03-30T23:28:32.090773
1324,454,120,3,1388.53,0.0,4165.59,2026-03-30T23:28:32.090773
1325,454,60,3,824.84,0.0,2474.52,2026-03-30T23:28:32.090773
1326,455,100,2,1296.05,0.05,2462.49,2026-04-26T05:30:32.090798
1327,456,70,1,518.03,0.0,518.03,2026-09-17T04:25:32.090815
1328,456,119,2,45.9,0.15,78.03,2026-09-17T04:25:32.090815
1329,457,4,3,1063.54,0.0,3190.62,2026-07-30T08:24:32.090835
1330,457,55,3,467.36,0.1,1261.87,2026-07-30T08:24:32.090835
1331,457,65,1,1979.06,0.0,1979.06,2026-07-30T08:24:32.090835
1332,458,116,2,615.12,0.0,1230.24,2026-08-19T11:23:32.090860
1333,459,106,3,79.66,0.0,238.98,2026-05-03T14:14:32.090877
1334,460,58,1,936.72,0.0,936.72,2026-07-06T12:16:32.090892
1335,460,93,3,81.1,0.05,231.13,2026-07-06T12:16:32.090892
1336,460,74,2,377.0,0.05,716.3,2026-07-06T12:16:32.090892
1337,460,107,2,1503.69,0.05,2857.01,2026-07-06T12:16:32.090892
1338,460,61,1,1557.98,0.05,1480.08,2026-07-06T12:16:32.090892
1339,461,58,2,936.72,0.0,1873.44,2026-07-24T00:53:32.090926
1340,461,77,3,360.14,0.0,1080.42,2026-07-24T00:53:32.090926
1341,461,109,3,1094.28,0.05,3118.7,2026-07-24T00:53:32.090926
1342,461,82,2,1537.26,0.0,3074.52,2026-07-24T00:53:32.090926
1343,462,25,1,257.25,0.05,244.39,2026-05-31T00:17:32.090956
1344,462,89,1,493.15,0.0,493.15,2026-05-31T00:17:32.090956
1345,462,77,1,360.14,0.0,360.14,2026-05-31T00:17:32.090956
1346,463,87,1,1696.52,0.0,1696.52,2026-09-16T00:00:32.090981
1347,463,65,1,1979.06,0.05,1880.11,2026-09-16T00:00:32.090981
1348,463,103,2,298.36,0.1,537.05,2026-09-16T00:00:32.090981
1349,464,4,1,1063.54,0.0,1063.54,2026-09-16T00:42:32.091005
1350,465,77,2,360.14,0.05,684.27,2026-07-25T17:00:32.091021
1351,465,13,2,2066.14,0.1,3719.05,2026-07-25T17:00:32.091021
1352,465,22,1,46.79,0.0,46.79,2026-07-25T17:00:32.091021
1353,465,44,1,1108.44,0.1,997.6,2026-07-25T17:00:32.091021
1354,465,120,3,1388.53,0.0,4165.59,2026-07-25T17:00:32.091021
1355,466,17,2,1226.38,0.0,2452.76,2026-04-04T23:46:32.091057
1356,467,29,1,205.02,0.0,205.02,2026-03-27T06:28:32.091074
1357,467,84,2,358.51,0.1,645.32,2026-03-27T06:28:32.091074
1358,467,63,2,1474.96,0.0,2949.92,2026-03-27T06:28:32.091074
1359,468,117,3,1381.28,0.05,3936.65,2026-07-11T16:24:32.091098
1360,469,54,3,1652.43,0.0,4957.29,2026-07-24T01:58:32.091113
1361,469,38,3,1155.34,0.1,3119.42,2026-07-24T01:58:32.091113
1362,469,60,1,824.84,0.05,783.6,2026-07-24T01:58:32.091113
1363,470,81,1,207.83,0.1,187.05,2026-05-24T04:13:32.091138
1364,470,94,1,115.87,0.0,115.87,2026-05-24T04:13:32.091138
1365,471,69,1,1640.23,0.0,1640.23,2026-03-24T07:42:32.091158
1366,471,28,3,771.64,0.0,2314.92,2026-03-24T07:42:32.091158
1367,471,104,1,1646.45,0.05,1564.13,2026-03-24T07:42:32.091158
1368,471,95,3,237.31,0.15,605.14,2026-03-24T07:42:32.091158
1369,472,100,3,1296.05,0.15,3304.93,2026-03-29T00:03:32.091190
1370,472,62,3,1109.18,0.15,2828.41,2026-03-29T00:03:32.091190
1371,472,31,3,967.29,0.0,2901.87,2026-03-29T00:03:32.091190
1372,472,54,2,1652.43,0.15,2809.13,2026-03-29T00:03:32.091190
1373,473,76,2,747.78,0.1,1346.0,2026-06-09T20:40:32.091220
1374,473,114,2,48.79,0.0,97.58,2026-06-09T20:40:32.091220
1375,474,115,2,213.29,0.0,426.58,2026-08-31T05:22:32.091241
1376,474,41,2,1658.14,0.1,2984.65,2026-08-31T05:22:32.091241
1377,474,68,2,270.06,0.0,540.12,2026-08-31T05:22:32.091241
1378,475,83,1,1243.0,0.05,1180.85,2026-05-03T15:54:32.091266
1379,475,78,2,219.47,0.0,438.94,2026-05-03T15:54:32.091266
1380,476,43,2,187.62,0.0,375.24,2026-08-12T08:20:32.091286
1381,476,45,2,610.17,0.0,1220.34,2026-08-12T08:20:32.091286
1382,476,14,2,287.84,0.0,575.68,2026-08-12T08:20:32.091286
1383,477,36,2,97.84,0.0,195.68,2026-05-24T12:37:32.091312
1384,478,98,2,643.73,0.0,1287.46,2026-09-13T18:59:32.091328
1385,478,74,1,377.0,0.0,377.0,2026-09-13T18:59:32.091328
1386,478,15,3,478.17,0.0,1434.51,2026-09-13T18:59:32.091328
1387,478,38,1,1155.34,0.1,1039.81,2026-09-13T18:59:32.091328
1388,478,66,1,116.43,0.15,98.97,2026-09-13T18:59:32.091328
1389,479,25,2,257.25,0.05,488.77,2026-04-22T14:34:32.091359
1390,479,80,1,596.68,0.0,596.68,2026-04-22T14:34:32.091359
1391,479,69,1,1640.23,0.15,1394.2,2026-04-22T14:34:32.091359
1392,479,41,3,1658.14,0.15,4228.26,2026-04-22T14:34:32.091359
1393,480,100,3,1296.05,0.0,3888.15,2026-06-26T17:38:32.091390
1394,480,48,1,733.85,0.0,733.85,2026-06-26T17:38:32.091390
1395,480,8,2,104.24,0.15,177.21,2026-06-26T17:38:32.091390
1396,480,74,3,377.0,0.15,961.35,2026-06-26T17:38:32.091390
1397,480,54,2,1652.43,0.15,2809.13,2026-06-26T17:38:32.091390
1398,481,111,3,340.18,0.1,918.49,2026-06-01T20:37:32.091423
1399,481,83,1,1243.0,0.0,1243.0,2026-06-01T20:37:32.091423
1400,481,47,1,1270.2,0.15,1079.67,2026-06-01T20:37:32.091423
1401,481,19,3,1096.11,0.15,2795.08,2026-06-01T20:37:32.091423
1402,482,98,2,643.73,0.05,1223.09,2026-03-24T08:52:32.091454
1403,482,49,1,342.66,0.15,291.26,2026-03-24T08:52:32.091454
1404,482,30,1,539.5,0.0,539.5,2026-03-24T08:52:32.091454
1405,482,106,1,79.66,0.05,75.68,2026-03-24T08:52:32.091454
1406,483,74,1,377.0,0.0,377.0,2026-09-02T23:04:32.091486
1407,483,15,3,478.17,0.05,1362.78,2026-09-02T23:04:32.091486
1408,483,60,1,824.84,0.0,824.84,2026-09-02T23:04:32.091486
1409,483,36,2,97.84,0.15,166.33,2026-09-02T23:04:32.091486
1410,484,6,2,1554.13,0.0,3108.26,2026-06-06T01:02:32.091514
1411,484,89,1,493.15,0.0,493.15,2026-06-06T01:02:32.091514
1412,484,115,1,213.29,0.0,213.29,2026-06-06T01:02:32.091514
1413,485,17,3,1226.38,0.0,3679.14,2026-09-05T23:11:32.091550
1414,485,86,1,517.65,0.05,491.77,2026-09-05T23:11:32.091550
1415,485,55,3,467.36,0.0,1402.08,2026-09-05T23:11:32.091550
1416,486,72,1,856.16,0.05,813.35,2026-04-15T10:34:32.091575
1417,487,106,3,79.66,0.05,227.03,2026-08-24T21:19:32.091590
1418,488,120,2,1388.53,0.0,2777.06,2026-07-05T11:27:32.091606
1419,489,90,1,1214.39,0.1,1092.95,2026-04-25T22:41:32.091622
1420,489,8,2,104.24,0.1,187.63,2026-04-25T22:41:32.091622
1421,489,49,3,342.66,0.0,1027.98,2026-04-25T22:41:32.091622
1422,489,46,2,25.75,0.05,48.92,2026-04-25T22:41:32.091622
1423,489,80,3,596.68,0.15,1521.53,2026-04-25T22:41:32.091622
1424,490,7,1,341.85,0.0,341.85,2026-04-25T08:26:32.091654
1425,490,103,3,298.36,0.15,760.82,2026-04-25T08:26:32.091654
1426,490,44,1,1108.44,0.0,1108.44,2026-04-25T08:26:32.091654
1427,490,98,1,643.73,0.15,547.17,2026-04-25T08:26:32.091654
1428,490,3,1,540.29,0.0,540.29,2026-04-25T08:26:32.091654
1429,491,87,1,1696.52,0.0,1696.52,2026-06-15T05:18:32.091688
1430,491,23,2,185.54,0.1,333.97,2026-06-15T05:18:32.091688
1431,491,118,2,31.27,0.0,62.54,2026-06-15T05:18:32.091688
1432,491,114,1,48.79,0.05,46.35,2026-06-15T05:18:32.091688
1433,491,119,1,45.9,0.1,41.31,2026-06-15T05:18:32.091688
1434,492,8,2,104.24,0.1,187.63,2026-07-09T02:04:32.091721
1435,492,20,3,1533.75,0.15,3911.06,2026-07-09T02:04:32.091721
1436,492,26,1,1615.36,0.0,1615.36,2026-07-09T02:04:32.091721
1437,492,2,2,439.91,0.0,879.82,2026-07-09T02:04:32.091721
1438,493,20,1,1533.75,0.05,1457.06,2026-06-15T08:06:32.091749
1439,493,117,1,1381.28,0.0,1381.28,2026-06-15T08:06:32.091749
1440,493,68,1,270.06,0.0,270.06,2026-06-15T08:06:32.091749
1441,493,74,1,377.0,0.0,377.0,2026-06-15T08:06:32.091749
1442,493,109,1,1094.28,0.0,1094.28,2026-06-15T08:06:32.091749
1443,494,29,3,205.02,0.15,522.8,2026-08-04T22:25:32.091782
1444,494,47,2,1270.2,0.15,2159.34,2026-08-04T22:25:32.091782
1445,495,80,1,596.68,0.0,596.68,2026-03-30T18:37:32.091803
1446,495,29,3,205.02,0.15,522.8,2026-03-30T18:37:32.091803
1447,495,22,1,46.79,0.15,39.77,2026-03-30T18:37:32.091803
1448,495,90,1,1214.39,0.0,1214.39,2026-03-30T18:37:32.091803
1449,495,54,2,1652.43,0.0,3304.86,2026-03-30T18:37:32.091803
1450,496,26,2,1615.36,0.0,3230.72,2026-06-30T09:18:32.091834
1451,496,65,1,1979.06,0.0,1979.06,2026-06-30T09:18:32.091834
1452,496,18,1,390.89,0.0,390.89,2026-06-30T09:18:32.091834
1453,496,15,1,478.17,0.15,406.44,2026-06-30T09:18:32.091834
1454,496,51,2,1446.49,0.0,2892.98,2026-06-30T09:18:32.091834
1455,497,19,1,1096.11,0.0,1096.11,2026-07-18T22:23:32.091867
1456,497,5,3,1081.58,0.05,3082.5,2026-07-18T22:23:32.091867
1457,497,58,3,936.72,0.0,2810.16,2026-07-18T22:23:32.091867
1458,497,50,2,935.89,0.1,1684.6,2026-07-18T22:23:32.091867
1459,498,61,3,1557.98,0.0,4673.94,2026-03-25T08:09:32.091896
1460,498,43,1,187.62,0.05,178.24,2026-03-25T08:09:32.091896
1461,498,44,2,1108.44,0.05,2106.04,2026-03-25T08:09:32.091896
1462,499,91,1,1357.23,0.1,1221.51,2026-08-02T16:15:32.091920
1463,499,15,2,478.17,0.05,908.52,2026-08-02T16:15:32.091920
1464,499,20,2,1533.75,0.05,2914.12,2026-08-02T16:15:32.091920
1465,499,66,2,116.43,0.05,221.22,2026-08-02T16:15:32.091920
1466,500,2,2,439.91,0.0,879.82,2026-07-22T20:21:32.091947
1467,500,71,2,684.07,0.15,1162.92,2026-07-22T20:21:32.091947
1468,501,46,3,25.75,0.0,77.25,2026-04-30T16:19:32.091967
1469,501,60,2,824.84,0.0,1649.68,2026-04-30T16:19:32.091967
1470,502,91,3,1357.23,0.0,4071.69,2026-05-24T03:07:32.091987
1471,502,22,2,46.79,0.15,79.54,2026-05-24T03:07:32.091987
1472,502,28,1,771.64,0.0,771.64,2026-05-24T03:07:32.091987
1473,502,39,3,486.81,0.05,1387.41,2026-05-24T03:07:32.091987
1474,502,93,2,81.1,0.0,162.2,2026-05-24T03:07:32.091987
1475,503,93,1,81.1,0.0,81.1,2026-09-14T22:39:32.092032
1476,504,53,1,1077.0,0.0,1077.0,2026-07-30T23:42:32.092049
1477,504,56,3,780.61,0.0,2341.83,2026-07-30T23:42:32.092049
1478,504,18,3,390.89,0.15,996.77,2026-07-30T23:42:32.092049
1479,504,35,2,1414.87,0.05,2688.25,2026-07-30T23:42:32.092049
1480,505,74,2,377.0,0.0,754.0,2026-06-22T18:39:32.092077
1481,505,80,2,596.68,0.15,1014.36,2026-06-22T18:39:32.092077
1482,505,62,2,1109.18,0.0,2218.36,2026-06-22T18:39:32.092077
1483,505,49,2,342.66,0.1,616.79,2026-06-22T18:39:32.092077
1484,505,39,3,486.81,0.0,1460.43,2026-06-22T18:39:32.092077
1485,506,34,1,1474.08,0.05,1400.38,2026-09-07T08:02:32.092108
1486,507,13,3,2066.14,0.0,6198.42,2026-07-05T22:08:32.092124
1487,507,7,3,341.85,0.0,1025.55,2026-07-05T22:08:32.092124
1488,507,106,2,79.66,0.0,159.32,2026-07-05T22:08:32.092124
1489,507,12,3,1208.52,0.15,3081.73,2026-07-05T22:08:32.092124
1490,507,28,2,771.64,0.0,1543.28,2026-07-05T22:08:32.092124
1491,508,7,1,341.85,0.05,324.76,2026-08-14T19:45:32.092156
1492,509,36,1,97.84,0.0,97.84,2026-09-11T13:40:32.092172
1493,509,41,2,1658.14,0.15,2818.84,2026-09-11T13:40:32.092172
1494,509,29,2,205.02,0.0,410.04,2026-09-11T13:40:32.092172
1495,509,69,3,1640.23,0.15,4182.59,2026-09-11T13:40:32.092172
1496,510,99,1,575.39,0.15,489.08,2026-06-11T20:01:32.092199
1497,510,42,1,430.69,0.1,387.62,2026-06-11T20:01:32.092199
1498,510,79,2,219.09,0.05,416.27,2026-06-11T20:01:32.092199
1499,511,115,2,213.29,0.05,405.25,2026-04-15T03:05:32.092223
1500,511,92,1,551.27,0.1,496.14,2026-04-15T03:05:32.092223
1501,511,105,3,360.47,0.0,1081.41,2026-04-15T03:05:32.092223
1502,511,54,2,1652.43,0.0,3304.86,2026-04-15T03:05:32.092223
1503,512,14,1,287.84,0.1,259.06,2026-04-11T01:30:32.092250
1504,512,3,3,540.29,0.15,1377.74,2026-04-11T01:30:32.092250
1505,512,84,2,358.51,0.15,609.47,2026-04-11T01:30:32.092250
1506,512,109,3,1094.28,0.0,3282.84,2026-04-11T01:30:32.092250
1507,513,6,2,1554.13,0.05,2952.85,2026-07-28T23:15:32.092278
1508,513,70,1,518.03,0.15,440.33,2026-07-28T23:15:32.092278
1509,513,113,2,453.18,0.0,906.36,2026-07-28T23:15:32.092278
1510,513,34,3,1474.08,0.15,3758.9,2026-07-28T23:15:32.092278
1511,514,79,1,219.09,0.15,186.23,2026-08-15T16:17:32.092306
1512,514,72,1,856.16,0.0,856.16,2026-08-15T16:17:32.092306
1513,514,88,2,775.06,0.0,1550.12,2026-08-15T16:17:32.092306
1514,515,60,2,824.84,0.0,1649.68,2026-08-27T03:43:32.092329
1515,515,106,2,79.66,0.1,143.39,2026-08-27T03:43:32.092329
1516,516,94,3,115.87,0.15,295.47,2026-08-27T03:49:32.092349
1517,516,68,3,270.06,0.1,729.16,2026-08-27T03:49:32.092349
1518,516,43,2,187.62,0.0,375.24,2026-08-27T03:49:32.092349
1519,517,117,2,1381.28,0.0,2762.56,2026-09-17T05:44:32.092373
1520,517,63,1,1474.96,0.15,1253.72,2026-09-17T05:44:32.092373
1521,518,34,1,1474.08,0.15,1252.97,2026-04-08T03:47:32.092392
1522,518,53,2,1077.0,0.0,2154.0,2026-04-08T03:47:32.092392
1523,519,66,3,116.43,0.15,296.9,2026-05-13T07:38:32.092412
1524,519,73,1,721.9,0.0,721.9,2026-05-13T07:38:32.092412
1525,519,46,2,25.75,0.1,46.35,2026-05-13T07:38:32.092412
1526,519,53,2,1077.0,0.1,1938.6,2026-05-13T07:38:32.092412
1527,519,78,1,219.47,0.05,208.5,2026-05-13T07:38:32.092412
1528,520,38,1,1155.34,0.15,982.04,2026-06-28T08:50:32.092444
1529,520,6,3,1554.13,0.0,4662.39,2026-06-28T08:50:32.092444
1530,521,54,3,1652.43,0.15,4213.7,2026-05-05T15:12:32.092464
1531,521,98,1,643.73,0.05,611.54,2026-05-05T15:12:32.092464
1532,521,10,3,858.14,0.05,2445.7,2026-05-05T15:12:32.092464
1533,521,30,1,539.5,0.0,539.5,2026-05-05T15:12:32.092464
1534,522,72,1,856.16,0.1,770.54,2026-06-25T12:00:32.092500
1535,523,21,2,579.0,0.05,1100.1,2026-08-06T16:59:32.092516
1536,523,45,1,610.17,0.05,579.66,2026-08-06T16:59:32.092516
1537,523,34,2,1474.08,0.05,2800.75,2026-08-06T16:59:32.092516
1538,523,86,1,517.65,0.0,517.65,2026-08-06T16:59:32.092516
1539,524,114,1,48.79,0.0,48.79,2026-05-17T21:53:32.092544
1540,524,108,1,407.19,0.0,407.19,2026-05-17T21:53:32.092544
1541,524,35,1,1414.87,0.1,1273.38,2026-05-17T21:53:32.092544
1542,524,88,3,775.06,0.15,1976.4,2026-05-17T21:53:32.092544
1543,525,7,2,341.85,0.05,649.51,2026-06-19T16:00:32.092573
1544,525,45,2,610.17,0.0,1220.34,2026-06-19T16:00:32.092573
1545,525,92,2,551.27,0.1,992.29,2026-06-19T16:00:32.092573
1546,525,56,1,780.61,0.0,780.61,2026-06-19T16:00:32.092573
1547,525,118,2,31.27,0.0,62.54,2026-06-19T16:00:32.092573
1548,526,106,3,79.66,0.0,238.98,2026-07-30T01:22:32.092606
1549,526,12,3,1208.52,0.15,3081.73,2026-07-30T01:22:32.092606
1550,527,88,2,775.06,0.0,1550.12,2026-09-08T17:57:32.092626
1551,527,97,2,1192.46,0.1,2146.43,2026-09-08T17:57:32.092626
1552,527,119,2,45.9,0.1,82.62,2026-09-08T17:57:32.092626
1553,527,39,1,486.81,0.0,486.81,2026-09-08T17:57:32.092626
1554,528,5,3,1081.58,0.15,2758.03,2026-05-25T06:18:32.092654
1555,528,93,3,81.1,0.0,243.3,2026-05-25T06:18:32.092654
1556,529,102,2,61.75,0.1,111.15,2026-05-18T23:42:32.092673
1557,529,10,3,858.14,0.0,2574.42,2026-05-18T23:42:32.092673
1558,529,74,2,377.0,0.15,640.9,2026-05-18T23:42:32.092673
1559,529,18,1,390.89,0.05,371.35,2026-05-18T23:42:32.092673
1560,530,74,2,377.0,0.0,754.0,2026-05-18T07:56:32.092701
1561,530,61,1,1557.98,0.0,1557.98,2026-05-18T07:56:32.092701
1562,531,79,1,219.09,0.0,219.09,2026-05-25T16:42:32.092722
1563,531,76,1,747.78,0.0,747.78,2026-05-25T16:42:32.092722
1564,531,29,1,205.02,0.0,205.02,2026-05-25T16:42:32.092722
1565,531,77,1,360.14,0.0,360.14,2026-05-25T16:42:32.092722
1566,531,34,1,1474.08,0.05,1400.38,2026-05-25T16:42:32.092722
1567,532,111,2,340.18,0.15,578.31,2026-09-12T10:07:32.092753
1568,532,60,3,824.84,0.0,2474.52,2026-09-12T10:07:32.092753
1569,533,7,3,341.85,0.0,1025.55,2026-04-30T15:27:32.092774
1570,533,51,2,1446.49,0.0,2892.98,2026-04-30T15:27:32.092774
1571,534,114,3,48.79,0.15,124.41,2026-07-28T22:59:32.092793
1572,534,77,1,360.14,0.15,306.12,2026-07-28T22:59:32.092793
1573,534,86,2,517.65,0.1,931.77,2026-07-28T22:59:32.092793
1574,534,82,1,1537.26,0.05,1460.4,2026-07-28T22:59:32.092793
1575,534,23,3,185.54,0.05,528.79,2026-07-28T22:59:32.092793
1576,535,63,1,1474.96,0.1,1327.46,2026-09-07T08:44:32.092825
1577,536,54,1,1652.43,0.05,1569.81,2026-06-19T20:40:32.092842
1578,536,45,1,610.17,0.0,610.17,2026-06-19T20:40:32.092842
1579,536,89,3,493.15,0.0,1479.45,2026-06-19T20:40:32.092842
1580,537,6,1,1554.13,0.0,1554.13,2026-05-16T22:54:32.092865
1581,537,37,1,591.14,0.15,502.47,2026-05-16T22:54:32.092865
1582,537,83,2,1243.0,0.05,2361.7,2026-05-16T22:54:32.092865
1583,538,39,2,486.81,0.05,924.94,2026-06-30T11:07:32.092890
1584,538,120,2,1388.53,0.0,2777.06,2026-06-30T11:07:32.092890
1585,538,102,1,61.75,0.0,61.75,2026-06-30T11:07:32.092890
1586,538,116,2,615.12,0.0,1230.24,2026-06-30T11:07:32.092890
1587,539,62,3,1109.18,0.0,3327.54,2026-04-21T14:20:32.092920
1588,540,102,3,61.75,0.0,185.25,2026-05-29T15:28:32.092937
1589,541,50,1,935.89,0.05,889.1,2026-06-08T05:33:32.092952
1590,541,34,3,1474.08,0.0,4422.24,2026-06-08T05:33:32.092952
1591,541,84,3,358.51,0.15,914.2,2026-06-08T05:33:32.092952
1592,541,48,3,733.85,0.0,2201.55,2026-06-08T05:33:32.092952
1593,542,39,2,486.81,0.1,876.26,2026-09-04T02:10:32.092982
1594,543,48,3,733.85,0.0,2201.55,2026-04-09T20:44:32.092998
1595,544,86,2,517.65,0.15,880.0,2026-07-03T19:26:32.093014
1596,544,100,1,1296.05,0.0,1296.05,2026-07-03T19:26:32.093014
1597,544,42,2,430.69,0.15,732.17,2026-07-03T19:26:32.093014
1598,545,21,1,579.0,0.05,550.05,2026-07-27T17:55:32.093038
1599,545,34,2,1474.08,0.05,2800.75,2026-07-27T17:55:32.093038
1600,545,105,2,360.47,0.05,684.89,2026-07-27T17:55:32.093038
1601,545,49,1,342.66,0.0,342.66,2026-07-27T17:55:32.093038
1602,546,49,1,342.66,0.0,342.66,2026-09-07T23:13:32.093066
1603,546,100,2,1296.05,0.15,2203.28,2026-09-07T23:13:32.093066
1604,546,32,2,1444.35,0.1,2599.83,2026-09-07T23:13:32.093066
1605,546,55,3,467.36,0.1,1261.87,2026-09-07T23:13:32.093066
1606,546,41,1,1658.14,0.0,1658.14,2026-09-07T23:13:32.093066
1607,547,99,3,575.39,0.15,1467.24,2026-04-09T02:22:32.093099
1608,548,120,2,1388.53,0.1,2499.35,2026-08-04T10:49:32.093115
1609,549,99,1,575.39,0.15,489.08,2026-06-28T17:50:32.093131
1610,549,116,3,615.12,0.1,1660.82,2026-06-28T17:50:32.093131
1611,549,102,3,61.75,0.15,157.46,2026-06-28T17:50:32.093131
1612,550,14,1,287.84,0.0,287.84,2026-04-27T12:04:32.093155
1613,550,120,2,1388.53,0.1,2499.35,2026-04-27T12:04:32.093155
1614,550,92,2,551.27,0.05,1047.41,2026-04-27T12:04:32.093155
1615,550,86,1,517.65,0.0,517.65,2026-04-27T12:04:32.093155
1616,550,63,2,1474.96,0.0,2949.92,2026-04-27T12:04:32.093155
1617,551,108,1,407.19,0.1,366.47,2026-04-06T01:15:32.093188
1618,552,15,3,478.17,0.05,1362.78,2026-03-30T02:47:32.093204
1619,552,36,2,97.84,0.1,176.11,2026-03-30T02:47:32.093204
1620,552,114,1,48.79,0.15,41.47,2026-03-30T02:47:32.093204
1621,552,7,2,341.85,0.0,683.7,2026-03-30T02:47:32.093204
1622,552,14,2,287.84,0.0,575.68,2026-03-30T02:47:32.093204
1623,553,84,3,358.51,0.0,1075.53,2026-08-08T16:23:32.093236
1624,553,19,1,1096.11,0.0,1096.11,2026-08-08T16:23:32.093236
1625,554,69,1,1640.23,0.15,1394.2,2026-05-11T20:35:32.093257
1626,554,27,2,271.84,0.0,543.68,2026-05-11T20:35:32.093257
1627,554,7,1,341.85,0.1,307.67,2026-05-11T20:35:32.093257
1628,554,54,1,1652.43,0.0,1652.43,2026-05-11T20:35:32.093257
1629,554,15,1,478.17,0.0,478.17,2026-05-11T20:35:32.093257
1630,555,80,2,596.68,0.0,1193.36,2026-03-28T09:33:32.093289
1631,555,97,1,1192.46,0.0,1192.46,2026-03-28T09:33:32.093289
1632,556,56,2,780.61,0.1,1405.1,2026-08-08T22:40:32.093309
1633,556,22,1,46.79,0.05,44.45,2026-08-08T22:40:32.093309
1634,556,81,2,207.83,0.0,415.66,2026-08-08T22:40:32.093309
1635,557,81,3,207.83,0.0,623.49,2026-06-27T17:06:32.093339
1636,557,115,3,213.29,0.0,639.87,2026-06-27T17:06:32.093339
1637,557,92,1,551.27,0.0,551.27,2026-06-27T17:06:32.093339
1638,557,84,2,358.51,0.05,681.17,2026-06-27T17:06:32.093339
1639,557,20,1,1533.75,0.1,1380.38,2026-06-27T17:06:32.093339
1640,558,10,2,858.14,0.15,1458.84,2026-08-26T07:20:32.093374
1641,558,23,1,185.54,0.0,185.54,2026-08-26T07:20:32.093374
1642,558,108,2,407.19,0.0,814.38,2026-08-26T07:20:32.093374
1643,559,48,1,733.85,0.15,623.77,2026-08-11T22:36:32.093399
1644,559,103,2,298.36,0.0,596.72,2026-08-11T22:36:32.093399
1645,559,76,2,747.78,0.15,1271.23,2026-08-11T22:36:32.093399
1646,560,42,2,430.69,0.15,732.17,2026-05-08T00:22:32.093423
1647,560,22,1,46.79,0.15,39.77,2026-05-08T00:22:32.093423
1648,560,13,1,2066.14,0.15,1756.22,2026-05-08T00:22:32.093423
1649,560,117,2,1381.28,0.0,2762.56,2026-05-08T00:22:32.093423
1650,561,82,1,1537.26,0.0,1537.26,2026-05-08T03:30:32.093453
1651,561,79,3,219.09,0.0,657.27,2026-05-08T03:30:32.093453
1652,561,15,3,478.17,0.05,1362.78,2026-05-08T03:30:32.093453
1653,561,22,3,46.79,0.1,126.33,2026-05-08T03:30:32.093453
1654,562,3,1,540.29,0.0,540.29,2026-03-27T12:06:32.093481
1655,562,105,2,360.47,0.1,648.85,2026-03-27T12:06:32.093481
1656,563,118,1,31.27,0.15,26.58,2026-08-13T07:11:32.093502
1657,563,42,2,430.69,0.0,861.38,2026-08-13T07:11:32.093502
1658,563,2,3,439.91,0.15,1121.77,2026-08-13T07:11:32.093502
1659,563,115,2,213.29,0.0,426.58,2026-08-13T07:11:32.093502
1660,564,83,3,1243.0,0.1,3356.1,2026-06-01T08:22:32.093531
1661,564,88,2,775.06,0.15,1317.6,2026-06-01T08:22:32.093531
1662,565,50,2,935.89,0.15,1591.01,2026-03-23T21:30:32.093552
1663,566,20,2,1533.75,0.0,3067.5,2026-06-11T01:29:32.093568
1664,567,94,3,115.87,0.05,330.23,2026-04-28T00:45:32.093583
1665,567,14,3,287.84,0.0,863.52,2026-04-28T00:45:32.093583
1666,567,65,3,1979.06,0.1,5343.46,2026-04-28T00:45:32.093583
1667,567,79,3,219.09,0.0,657.27,2026-04-28T00:45:32.093583
1668,568,51,3,1446.49,0.0,4339.47,2026-07-27T00:01:32.093611
1669,568,104,1,1646.45,0.0,1646.45,2026-07-27T00:01:32.093611
1670,568,21,1,579.0,0.0,579.0,2026-07-27T00:01:32.093611
1671,568,80,2,596.68,0.0,1193.36,2026-07-27T00:01:32.093611
1672,568,62,2,1109.18,0.0,2218.36,2026-07-27T00:01:32.093611
1673,569,56,3,780.61,0.1,2107.65,2026-09-06T12:32:32.093643
1674,569,88,3,775.06,0.15,1976.4,2026-09-06T12:32:32.093643
1675,569,106,3,79.66,0.0,238.98,2026-09-06T12:32:32.093643
1676,569,45,2,610.17,0.05,1159.32,2026-09-06T12:32:32.093643
1677,569,111,2,340.18,0.0,680.36,2026-09-06T12:32:32.093643
1678,570,93,1,81.1,0.15,68.93,2026-09-10T09:36:32.093675
1679,570,74,2,377.0,0.0,754.0,2026-09-10T09:36:32.093675
1680,571,2,2,439.91,0.05,835.83,2026-07-13T01:18:32.093695
1681,571,86,3,517.65,0.0,1552.95,2026-07-13T01:18:32.093695
1682,571,52,2,92.69,0.0,185.38,2026-07-13T01:18:32.093695
1683,572,120,2,1388.53,0.0,2777.06,2026-06-28T03:56:32.093719
1684,572,12,3,1208.52,0.0,3625.56,2026-06-28T03:56:32.093719
1685,572,69,1,1640.23,0.0,1640.23,2026-06-28T03:56:32.093719
1686,572,80,1,596.68,0.05,566.85,2026-06-28T03:56:32.093719
1687,572,106,3,79.66,0.0,238.98,2026-06-28T03:56:32.093719
1688,573,40,1,693.12,0.1,623.81,2026-06-28T04:31:32.093752
1689,573,102,3,61.75,0.15,157.46,2026-06-28T04:31:32.093752
1690,573,82,2,1537.26,0.1,2767.07,2026-06-28T04:31:32.093752
1691,573,94,2,115.87,0.0,231.74,2026-06-28T04:31:32.093752
1692,573,53,2,1077.0,0.05,2046.3,2026-06-28T04:31:32.093752
1693,574,10,3,858.14,0.05,2445.7,2026-07-07T05:04:32.093784
1694,574,37,1,591.14,0.1,532.03,2026-07-07T05:04:32.093784
1695,574,81,2,207.83,0.0,415.66,2026-07-07T05:04:32.093784
1696,574,103,3,298.36,0.15,760.82,2026-07-07T05:04:32.093784
1697,574,78,2,219.47,0.0,438.94,2026-07-07T05:04:32.093784
1698,575,28,3,771.64,0.0,2314.92,2026-08-15T10:18:32.093814
1699,575,104,3,1646.45,0.0,4939.35,2026-08-15T10:18:32.093814
1700,576,82,1,1537.26,0.1,1383.53,2026-05-21T15:16:32.093835
1701,576,84,3,358.51,0.1,967.98,2026-05-21T15:16:32.093835
1702,576,119,1,45.9,0.0,45.9,2026-05-21T15:16:32.093835
1703,576,31,2,967.29,0.0,1934.58,2026-05-21T15:16:32.093835
1704,576,14,1,287.84,0.05,273.45,2026-05-21T15:16:32.093835
1705,577,120,3,1388.53,0.1,3749.03,2026-04-22T03:38:32.093867
1706,578,109,1,1094.28,0.1,984.85,2026-08-19T04:37:32.093883
1707,579,37,2,591.14,0.0,1182.28,2026-06-19T03:04:32.093903
1708,579,87,1,1696.52,0.15,1442.04,2026-06-19T03:04:32.093903
1709,579,18,3,390.89,0.0,1172.67,2026-06-19T03:04:32.093903
1710,580,63,1,1474.96,0.05,1401.21,2026-07-24T05:59:32.093936
1711,580,47,2,1270.2,0.15,2159.34,2026-07-24T05:59:32.093936
1712,580,70,1,518.03,0.0,518.03,2026-07-24T05:59:32.093936
1713,581,82,3,1537.26,0.0,4611.78,2026-05-29T07:31:32.093961
1714,581,73,3,721.9,0.0,2165.7,2026-05-29T07:31:32.093961
1715,581,18,1,390.89,0.0,390.89,2026-05-29T07:31:32.093961
1716,581,13,3,2066.14,0.15,5268.66,2026-05-29T07:31:32.093961
1717,582,62,3,1109.18,0.0,3327.54,2026-06-06T21:35:32.093989
1718,582,73,3,721.9,0.1,1949.13,2026-06-06T21:35:32.093989
1719,582,29,1,205.02,0.0,205.02,2026-06-06T21:35:32.093989
1720,582,69,2,1640.23,0.0,3280.46,2026-06-06T21:35:32.093989
1721,582,43,3,187.62,0.15,478.43,2026-06-06T21:35:32.093989
1722,583,79,1,219.09,0.0,219.09,2026-07-22T05:37:32.094021
1723,583,95,2,237.31,0.0,474.62,2026-07-22T05:37:32.094021
1724,583,115,1,213.29,0.0,213.29,2026-07-22T05:37:32.094021
1725,583,23,2,185.54,0.0,371.08,2026-07-22T05:37:32.094021
1726,584,13,2,2066.14,0.0,4132.28,2026-08-04T13:36:32.094050
1727,584,86,1,517.65,0.1,465.88,2026-08-04T13:36:32.094050
1728,584,6,3,1554.13,0.0,4662.39,2026-08-04T13:36:32.094050
1729,584,77,1,360.14,0.0,360.14,2026-08-04T13:36:32.094050
1730,585,40,2,693.12,0.15,1178.3,2026-06-29T06:43:32.094078
1731,585,31,3,967.29,0.0,2901.87,2026-06-29T06:43:32.094078
1732,585,114,1,48.79,0.15,41.47,2026-06-29T06:43:32.094078
1733,585,2,2,439.91,0.0,879.82,2026-06-29T06:43:32.094078
1734,585,38,3,1155.34,0.15,2946.12,2026-06-29T06:43:32.094078
1735,586,52,3,92.69,0.15,236.36,2026-08-24T12:16:32.094111
1736,586,4,2,1063.54,0.0,2127.08,2026-08-24T12:16:32.094111
1737,586,93,3,81.1,0.0,243.3,2026-08-24T12:16:32.094111
1738,586,107,1,1503.69,0.15,1278.14,2026-08-24T12:16:32.094111
1739,587,69,1,1640.23,0.0,1640.23,2026-04-11T22:45:32.094140
1740,587,4,1,1063.54,0.05,1010.36,2026-04-11T22:45:32.094140
1741,587,43,1,187.62,0.1,168.86,2026-04-11T22:45:32.094140
1742,587,50,2,935.89,0.0,1871.78,2026-04-11T22:45:32.094140
1743,587,51,3,1446.49,0.05,4122.5,2026-04-11T22:45:32.094140
1744,588,79,3,219.09,0.1,591.54,2026-08-28T09:48:32.094172
1745,589,89,3,493.15,0.05,1405.48,2026-07-22T00:11:32.094188
1746,589,2,3,439.91,0.1,1187.76,2026-07-22T00:11:32.094188
1747,589,101,3,1089.31,0.0,3267.93,2026-07-22T00:11:32.094188
1748,590,35,2,1414.87,0.0,2829.74,2026-04-10T17:05:32.094212
1749,590,28,2,771.64,0.0,1543.28,2026-04-10T17:05:32.094212
1750,591,102,3,61.75,0.0,185.25,2026-05-31T15:57:32.094232
1751,591,45,1,610.17,0.0,610.17,2026-05-31T15:57:32.094232
1752,592,50,3,935.89,0.05,2667.29,2026-07-29T13:37:32.094251
1753,593,15,1,478.17,0.0,478.17,2026-07-23T23:06:32.094267
1754,594,6,3,1554.13,0.1,4196.15,2026-05-05T09:34:32.094284
1755,594,32,1,1444.35,0.1,1299.91,2026-05-05T09:34:32.094284
1756,594,105,3,360.47,0.05,1027.34,2026-05-05T09:34:32.094284
1757,594,21,2,579.0,0.0,1158.0,2026-05-05T09:34:32.094284
1758,594,120,2,1388.53,0.0,2777.06,2026-05-05T09:34:32.094284
1759,595,40,2,693.12,0.0,1386.24,2026-04-09T02:25:32.094317
1760,595,76,3,747.78,0.0,2243.34,2026-04-09T02:25:32.094317
1761,595,69,2,1640.23,0.0,3280.46,2026-04-09T02:25:32.094317
1762,595,10,3,858.14,0.15,2188.26,2026-04-09T02:25:32.094317
1763,596,106,3,79.66,0.15,203.13,2026-04-24T18:15:32.094347
1764,597,73,1,721.9,0.1,649.71,2026-09-02T09:51:32.094364
1765,597,26,2,1615.36,0.0,3230.72,2026-09-02T09:51:32.094364
1766,598,22,2,46.79,0.0,93.58,2026-07-29T22:05:32.094384
1767,598,61,2,1557.98,0.0,3115.96,2026-07-29T22:05:32.094384
1768,598,40,1,693.12,0.1,623.81,2026-07-29T22:05:32.094384
1769,599,14,2,287.84,0.15,489.33,2026-07-02T13:27:32.094407
1770,599,70,1,518.03,0.05,492.13,2026-07-02T13:27:32.094407
1771,600,47,1,1270.2,0.1,1143.18,2026-08-17T09:33:32.094427
1772,601,12,2,1208.52,0.0,2417.04,2026-04-01T06:25:32.094444
1773,601,97,1,1192.46,0.0,1192.46,2026-04-01T06:25:32.094444
1774,601,4,2,1063.54,0.0,2127.08,2026-04-01T06:25:32.094444
1775,601,31,1,967.29,0.0,967.29,2026-04-01T06:25:32.094444
1776,601,84,3,358.51,0.05,1021.75,2026-04-01T06:25:32.094444
1777,602,36,1,97.84,0.05,92.95,2026-08-01T04:40:32.094476
1778,602,39,3,486.81,0.0,1460.43,2026-08-01T04:40:32.094476
1779,602,55,1,467.36,0.0,467.36,2026-08-01T04:40:32.094476
1780,602,60,2,824.84,0.0,1649.68,2026-08-01T04:40:32.094476
1781,603,79,1,219.09,0.0,219.09,2026-04-03T16:56:32.094504
1782,603,27,2,271.84,0.0,543.68,2026-04-03T16:56:32.094504
1783,603,32,2,1444.35,0.0,2888.7,2026-04-03T16:56:32.094504
1784,603,37,3,591.14,0.0,1773.42,2026-04-03T16:56:32.094504
1785,604,99,1,575.39,0.1,517.85,2026-04-04T10:51:32.094531
1786,605,61,2,1557.98,0.1,2804.36,2026-04-20T10:59:32.094547
1787,605,78,2,219.47,0.1,395.05,2026-04-20T10:59:32.094547
1788,605,50,3,935.89,0.15,2386.52,2026-04-20T10:59:32.094547
1789,605,54,1,1652.43,0.15,1404.57,2026-04-20T10:59:32.094547
1790,605,106,3,79.66,0.15,203.13,2026-04-20T10:59:32.094547
1791,606,83,2,1243.0,0.0,2486.0,2026-04-10T11:46:32.094581
1792,606,58,2,936.72,0.05,1779.77,2026-04-10T11:46:32.094581
1793,607,105,3,360.47,0.0,1081.41,2026-09-01T21:15:32.094601
1794,607,45,3,610.17,0.15,1555.93,2026-09-01T21:15:32.094601
1795,607,63,2,1474.96,0.15,2507.43,2026-09-01T21:15:32.094601
1796,608,26,1,1615.36,0.05,1534.59,2026-09-08T22:34:32.094625
1797,608,79,2,219.09,0.0,438.18,2026-09-08T22:34:32.094625
1798,608,46,1,25.75,0.0,25.75,2026-09-08T22:34:32.094625
1799,608,45,2,610.17,0.05,1159.32,2026-09-08T22:34:32.094625
1800,609,91,3,1357.23,0.1,3664.52,2026-06-22T21:33:32.094657
1801,609,22,1,46.79,0.0,46.79,2026-06-22T21:33:32.094657
1802,609,68,2,270.06,0.0,540.12,2026-06-22T21:33:32.094657
1803,609,4,2,1063.54,0.0,2127.08,2026-06-22T21:33:32.094657
1804,610,32,1,1444.35,0.05,1372.13,2026-06-06T21:27:32.094685
1805,610,54,2,1652.43,0.05,3139.62,2026-06-06T21:27:32.094685
1806,611,88,3,775.06,0.0,2325.18,2026-04-28T22:28:32.094705
1807,611,37,3,591.14,0.1,1596.08,2026-04-28T22:28:32.094705
1808,611,49,3,342.66,0.0,1027.98,2026-04-28T22:28:32.094705
1809,611,101,3,1089.31,0.0,3267.93,2026-04-28T22:28:32.094705
1810,611,6,2,1554.13,0.05,2952.85,2026-04-28T22:28:32.094705
1811,612,42,1,430.69,0.0,430.69,2026-05-18T03:41:32.094738
1812,612,77,2,360.14,0.0,720.28,2026-05-18T03:41:32.094738
1813,613,116,3,615.12,0.15,1568.56,2026-05-18T13:30:32.094758
1814,613,13,2,2066.14,0.0,4132.28,2026-05-18T13:30:32.094758
1815,613,61,1,1557.98,0.0,1557.98,2026-05-18T13:30:32.094758
1816,613,74,2,377.0,0.05,716.3,2026-05-18T13:30:32.094758
1817,614,25,1,257.25,0.0,257.25,2026-07-24T22:00:32.094786
1818,614,73,3,721.9,0.0,2165.7,2026-07-24T22:00:32.094786
1819,614,21,3,579.0,0.05,1650.15,2026-07-24T22:00:32.094786
1820,615,2,3,439.91,0.15,1121.77,2026-04-19T08:51:32.094810
1821,615,18,3,390.89,0.0,1172.67,2026-04-19T08:51:32.094810
1822,615,58,3,936.72,0.1,2529.14,2026-04-19T08:51:32.094810
1823,615,40,2,693.12,0.0,1386.24,2026-04-19T08:51:32.094810
1824,616,37,1,591.14,0.1,532.03,2026-07-07T17:11:32.094837
1825,616,94,3,115.87,0.1,312.85,2026-07-07T17:11:32.094837
1826,617,104,3,1646.45,0.0,4939.35,2026-05-26T08:35:32.094858
1827,617,115,2,213.29,0.0,426.58,2026-05-26T08:35:32.094858
1828,618,39,3,486.81,0.0,1460.43,2026-09-07T02:36:32.094879
1829,618,66,1,116.43,0.0,116.43,2026-09-07T02:36:32.094879
1830,618,25,3,257.25,0.0,771.75,2026-09-07T02:36:32.094879
1831,618,114,2,48.79,0.0,97.58,2026-09-07T02:36:32.094879
1832,619,29,2,205.02,0.05,389.54,2026-07-01T22:45:32.094922
1833,619,25,1,257.25,0.1,231.53,2026-07-01T22:45:32.094922
1834,620,35,1,1414.87,0.0,1414.87,2026-08-27T10:17:32.094942
1835,620,107,1,1503.69,0.0,1503.69,2026-08-27T10:17:32.094942
1836,621,104,3,1646.45,0.0,4939.35,2026-08-28T17:01:32.094962
1837,622,86,1,517.65,0.0,517.65,2026-05-11T08:31:32.094978
1838,622,108,3,407.19,0.0,1221.57,2026-05-11T08:31:32.094978
1839,622,66,1,116.43,0.05,110.61,2026-05-11T08:31:32.094978
1840,622,48,1,733.85,0.0,733.85,2026-05-11T08:31:32.094978
1841,623,52,2,92.69,0.0,185.38,2026-07-22T04:27:32.095005
1842,623,20,3,1533.75,0.05,4371.19,2026-07-22T04:27:32.095005
1843,623,92,1,551.27,0.0,551.27,2026-07-22T04:27:32.095005
1844,624,113,2,453.18,0.1,815.72,2026-03-27T09:05:32.095029
1845,624,101,2,1089.31,0.0,2178.62,2026-03-27T09:05:32.095029
1846,624,3,1,540.29,0.0,540.29,2026-03-27T09:05:32.095029
1847,624,13,2,2066.14,0.0,4132.28,2026-03-27T09:05:32.095029
1848,624,28,3,771.64,0.1,2083.43,2026-03-27T09:05:32.095029
1849,625,77,1,360.14,0.15,306.12,2026-09-19T07:27:32.095062
1850,625,6,1,1554.13,0.0,1554.13,2026-09-19T07:27:32.095062
1851,625,19,3,1096.11,0.0,3288.33,2026-09-19T07:27:32.095062
1852,625,17,2,1226.38,0.0,2452.76,2026-09-19T07:27:32.095062
1853,625,35,3,1414.87,0.05,4032.38,2026-09-19T07:27:32.095062
1854,626,83,2,1243.0,0.0,2486.0,2026-06-10T01:35:32.095094
1855,627,93,2,81.1,0.1,145.98,2026-03-30T23:36:32.095110
1856,627,62,2,1109.18,0.0,2218.36,2026-03-30T23:36:32.095110
1857,627,29,3,205.02,0.0,615.06,2026-03-30T23:36:32.095110
1858,627,8,1,104.24,0.1,93.82,2026-03-30T23:36:32.095110
1859,627,86,2,517.65,0.0,1035.3,2026-03-30T23:36:32.095110
1860,628,19,3,1096.11,0.0,3288.33,2026-04-19T21:13:32.095142
1861,628,39,3,486.81,0.0,1460.43,2026-04-19T21:13:32.095142
1862,628,21,2,579.0,0.05,1100.1,2026-04-19T21:13:32.095142
1863,629,38,3,1155.34,0.15,2946.12,2026-06-21T02:49:32.095166
1864,629,46,3,25.75,0.0,77.25,2026-06-21T02:49:32.095166
1865,629,13,1,2066.14,0.15,1756.22,2026-06-21T02:49:32.095166
1866,630,55,1,467.36,0.0,467.36,2026-06-25T17:37:32.095190
1867,630,53,3,1077.0,0.05,3069.45,2026-06-25T17:37:32.095190
1868,631,45,3,610.17,0.15,1555.93,2026-08-25T09:52:32.095210
1869,632,77,2,360.14,0.0,720.28,2026-05-17T21:30:32.095226
1870,633,48,2,733.85,0.0,1467.7,2026-05-25T11:06:32.095241
1871,634,38,1,1155.34,0.05,1097.57,2026-04-14T12:33:32.095256
1872,634,111,1,340.18,0.0,340.18,2026-04-14T12:33:32.095256
1873,634,26,3,1615.36,0.05,4603.78,2026-04-14T12:33:32.095256
1874,635,56,2,780.61,0.1,1405.1,2026-08-24T16:26:32.095280
1875,636,99,1,575.39,0.1,517.85,2026-09-15T17:56:32.095295
1876,637,118,1,31.27,0.0,31.27,2026-08-09T06:20:32.095310
1877,637,60,3,824.84,0.15,2103.34,2026-08-09T06:20:32.095310
1878,637,50,2,935.89,0.0,1871.78,2026-08-09T06:20:32.095310
1879,637,99,1,575.39,0.0,575.39,2026-08-09T06:20:32.095310
1880,638,109,1,1094.28,0.05,1039.57,2026-04-30T17:37:32.095338
1881,638,49,3,342.66,0.0,1027.98,2026-04-30T17:37:32.095338
1882,639,115,3,213.29,0.1,575.88,2026-04-04T16:52:32.095359
1883,640,106,2,79.66,0.15,135.42,2026-06-19T22:00:32.095374
1884,640,23,2,185.54,0.15,315.42,2026-06-19T22:00:32.095374
1885,640,73,1,721.9,0.05,685.8,2026-06-19T22:00:32.095374
1886,640,80,3,596.68,0.0,1790.04,2026-06-19T22:00:32.095374
1887,640,48,2,733.85,0.0,1467.7,2026-06-19T22:00:32.095374
1888,641,53,2,1077.0,0.05,2046.3,2026-05-05T05:55:32.095407
1889,641,97,1,1192.46,0.0,1192.46,2026-05-05T05:55:32.095407
1890,641,55,3,467.36,0.0,1402.08,2026-05-05T05:55:32.095407
1891,641,12,1,1208.52,0.0,1208.52,2026-05-05T05:55:32.095407
1892,642,62,3,1109.18,0.1,2994.79,2026-05-19T08:10:32.095434
1893,642,71,1,684.07,0.0,684.07,2026-05-19T08:10:32.095434
1894,642,117,3,1381.28,0.05,3936.65,2026-05-19T08:10:32.095434
1895,642,98,1,643.73,0.15,547.17,2026-05-19T08:10:32.095434
1896,642,32,2,1444.35,0.0,2888.7,2026-05-19T08:10:32.095434
1897,643,21,1,579.0,0.15,492.15,2026-08-21T18:13:32.095466
1898,643,56,2,780.61,0.05,1483.16,2026-08-21T18:13:32.095466
1899,643,81,1,207.83,0.0,207.83,2026-08-21T18:13:32.095466
1900,643,95,3,237.31,0.0,711.93,2026-08-21T18:13:32.095466
1901,644,118,3,31.27,0.15,79.74,2026-06-18T07:34:32.095494
1902,644,19,3,1096.11,0.0,3288.33,2026-06-18T07:34:32.095494
1903,644,95,2,237.31,0.1,427.16,2026-06-18T07:34:32.095494
1904,644,26,1,1615.36,0.0,1615.36,2026-06-18T07:34:32.095494
1905,645,100,3,1296.05,0.05,3693.74,2026-06-07T01:42:32.095521
1906,645,41,1,1658.14,0.0,1658.14,2026-06-07T01:42:32.095521
1907,645,72,2,856.16,0.0,1712.32,2026-06-07T01:42:32.095521
1908,645,63,3,1474.96,0.0,4424.88,2026-06-07T01:42:32.095521
1909,645,80,3,596.68,0.0,1790.04,2026-06-07T01:42:32.095521
1910,646,4,2,1063.54,0.0,2127.08,2026-04-02T04:12:32.095553
1911,646,91,3,1357.23,0.1,3664.52,2026-04-02T04:12:32.095553
1912,646,102,1,61.75,0.0,61.75,2026-04-02T04:12:32.095553
1913,647,111,1,340.18,0.15,289.15,2026-06-21T04:01:32.095577
1914,647,38,3,1155.34,0.0,3466.02,2026-06-21T04:01:32.095577
1915,647,53,1,1077.0,0.15,915.45,2026-06-21T04:01:32.095577
1916,647,42,3,430.69,0.15,1098.26,2026-06-21T04:01:32.095577
1917,648,115,1,213.29,0.1,191.96,2026-06-12T23:46:32.095605
1918,648,53,3,1077.0,0.15,2746.35,2026-06-12T23:46:32.095605
1919,648,80,3,596.68,0.1,1611.04,2026-06-12T23:46:32.095605
1920,648,48,1,733.85,0.05,697.16,2026-06-12T23:46:32.095605
1921,648,34,1,1474.08,0.0,1474.08,2026-06-12T23:46:32.095605
1922,649,93,3,81.1,0.15,206.8,2026-06-18T20:35:32.095637
1923,649,32,3,1444.35,0.0,4333.05,2026-06-18T20:35:32.095637
1924,649,10,1,858.14,0.0,858.14,2026-06-18T20:35:32.095637
1925,649,47,1,1270.2,0.0,1270.2,2026-06-18T20:35:32.095637
1926,649,82,3,1537.26,0.0,4611.78,2026-06-18T20:35:32.095637
1927,650,12,3,1208.52,0.0,3625.56,2026-05-23T16:15:32.095670
1928,650,48,2,733.85,0.05,1394.32,2026-05-23T16:15:32.095670
1929,650,71,3,684.07,0.0,2052.21,2026-05-23T16:15:32.095670
1930,651,56,3,780.61,0.0,2341.83,2026-09-04T22:45:32.095695
1931,651,53,3,1077.0,0.05,3069.45,2026-09-04T22:45:32.095695
1932,651,12,3,1208.52,0.05,3444.28,2026-09-04T22:45:32.095695
1933,652,32,3,1444.35,0.1,3899.74,2026-05-02T04:24:32.095719
1934,652,23,1,185.54,0.05,176.26,2026-05-02T04:24:32.095719
1935,653,23,2,185.54,0.05,352.53,2026-09-09T11:39:32.095738
1936,653,40,3,693.12,0.05,1975.39,2026-09-09T11:39:32.095738
1937,653,74,2,377.0,0.05,716.3,2026-09-09T11:39:32.095738
1938,653,61,3,1557.98,0.0,4673.94,2026-09-09T11:39:32.095738
1939,653,18,1,390.89,0.1,351.8,2026-09-09T11:39:32.095738
1940,654,105,1,360.47,0.0,360.47,2026-03-24T08:16:32.095770
1941,654,51,3,1446.49,0.0,4339.47,2026-03-24T08:16:32.095770
1942,655,98,3,643.73,0.15,1641.51,2026-07-05T23:52:32.095790
1943,655,72,2,856.16,0.0,1712.32,2026-07-05T23:52:32.095790
1944,655,60,1,824.84,0.05,783.6,2026-07-05T23:52:32.095790
1945,656,14,1,287.84,0.0,287.84,2026-05-01T01:20:32.095831
1946,656,44,1,1108.44,0.1,997.6,2026-05-01T01:20:32.095831
1947,656,19,1,1096.11,0.15,931.69,2026-05-01T01:20:32.095831
1948,656,71,2,684.07,0.0,1368.14,2026-05-01T01:20:32.095831
1949,657,102,3,61.75,0.1,166.72,2026-07-23T05:12:32.095860
1950,657,100,2,1296.05,0.0,2592.1,2026-07-23T05:12:32.095860
1951,658,53,2,1077.0,0.0,2154.0,2026-09-01T15:34:32.095882
1952,659,46,2,25.75,0.0,51.5,2026-04-10T11:00:32.095899
1953,659,54,1,1652.43,0.0,1652.43,2026-04-10T11:00:32.095899
1954,659,76,1,747.78,0.15,635.61,2026-04-10T11:00:32.095899
1955,660,5,2,1081.58,0.1,1946.84,2026-05-13T05:42:32.095923
1956,660,21,2,579.0,0.1,1042.2,2026-05-13T05:42:32.095923
1957,660,30,2,539.5,0.05,1025.05,2026-05-13T05:42:32.095923
1958,660,54,1,1652.43,0.05,1569.81,2026-05-13T05:42:32.095923
1959,661,20,2,1533.75,0.1,2760.75,2026-08-13T15:30:32.095952
1960,661,42,3,430.69,0.0,1292.07,2026-08-13T15:30:32.095952
1961,662,94,3,115.87,0.0,347.61,2026-04-25T16:48:32.095971
1962,662,25,1,257.25,0.0,257.25,2026-04-25T16:48:32.095971
1963,663,76,1,747.78,0.0,747.78,2026-05-18T20:17:32.095991
1964,663,46,1,25.75,0.0,25.75,2026-05-18T20:17:32.095991
1965,664,19,2,1096.11,0.05,2082.61,2026-08-16T11:33:32.096011
1966,664,76,3,747.78,0.1,2019.01,2026-08-16T11:33:32.096011
1967,664,70,1,518.03,0.05,492.13,2026-08-16T11:33:32.096011
1968,665,43,1,187.62,0.15,159.48,2026-05-13T20:03:32.096035
1969,666,6,3,1554.13,0.0,4662.39,2026-06-15T18:02:32.096051
1970,666,22,2,46.79,0.0,93.58,2026-06-15T18:02:32.096051
1971,666,107,1,1503.69,0.0,1503.69,2026-06-15T18:02:32.096051
1972,666,26,3,1615.36,0.1,4361.47,2026-06-15T18:02:32.096051
1973,666,83,1,1243.0,0.1,1118.7,2026-06-15T18:02:32.096051
1974,667,7,1,341.85,0.0,341.85,2026-05-31T20:54:32.096083
1975,667,34,2,1474.08,0.0,2948.16,2026-05-31T20:54:32.096083
1976,667,70,3,518.03,0.1,1398.68,2026-05-31T20:54:32.096083
1977,667,14,2,287.84,0.0,575.68,2026-05-31T20:54:32.096083
1978,668,14,2,287.84,0.15,489.33,2026-03-24T22:54:32.096112
1979,668,104,1,1646.45,0.05,1564.13,2026-03-24T22:54:32.096112
1980,668,62,2,1109.18,0.1,1996.52,2026-03-24T22:54:32.096112
1981,668,84,3,358.51,0.1,967.98,2026-03-24T22:54:32.096112
1982,668,44,3,1108.44,0.0,3325.32,2026-03-24T22:54:32.096112
1983,669,120,3,1388.53,0.05,3957.31,2026-05-17T11:58:32.096143
1984,669,3,2,540.29,0.0,1080.58,2026-05-17T11:58:32.096143
1985,669,99,2,575.39,0.15,978.16,2026-05-17T11:58:32.096143
1986,669,72,3,856.16,0.1,2311.63,2026-05-17T11:58:32.096143
1987,669,91,1,1357.23,0.0,1357.23,2026-05-17T11:58:32.096143
1988,670,6,3,1554.13,0.0,4662.39,2026-07-20T22:27:32.096176
1989,671,53,2,1077.0,0.05,2046.3,2026-08-17T01:17:32.096191
1990,671,106,1,79.66,0.05,75.68,2026-08-17T01:17:32.096191
1991,671,74,1,377.0,0.15,320.45,2026-08-17T01:17:32.096191
1992,671,19,3,1096.11,0.0,3288.33,2026-08-17T01:17:32.096191
1993,671,80,3,596.68,0.05,1700.54,2026-08-17T01:17:32.096191
1994,672,17,3,1226.38,0.1,3311.23,2026-04-13T10:31:32.096224
1995,672,90,3,1214.39,0.1,3278.85,2026-04-13T10:31:32.096224
1996,672,15,1,478.17,0.0,478.17,2026-04-13T10:31:32.096224
1997,673,32,3,1444.35,0.1,3899.74,2026-05-24T06:35:32.096247
1998,673,49,3,342.66,0.0,1027.98,2026-05-24T06:35:32.096247
1999,674,61,2,1557.98,0.0,3115.96,2026-06-06T03:12:32.096270
2000,675,113,2,453.18,0.1,815.72,2026-05-19T23:20:32.096285
2001,675,3,2,540.29,0.0,1080.58,2026-05-19T23:20:32.096285
2002,675,34,1,1474.08,0.0,1474.08,2026-05-19T23:20:32.096285
2003,675,51,1,1446.49,0.0,1446.49,2026-05-19T23:20:32.096285
2004,676,76,3,747.78,0.0,2243.34,2026-08-12T10:32:32.096312
2005,676,48,1,733.85,0.05,697.16,2026-08-12T10:32:32.096312
2006,676,28,3,771.64,0.0,2314.92,2026-08-12T10:32:32.096312
2007,677,15,3,478.17,0.15,1219.33,2026-04-21T09:58:32.096424
2008,677,117,3,1381.28,0.0,4143.84,2026-04-21T09:58:32.096424
2009,677,81,3,207.83,0.1,561.14,2026-04-21T09:58:32.096424
2010,677,66,1,116.43,0.05,110.61,2026-04-21T09:58:32.096424
2011,677,46,1,25.75,0.0,25.75,2026-04-21T09:58:32.096424
2012,678,69,3,1640.23,0.15,4182.59,2026-08-13T10:32:32.096458
2013,678,111,1,340.18,0.1,306.16,2026-08-13T10:32:32.096458
2014,678,76,2,747.78,0.0,1495.56,2026-08-13T10:32:32.096458
2015,679,71,1,684.07,0.0,684.07,2026-06-16T04:35:32.096483
2016,679,117,2,1381.28,0.15,2348.18,2026-06-16T04:35:32.096483
2017,680,31,1,967.29,0.15,822.2,2026-04-11T01:07:32.096503
2018,680,13,1,2066.14,0.0,2066.14,2026-04-11T01:07:32.096503
2019,681,47,2,1270.2,0.0,2540.4,2026-07-15T12:21:32.096524
2020,681,14,2,287.84,0.05,546.9,2026-07-15T12:21:32.096524
2021,681,74,3,377.0,0.0,1131.0,2026-07-15T12:21:32.096524
2022,682,83,3,1243.0,0.0,3729.0,2026-05-13T10:55:32.096548
2023,682,98,1,643.73,0.0,643.73,2026-05-13T10:55:32.096548
2024,683,5,3,1081.58,0.0,3244.74,2026-08-20T05:19:32.096568
2025,683,48,1,733.85,0.0,733.85,2026-08-20T05:19:32.096568
2026,683,12,2,1208.52,0.1,2175.34,2026-08-20T05:19:32.096568
2027,683,113,2,453.18,0.15,770.41,2026-08-20T05:19:32.096568
2028,683,54,1,1652.43,0.15,1404.57,2026-08-20T05:19:32.096568
2029,684,35,1,1414.87,0.0,1414.87,2026-06-08T18:19:32.096600
2030,684,45,3,610.17,0.1,1647.46,2026-06-08T18:19:32.096600
2031,685,108,2,407.19,0.1,732.94,2026-08-30T03:05:32.096620
2032,685,114,3,48.79,0.0,146.37,2026-08-30T03:05:32.096620
2033,685,13,2,2066.14,0.0,4132.28,2026-08-30T03:05:32.096620
2034,685,76,1,747.78,0.0,747.78,2026-08-30T03:05:32.096620
2035,685,25,2,257.25,0.1,463.05,2026-08-30T03:05:32.096620
2036,686,103,3,298.36,0.05,850.33,2026-09-19T13:48:32.096652
2037,687,27,2,271.84,0.0,543.68,2026-04-02T03:33:32.096669
2038,688,117,2,1381.28,0.0,2762.56,2026-07-14T14:58:32.096685
2039,689,84,3,358.51,0.15,914.2,2026-05-04T15:53:32.096701
2040,689,27,2,271.84,0.1,489.31,2026-05-04T15:53:32.096701
2041,689,107,2,1503.69,0.1,2706.64,2026-05-04T15:53:32.096701
2042,690,102,1,61.75,0.1,55.58,2026-05-06T06:49:32.096725
2043,690,42,3,430.69,0.1,1162.86,2026-05-06T06:49:32.096725
2044,690,101,1,1089.31,0.15,925.91,2026-05-06T06:49:32.096725
2045,691,69,2,1640.23,0.0,3280.46,2026-09-18T22:47:32.096750
2046,691,10,2,858.14,0.0,1716.28,2026-09-18T22:47:32.096750
2047,691,13,1,2066.14,0.0,2066.14,2026-09-18T22:47:32.096750
2048,692,63,3,1474.96,0.0,4424.88,2026-04-20T23:10:32.096774
2049,692,54,3,1652.43,0.0,4957.29,2026-04-20T23:10:32.096774
2050,692,78,1,219.47,0.0,219.47,2026-04-20T23:10:32.096774
2051,692,66,1,116.43,0.15,98.97,2026-04-20T23:10:32.096774
2052,692,98,2,643.73,0.05,1223.09,2026-04-20T23:10:32.096774
2053,693,13,3,2066.14,0.0,6198.42,2026-09-01T05:30:32.096816
2054,693,105,3,360.47,0.0,1081.41,2026-09-01T05:30:32.096816
2055,693,7,1,341.85,0.0,341.85,2026-09-01T05:30:32.096816
2056,693,115,2,213.29,0.15,362.59,2026-09-01T05:30:32.096816
2057,693,14,2,287.84,0.1,518.11,2026-09-01T05:30:32.096816
2058,694,82,1,1537.26,0.0,1537.26,2026-08-17T10:50:32.096850
2059,695,109,1,1094.28,0.1,984.85,2026-04-03T08:48:32.096866
2060,695,80,3,596.68,0.05,1700.54,2026-04-03T08:48:32.096866
2061,695,84,3,358.51,0.1,967.98,2026-04-03T08:48:32.096866
2062,696,29,3,205.02,0.15,522.8,2026-07-08T03:23:32.096891
2063,697,99,1,575.39,0.05,546.62,2026-05-14T09:47:32.096908
2064,697,113,2,453.18,0.1,815.72,2026-05-14T09:47:32.096908
2065,697,12,3,1208.52,0.05,3444.28,2026-05-14T09:47:32.096908
2066,698,43,3,187.62,0.0,562.86,2026-05-27T08:31:32.096932
2067,698,42,3,430.69,0.0,1292.07,2026-05-27T08:31:32.096932
2068,698,29,1,205.02,0.0,205.02,2026-05-27T08:31:32.096932
2069,699,45,1,610.17,0.0,610.17,2026-06-20T12:08:32.096956
2070,699,73,3,721.9,0.0,2165.7,2026-06-20T12:08:32.096956
2071,699,12,3,1208.52,0.0,3625.56,2026-06-20T12:08:32.096956
2072,700,49,1,342.66,0.1,308.39,2026-05-21T18:22:32.096979
2073,700,15,1,478.17,0.1,430.35,2026-05-21T18:22:32.096979
2074,700,22,2,46.79,0.0,93.58,2026-05-21T18:22:32.096979
2075,700,20,3,1533.75,0.1,4141.12,2026-05-21T18:22:32.096979
2076,700,102,2,61.75,0.0,123.5,2026-05-21T18:22:32.096979
2077,701,35,3,1414.87,0.0,4244.61,2026-06-10T10:35:32.097011
2078,701,21,3,579.0,0.0,1737.0,2026-06-10T10:35:32.097011
2079,701,118,2,31.27,0.15,53.16,2026-06-10T10:35:32.097011
2080,702,71,3,684.07,0.15,1744.38,2026-08-13T15:47:32.097035
2081,702,34,3,1474.08,0.0,4422.24,2026-08-13T15:47:32.097035
2082,702,56,1,780.61,0.0,780.61,2026-08-13T15:47:32.097035
2083,702,92,3,551.27,0.1,1488.43,2026-08-13T15:47:32.097035
2084,703,34,1,1474.08,0.05,1400.38,2026-04-21T17:34:32.097063
2085,703,77,1,360.14,0.05,342.13,2026-04-21T17:34:32.097063
2086,703,118,3,31.27,0.15,79.74,2026-04-21T17:34:32.097063
2087,704,76,3,747.78,0.0,2243.34,2026-08-13T06:32:32.097087
2088,704,101,1,1089.31,0.15,925.91,2026-08-13T06:32:32.097087
2089,704,68,2,270.06,0.0,540.12,2026-08-13T06:32:32.097087
2090,704,2,3,439.91,0.0,1319.73,2026-08-13T06:32:32.097087
2091,705,69,2,1640.23,0.0,3280.46,2026-07-02T03:43:32.097116
2092,705,38,3,1155.34,0.15,2946.12,2026-07-02T03:43:32.097116
2093,705,106,3,79.66,0.0,238.98,2026-07-02T03:43:32.097116
2094,706,101,3,1089.31,0.05,3104.53,2026-04-12T03:12:32.097140
2095,706,23,2,185.54,0.0,371.08,2026-04-12T03:12:32.097140
2096,706,70,2,518.03,0.05,984.26,2026-04-12T03:12:32.097140
2097,707,54,1,1652.43,0.0,1652.43,2026-06-06T00:07:32.097164
2098,707,22,1,46.79,0.0,46.79,2026-06-06T00:07:32.097164
2099,708,35,1,1414.87,0.0,1414.87,2026-08-05T15:35:32.097184
2100,708,38,2,1155.34,0.0,2310.68,2026-08-05T15:35:32.097184
2101,708,47,1,1270.2,0.15,1079.67,2026-08-05T15:35:32.097184
2102,708,100,2,1296.05,0.0,2592.1,2026-08-05T15:35:32.097184
2103,709,36,3,97.84,0.15,249.49,2026-03-26T00:56:32.097212
2104,709,8,1,104.24,0.1,93.82,2026-03-26T00:56:32.097212
2105,709,14,3,287.84,0.15,733.99,2026-03-26T00:56:32.097212
2106,709,43,1,187.62,0.0,187.62,2026-03-26T00:56:32.097212
2107,709,62,3,1109.18,0.15,2828.41,2026-03-26T00:56:32.097212
2108,710,105,1,360.47,0.0,360.47,2026-08-05T05:50:32.097244
2109,710,14,2,287.84,0.0,575.68,2026-08-05T05:50:32.097244
2110,710,34,1,1474.08,0.0,1474.08,2026-08-05T05:50:32.097244
2111,710,30,3,539.5,0.0,1618.5,2026-08-05T05:50:32.097244
2112,710,28,1,771.64,0.05,733.06,2026-08-05T05:50:32.097244
2113,711,108,1,407.19,0.1,366.47,2026-07-05T09:11:32.097277
2114,711,7,3,341.85,0.0,1025.55,2026-07-05T09:11:32.097277
2115,711,6,3,1554.13,0.15,3963.03,2026-07-05T09:11:32.097277
2116,712,21,1,579.0,0.1,521.1,2026-08-01T00:48:32.097300
2117,712,105,2,360.47,0.15,612.8,2026-08-01T00:48:32.097300
2118,713,7,2,341.85,0.15,581.14,2026-08-10T19:20:32.097320
2119,713,70,2,518.03,0.0,1036.06,2026-08-10T19:20:32.097320
2120,713,93,1,81.1,0.1,72.99,2026-08-10T19:20:32.097320
2121,714,6,2,1554.13,0.0,3108.26,2026-05-11T08:24:32.097344
2122,714,30,2,539.5,0.05,1025.05,2026-05-11T08:24:32.097344
2123,714,81,1,207.83,0.0,207.83,2026-05-11T08:24:32.097344
2124,714,73,2,721.9,0.15,1227.23,2026-05-11T08:24:32.097344
2125,715,77,1,360.14,0.15,306.12,2026-03-30T22:51:32.097373
2126,716,51,1,1446.49,0.0,1446.49,2026-06-12T22:55:32.097388
2127,717,83,1,1243.0,0.1,1118.7,2026-08-05T00:11:32.097403
2128,717,86,3,517.65,0.1,1397.65,2026-08-05T00:11:32.097403
2129,717,109,1,1094.28,0.0,1094.28,2026-08-05T00:11:32.097403
2130,717,88,1,775.06,0.0,775.06,2026-08-05T00:11:32.097403
2131,717,22,3,46.79,0.15,119.31,2026-08-05T00:11:32.097403
2132,718,15,1,478.17,0.15,406.44,2026-04-02T17:49:32.097436
2133,718,45,2,610.17,0.1,1098.31,2026-04-02T17:49:32.097436
2134,718,114,1,48.79,0.0,48.79,2026-04-02T17:49:32.097436
2135,718,10,2,858.14,0.15,1458.84,2026-04-02T17:49:32.097436
2136,719,50,1,935.89,0.0,935.89,2026-08-30T10:08:32.097464
2137,719,78,2,219.47,0.0,438.94,2026-08-30T10:08:32.097464
2138,719,32,3,1444.35,0.0,4333.05,2026-08-30T10:08:32.097464
2139,719,118,3,31.27,0.0,93.81,2026-08-30T10:08:32.097464
2140,719,23,2,185.54,0.05,352.53,2026-08-30T10:08:32.097464
2141,720,19,1,1096.11,0.0,1096.11,2026-04-05T13:00:32.097497
2142,721,77,1,360.14,0.0,360.14,2026-07-05T18:32:32.097513
2143,722,117,3,1381.28,0.0,4143.84,2026-08-02T01:03:32.097529
2144,722,116,1,615.12,0.0,615.12,2026-08-02T01:03:32.097529
2145,722,8,3,104.24,0.1,281.45,2026-08-02T01:03:32.097529
2146,723,103,2,298.36,0.0,596.72,2026-09-14T00:58:32.097552
2147,723,5,3,1081.58,0.05,3082.5,2026-09-14T00:58:32.097552
2148,723,89,2,493.15,0.1,887.67,2026-09-14T00:58:32.097552
2149,724,21,3,579.0,0.1,1563.3,2026-06-16T11:29:32.097576
2150,724,18,2,390.89,0.05,742.69,2026-06-16T11:29:32.097576
2151,724,59,3,1201.61,0.0,3604.83,2026-06-16T11:29:32.097576
2152,724,119,2,45.9,0.0,91.8,2026-06-16T11:29:32.097576
2153,725,30,1,539.5,0.0,539.5,2026-07-31T05:26:32.097603
2154,725,28,1,771.64,0.0,771.64,2026-07-31T05:26:32.097603
2155,725,46,2,25.75,0.1,46.35,2026-07-31T05:26:32.097603
2156,725,52,1,92.69,0.1,83.42,2026-07-31T05:26:32.097603
2157,725,107,2,1503.69,0.0,3007.38,2026-07-31T05:26:32.097603
2158,726,3,1,540.29,0.1,486.26,2026-08-02T16:24:32.097635
2159,726,14,2,287.84,0.1,518.11,2026-08-02T16:24:32.097635
2160,727,39,2,486.81,0.15,827.58,2026-03-28T23:54:32.097655
2161,727,29,2,205.02,0.05,389.54,2026-03-28T23:54:32.097655
2162,728,42,3,430.69,0.05,1227.47,2026-05-23T17:58:32.097675
2163,728,115,3,213.29,0.15,543.89,2026-05-23T17:58:32.097675
2164,728,28,3,771.64,0.05,2199.17,2026-05-23T17:58:32.097675
2165,728,71,2,684.07,0.0,1368.14,2026-05-23T17:58:32.097675
2166,728,53,1,1077.0,0.1,969.3,2026-05-23T17:58:32.097675
2167,729,40,3,693.12,0.0,2079.36,2026-07-03T06:12:32.097706
2168,729,61,3,1557.98,0.0,4673.94,2026-07-03T06:12:32.097706
2169,729,107,2,1503.69,0.1,2706.64,2026-07-03T06:12:32.097706
2170,730,116,2,615.12,0.0,1230.24,2026-08-13T20:12:32.097730
2171,730,115,2,213.29,0.1,383.92,2026-08-13T20:12:32.097730
2172,731,68,2,270.06,0.15,459.1,2026-03-27T11:30:32.097749
2173,731,98,1,643.73,0.05,611.54,2026-03-27T11:30:32.097749
2174,731,10,2,858.14,0.0,1716.28,2026-03-27T11:30:32.097749
2175,731,15,3,478.17,0.0,1434.51,2026-03-27T11:30:32.097749
2176,731,29,1,205.02,0.1,184.52,2026-03-27T11:30:32.097749
2177,732,111,3,340.18,0.0,1020.54,2026-07-21T16:45:32.097780
2178,732,61,2,1557.98,0.1,2804.36,2026-07-21T16:45:32.097780
2179,732,49,2,342.66,0.0,685.32,2026-07-21T16:45:32.097780
2180,732,3,1,540.29,0.0,540.29,2026-07-21T16:45:32.097780
2181,733,73,1,721.9,0.0,721.9,2026-08-05T05:15:32.097818
2182,733,20,3,1533.75,0.05,4371.19,2026-08-05T05:15:32.097818
2183,733,61,1,1557.98,0.05,1480.08,2026-08-05T05:15:32.097818
2184,734,18,3,390.89,0.0,1172.67,2026-04-19T13:40:32.097844
2185,735,41,2,1658.14,0.0,3316.28,2026-04-18T07:26:32.097859
2186,735,71,1,684.07,0.0,684.07,2026-04-18T07:26:32.097859
2187,736,15,3,478.17,0.0,1434.51,2026-07-02T02:27:32.097880
2188,736,46,1,25.75,0.0,25.75,2026-07-02T02:27:32.097880
2189,737,34,1,1474.08,0.05,1400.38,2026-04-27T05:14:32.097900
2190,737,29,3,205.02,0.1,553.55,2026-04-27T05:14:32.097900
2191,737,20,3,1533.75,0.0,4601.25,2026-04-27T05:14:32.097900
2192,737,65,1,1979.06,0.0,1979.06,2026-04-27T05:14:32.097900
2193,738,66,3,116.43,0.0,349.29,2026-09-03T13:06:32.097928
2194,738,32,1,1444.35,0.0,1444.35,2026-09-03T13:06:32.097928
2195,739,98,2,643.73,0.0,1287.46,2026-05-23T17:32:32.097948
2196,739,2,1,439.91,0.1,395.92,2026-05-23T17:32:32.097948
2197,739,8,3,104.24,0.0,312.72,2026-05-23T17:32:32.097948
2198,740,88,1,775.06,0.0,775.06,2026-09-14T11:23:32.097972
2199,740,73,2,721.9,0.0,1443.8,2026-09-14T11:23:32.097972
2200,740,117,3,1381.28,0.15,3522.26,2026-09-14T11:23:32.097972
2201,740,50,1,935.89,0.15,795.51,2026-09-14T11:23:32.097972
2202,740,51,3,1446.49,0.1,3905.52,2026-09-14T11:23:32.097972
2203,741,25,3,257.25,0.15,655.99,2026-07-21T14:02:32.098004
2204,741,14,2,287.84,0.05,546.9,2026-07-21T14:02:32.098004
2205,742,40,3,693.12,0.15,1767.46,2026-08-20T12:30:32.098024
2206,742,50,3,935.89,0.05,2667.29,2026-08-20T12:30:32.098024
2207,742,52,2,92.69,0.05,176.11,2026-08-20T12:30:32.098024
2208,742,91,3,1357.23,0.05,3868.11,2026-08-20T12:30:32.098024
2209,743,113,1,453.18,0.0,453.18,2026-06-21T02:16:32.098052
2210,743,104,1,1646.45,0.0,1646.45,2026-06-21T02:16:32.098052
2211,743,98,3,643.73,0.0,1931.19,2026-06-21T02:16:32.098052
2212,744,72,2,856.16,0.0,1712.32,2026-08-12T02:36:32.098075
2213,744,21,3,579.0,0.05,1650.15,2026-08-12T02:36:32.098075
2214,745,10,3,858.14,0.1,2316.98,2026-05-08T08:32:32.098096
2215,746,21,1,579.0,0.1,521.1,2026-03-27T10:40:32.098112
2216,746,4,2,1063.54,0.1,1914.37,2026-03-27T10:40:32.098112
2217,747,72,3,856.16,0.0,2568.48,2026-07-23T20:35:32.098131
2218,748,100,2,1296.05,0.0,2592.1,2026-04-05T19:33:32.098147
2219,748,115,1,213.29,0.0,213.29,2026-04-05T19:33:32.098147
2220,749,35,3,1414.87,0.15,3607.92,2026-07-13T23:15:32.098168
2221,749,115,3,213.29,0.0,639.87,2026-07-13T23:15:32.098168
2222,749,93,3,81.1,0.0,243.3,2026-07-13T23:15:32.098168
2223,749,10,3,858.14,0.1,2316.98,2026-07-13T23:15:32.098168
2224,749,48,3,733.85,0.15,1871.32,2026-07-13T23:15:32.098168
2225,750,78,2,219.47,0.05,416.99,2026-06-15T03:22:32.098200
2226,750,93,2,81.1,0.0,162.2,2026-06-15T03:22:32.098200
2227,751,36,3,97.84,0.0,293.52,2026-06-11T17:24:32.098224
2228,751,74,2,377.0,0.0,754.0,2026-06-11T17:24:32.098224
2229,751,17,2,1226.38,0.05,2330.12,2026-06-11T17:24:32.098224
2230,752,5,3,1081.58,0.0,3244.74,2026-04-27T10:47:32.098249
2231,752,12,3,1208.52,0.0,3625.56,2026-04-27T10:47:32.098249
2232,752,38,1,1155.34,0.0,1155.34,2026-04-27T10:47:32.098249
2233,753,77,2,360.14,0.1,648.25,2026-08-17T04:07:32.098273
2234,753,23,3,185.54,0.0,556.62,2026-08-17T04:07:32.098273
2235,753,109,2,1094.28,0.15,1860.28,2026-08-17T04:07:32.098273
2236,754,94,2,115.87,0.15,196.98,2026-05-19T19:17:32.098297
2237,754,4,3,1063.54,0.0,3190.62,2026-05-19T19:17:32.098297
2238,754,36,2,97.84,0.0,195.68,2026-05-19T19:17:32.098297
2239,755,36,2,97.84,0.15,166.33,2026-04-22T22:19:32.098321
2240,756,91,1,1357.23,0.1,1221.51,2026-04-13T03:02:32.098337
2241,756,43,1,187.62,0.0,187.62,2026-04-13T03:02:32.098337
2242,756,70,3,518.03,0.0,1554.09,2026-04-13T03:02:32.098337
2243,756,44,2,1108.44,0.0,2216.88,2026-04-13T03:02:32.098337
2244,757,86,1,517.65,0.15,440.0,2026-07-25T00:55:32.098368
2245,757,99,1,575.39,0.0,575.39,2026-07-25T00:55:32.098368
2246,757,78,1,219.47,0.05,208.5,2026-07-25T00:55:32.098368
2247,758,69,3,1640.23,0.0,4920.69,2026-05-20T08:56:32.098392
2248,758,106,2,79.66,0.15,135.42,2026-05-20T08:56:32.098392
2249,758,103,3,298.36,0.0,895.08,2026-05-20T08:56:32.098392
2250,759,27,3,271.84,0.0,815.52,2026-04-17T08:09:32.098416
2251,759,25,1,257.25,0.15,218.66,2026-04-17T08:09:32.098416
2252,760,2,1,439.91,0.15,373.92,2026-07-07T12:59:32.098436
2253,760,44,3,1108.44,0.0,3325.32,2026-07-07T12:59:32.098436
2254,760,106,2,79.66,0.1,143.39,2026-07-07T12:59:32.098436
2255,761,87,3,1696.52,0.0,5089.56,2026-07-26T00:42:32.098460
2256,761,65,2,1979.06,0.0,3958.12,2026-07-26T00:42:32.098460
2257,761,70,1,518.03,0.05,492.13,2026-07-26T00:42:32.098460
2258,761,46,2,25.75,0.05,48.92,2026-07-26T00:42:32.098460
2259,762,2,3,439.91,0.0,1319.73,2026-06-20T01:20:32.098493
2260,762,50,2,935.89,0.0,1871.78,2026-06-20T01:20:32.098493
2261,763,116,3,615.12,0.15,1568.56,2026-09-11T03:36:32.098514
2262,763,115,2,213.29,0.05,405.25,2026-09-11T03:36:32.098514
2263,763,3,1,540.29,0.0,540.29,2026-09-11T03:36:32.098514
2264,764,73,2,721.9,0.15,1227.23,2026-04-27T14:35:32.098537
2265,764,47,3,1270.2,0.15,3239.01,2026-04-27T14:35:32.098537
2266,764,70,2,518.03,0.0,1036.06,2026-04-27T14:35:32.098537
2267,764,83,3,1243.0,0.0,3729.0,2026-04-27T14:35:32.098537
2268,765,55,2,467.36,0.05,887.98,2026-03-29T15:13:32.098565
2269,766,12,3,1208.52,0.05,3444.28,2026-04-18T19:03:32.098582
2270,766,116,3,615.12,0.0,1845.36,2026-04-18T19:03:32.098582
2271,766,84,2,358.51,0.05,681.17,2026-04-18T19:03:32.098582
2272,766,34,3,1474.08,0.0,4422.24,2026-04-18T19:03:32.098582
2273,766,53,1,1077.0,0.1,969.3,2026-04-18T19:03:32.098582
2274,767,76,2,747.78,0.05,1420.78,2026-08-11T13:10:32.098615
2275,767,53,2,1077.0,0.15,1830.9,2026-08-11T13:10:32.098615
2276,767,115,1,213.29,0.15,181.3,2026-08-11T13:10:32.098615
2277,767,72,1,856.16,0.0,856.16,2026-08-11T13:10:32.098615
2278,768,88,2,775.06,0.05,1472.61,2026-09-10T00:26:32.098642
2279,768,99,3,575.39,0.15,1467.24,2026-09-10T00:26:32.098642
2280,768,30,3,539.5,0.0,1618.5,2026-09-10T00:26:32.098642
2281,769,113,2,453.18,0.05,861.04,2026-07-24T12:46:32.098666
2282,769,97,2,1192.46,0.05,2265.67,2026-07-24T12:46:32.098666
2283,770,50,1,935.89,0.15,795.51,2026-07-20T01:14:32.098687
2284,770,25,1,257.25,0.0,257.25,2026-07-20T01:14:32.098687
2285,770,60,1,824.84,0.1,742.36,2026-07-20T01:14:32.098687
2286,771,115,1,213.29,0.1,191.96,2026-04-08T19:46:32.098710
2287,771,35,3,1414.87,0.1,3820.15,2026-04-08T19:46:32.098710
2288,771,111,2,340.18,0.15,578.31,2026-04-08T19:46:32.098710
2289,771,39,3,486.81,0.15,1241.37,2026-04-08T19:46:32.098710
2290,772,8,1,104.24,0.0,104.24,2026-09-20T01:20:32.098738
2291,772,80,3,596.68,0.0,1790.04,2026-09-20T01:20:32.098738
2292,773,86,1,517.65,0.1,465.88,2026-06-19T13:53:32.098758
2293,774,78,2,219.47,0.1,395.05,2026-04-24T23:22:32.098784
2294,775,28,2,771.64,0.1,1388.95,2026-06-08T01:07:32.098800
2295,775,3,1,540.29,0.05,513.28,2026-06-08T01:07:32.098800
2296,775,120,1,1388.53,0.0,1388.53,2026-06-08T01:07:32.098800
2297,775,91,1,1357.23,0.0,1357.23,2026-06-08T01:07:32.098800
2298,775,26,1,1615.36,0.0,1615.36,2026-06-08T01:07:32.098800
2299,776,43,3,187.62,0.0,562.86,2026-08-24T03:48:32.098832
2300,776,12,2,1208.52,0.15,2054.48,2026-08-24T03:48:32.098832
2301,776,54,3,1652.43,0.0,4957.29,2026-08-24T03:48:32.098832
2302,776,13,2,2066.14,0.0,4132.28,2026-08-24T03:48:32.098832
2303,777,47,3,1270.2,0.0,3810.6,2026-04-24T21:19:32.098860
2304,778,60,2,824.84,0.0,1649.68,2026-07-12T08:21:32.098876
2305,778,104,3,1646.45,0.05,4692.38,2026-07-12T08:21:32.098876
2306,778,10,3,858.14,0.0,2574.42,2026-07-12T08:21:32.098876
2307,778,15,3,478.17,0.1,1291.06,2026-07-12T08:21:32.098876
2308,779,99,2,575.39,0.0,1150.78,2026-05-16T00:06:32.098905
2309,779,79,1,219.09,0.0,219.09,2026-05-16T00:06:32.098905
2310,779,51,3,1446.49,0.0,4339.47,2026-05-16T00:06:32.098905
2311,779,50,3,935.89,0.05,2667.29,2026-05-16T00:06:32.098905
2312,779,63,1,1474.96,0.0,1474.96,2026-05-16T00:06:32.098905
2313,780,72,3,856.16,0.0,2568.48,2026-04-24T17:16:32.098938
2314,780,94,2,115.87,0.0,231.74,2026-04-24T17:16:32.098938
2315,780,30,3,539.5,0.0,1618.5,2026-04-24T17:16:32.098938
2316,780,37,2,591.14,0.0,1182.28,2026-04-24T17:16:32.098938
2317,780,93,2,81.1,0.05,154.09,2026-04-24T17:16:32.098938
2318,781,78,2,219.47,0.1,395.05,2026-07-30T13:36:32.098970
2319,781,31,2,967.29,0.1,1741.12,2026-07-30T13:36:32.098970
2320,781,111,1,340.18,0.0,340.18,2026-07-30T13:36:32.098970
2321,781,102,3,61.75,0.15,157.46,2026-07-30T13:36:32.098970
2322,782,43,1,187.62,0.15,159.48,2026-06-10T13:34:32.098997
2323,782,88,1,775.06,0.05,736.31,2026-06-10T13:34:32.098997
2324,782,107,2,1503.69,0.0,3007.38,2026-06-10T13:34:32.098997
2325,783,109,1,1094.28,0.1,984.85,2026-05-02T10:58:32.099021
2326,783,116,2,615.12,0.0,1230.24,2026-05-02T10:58:32.099021
2327,783,68,3,270.06,0.1,729.16,2026-05-02T10:58:32.099021
2328,783,60,1,824.84,0.05,783.6,2026-05-02T10:58:32.099021
2329,784,8,1,104.24,0.0,104.24,2026-03-24T09:13:32.099049
2330,784,80,2,596.68,0.0,1193.36,2026-03-24T09:13:32.099049
2331,784,98,1,643.73,0.0,643.73,2026-03-24T09:13:32.099049
2332,784,86,3,517.65,0.1,1397.65,2026-03-24T09:13:32.099049
2333,784,4,3,1063.54,0.0,3190.62,2026-03-24T09:13:32.099049
2334,785,49,1,342.66,0.15,291.26,2026-07-27T17:20:32.099081
2335,786,28,2,771.64,0.05,1466.12,2026-06-15T05:17:32.099096
2336,786,80,2,596.68,0.05,1133.69,2026-06-15T05:17:32.099096
2337,787,120,1,1388.53,0.0,1388.53,2026-09-16T20:17:32.099115
2338,788,48,3,733.85,0.15,1871.32,2026-06-10T07:36:32.099130
2339,788,91,2,1357.23,0.0,2714.46,2026-06-10T07:36:32.099130
2340,788,13,3,2066.14,0.15,5268.66,2026-06-10T07:36:32.099130
2341,788,14,3,287.84,0.0,863.52,2026-06-10T07:36:32.099130
2342,788,22,2,46.79,0.05,88.9,2026-06-10T07:36:32.099130
2343,789,39,1,486.81,0.0,486.81,2026-05-11T21:11:32.099163
2344,790,52,1,92.69,0.15,78.79,2026-07-29T20:57:32.099178
2345,790,97,1,1192.46,0.05,1132.84,2026-07-29T20:57:32.099178
2346,791,61,2,1557.98,0.1,2804.36,2026-08-24T13:42:32.099197
2347,791,74,1,377.0,0.15,320.45,2026-08-24T13:42:32.099197
2348,792,53,1,1077.0,0.0,1077.0,2026-07-07T10:22:32.099217
2349,792,113,3,453.18,0.0,1359.54,2026-07-07T10:22:32.099217
2350,792,62,1,1109.18,0.05,1053.72,2026-07-07T10:22:32.099217
2351,793,111,1,340.18,0.05,323.17,2026-03-28T09:19:32.099240
2352,793,28,1,771.64,0.0,771.64,2026-03-28T09:19:32.099240
2353,793,30,3,539.5,0.0,1618.5,2026-03-28T09:19:32.099240
2354,793,117,2,1381.28,0.05,2624.43,2026-03-28T09:19:32.099240
2355,794,62,3,1109.18,0.0,3327.54,2026-07-27T13:10:32.099269
2356,794,89,3,493.15,0.0,1479.45,2026-07-27T13:10:32.099269
2357,795,21,3,579.0,0.0,1737.0,2026-09-14T15:46:32.099288
2358,795,78,2,219.47,0.0,438.94,2026-09-14T15:46:32.099288
2359,795,102,3,61.75,0.0,185.25,2026-09-14T15:46:32.099288
2360,796,45,3,610.17,0.05,1738.98,2026-04-15T04:39:32.099313
2361,797,6,2,1554.13,0.0,3108.26,2026-07-06T06:18:32.099329
2362,797,95,1,237.31,0.15,201.71,2026-07-06T06:18:32.099329
2363,798,66,3,116.43,0.1,314.36,2026-06-24T07:41:32.099349
2364,799,104,3,1646.45,0.0,4939.35,2026-03-29T17:09:32.099365
2365,800,70,3,518.03,0.05,1476.39,2026-05-26T15:58:32.099380
2366,800,100,3,1296.05,0.15,3304.93,2026-05-26T15:58:32.099380
2367,800,120,1,1388.53,0.1,1249.68,2026-05-26T15:58:32.099380
2368,801,97,1,1192.46,0.1,1073.21,2026-06-07T14:57:32.099404
2369,801,68,2,270.06,0.1,486.11,2026-06-07T14:57:32.099404
2370,802,23,3,185.54,0.1,500.96,2026-06-26T14:03:32.099423
2371,803,111,3,340.18,0.15,867.46,2026-08-01T06:17:32.099438
2372,803,29,1,205.02,0.0,205.02,2026-08-01T06:17:32.099438
2373,803,91,2,1357.23,0.0,2714.46,2026-08-01T06:17:32.099438
2374,803,71,3,684.07,0.05,1949.6,2026-08-01T06:17:32.099438
2375,803,58,3,936.72,0.1,2529.14,2026-08-01T06:17:32.099438
2376,804,59,1,1201.61,0.05,1141.53,2026-06-02T12:06:32.099470
2377,804,66,1,116.43,0.05,110.61,2026-06-02T12:06:32.099470
2378,804,73,2,721.9,0.0,1443.8,2026-06-02T12:06:32.099470
2379,805,77,3,360.14,0.0,1080.42,2026-07-01T09:01:32.099494
2380,805,109,2,1094.28,0.15,1860.28,2026-07-01T09:01:32.099494
2381,805,78,3,219.47,0.0,658.41,2026-07-01T09:01:32.099494
2382,806,109,2,1094.28,0.05,2079.13,2026-08-16T14:22:32.099517
2383,806,8,1,104.24,0.1,93.82,2026-08-16T14:22:32.099517
2384,806,90,3,1214.39,0.1,3278.85,2026-08-16T14:22:32.099517
2385,806,10,2,858.14,0.0,1716.28,2026-08-16T14:22:32.099517
2386,807,101,2,1089.31,0.0,2178.62,2026-06-27T10:42:32.099544
2387,807,17,1,1226.38,0.0,1226.38,2026-06-27T10:42:32.099544
2388,807,29,2,205.02,0.1,369.04,2026-06-27T10:42:32.099544
2389,808,78,1,219.47,0.1,197.52,2026-03-24T12:42:32.099568
2390,809,25,3,257.25,0.0,771.75,2026-06-30T23:17:32.099584
2391,809,111,3,340.18,0.1,918.49,2026-06-30T23:17:32.099584
2392,809,102,1,61.75,0.0,61.75,2026-06-30T23:17:32.099584
2393,809,100,3,1296.05,0.15,3304.93,2026-06-30T23:17:32.099584
2394,810,40,3,693.12,0.0,2079.36,2026-07-13T13:08:32.099611
2395,810,68,2,270.06,0.0,540.12,2026-07-13T13:08:32.099611
2396,810,49,1,342.66,0.0,342.66,2026-07-13T13:08:32.099611
2397,811,8,3,104.24,0.1,281.45,2026-05-10T08:55:32.099635
2398,812,49,3,342.66,0.0,1027.98,2026-06-10T16:14:32.099651
2399,812,4,1,1063.54,0.0,1063.54,2026-06-10T16:14:32.099651
2400,812,114,3,48.79,0.0,146.37,2026-06-10T16:14:32.099651
2401,812,26,2,1615.36,0.0,3230.72,2026-06-10T16:14:32.099651
2402,813,72,2,856.16,0.0,1712.32,2026-05-19T10:29:32.099679
2403,813,111,3,340.18,0.1,918.49,2026-05-19T10:29:32.099679
2404,813,55,2,467.36,0.0,934.72,2026-05-19T10:29:32.099679
2405,814,99,3,575.39,0.05,1639.86,2026-04-20T15:59:32.099703
2406,814,55,2,467.36,0.0,934.72,2026-04-20T15:59:32.099703
2407,814,90,3,1214.39,0.1,3278.85,2026-04-20T15:59:32.099703
2408,814,59,1,1201.61,0.0,1201.61,2026-04-20T15:59:32.099703
2409,815,35,1,1414.87,0.0,1414.87,2026-07-05T06:56:32.099744
2410,816,43,2,187.62,0.05,356.48,2026-07-26T18:02:32.099760
2411,816,34,1,1474.08,0.05,1400.38,2026-07-26T18:02:32.099760
2412,816,109,3,1094.28,0.15,2790.41,2026-07-26T18:02:32.099760
2413,816,114,1,48.79,0.0,48.79,2026-07-26T18:02:32.099760
2414,816,39,3,486.81,0.0,1460.43,2026-07-26T18:02:32.099760
2415,817,29,1,205.02,0.0,205.02,2026-05-14T14:50:32.099791
2416,817,10,2,858.14,0.05,1630.47,2026-05-14T14:50:32.099791
2417,817,28,3,771.64,0.0,2314.92,2026-05-14T14:50:32.099791
2418,817,51,2,1446.49,0.0,2892.98,2026-05-14T14:50:32.099791
2419,817,83,1,1243.0,0.15,1056.55,2026-05-14T14:50:32.099791
2420,818,80,1,596.68,0.15,507.18,2026-08-12T10:48:32.099823
2421,818,30,2,539.5,0.0,1079.0,2026-08-12T10:48:32.099823
2422,818,60,2,824.84,0.0,1649.68,2026-08-12T10:48:32.099823
2423,818,118,1,31.27,0.1,28.14,2026-08-12T10:48:32.099823
2424,818,92,3,551.27,0.0,1653.81,2026-08-12T10:48:32.099823
2425,819,26,3,1615.36,0.15,4119.17,2026-05-25T02:29:32.099855
2426,819,59,3,1201.61,0.15,3064.11,2026-05-25T02:29:32.099855
2427,819,50,2,935.89,0.1,1684.6,2026-05-25T02:29:32.099855
2428,820,45,2,610.17,0.0,1220.34,2026-05-27T09:13:32.099880
2429,821,60,1,824.84,0.0,824.84,2026-07-13T20:19:32.099896
2430,821,100,3,1296.05,0.15,3304.93,2026-07-13T20:19:32.099896
2431,821,12,2,1208.52,0.05,2296.19,2026-07-13T20:19:32.099896
2432,821,50,2,935.89,0.05,1778.19,2026-07-13T20:19:32.099896
2433,822,118,3,31.27,0.0,93.81,2026-09-13T06:04:32.099923
2434,822,79,2,219.09,0.05,416.27,2026-09-13T06:04:32.099923
2435,822,74,3,377.0,0.1,1017.9,2026-09-13T06:04:32.099923
2436,823,86,2,517.65,0.1,931.77,2026-09-07T11:10:32.099948
2437,824,3,2,540.29,0.0,1080.58,2026-05-24T03:37:32.099964
2438,825,51,1,1446.49,0.1,1301.84,2026-07-25T12:47:32.099980
2439,825,17,2,1226.38,0.1,2207.48,2026-07-25T12:47:32.099980
2440,825,18,2,390.89,0.0,781.78,2026-07-25T12:47:32.099980
2441,825,84,2,358.51,0.05,681.17,2026-07-25T12:47:32.099980
2442,826,35,2,1414.87,0.05,2688.25,2026-08-25T21:48:32.100007
2443,826,119,3,45.9,0.15,117.04,2026-08-25T21:48:32.100007
2444,826,43,1,187.62,0.0,187.62,2026-08-25T21:48:32.100007
2445,827,98,3,643.73,0.0,1931.19,2026-04-08T08:22:32.100031
2446,827,48,2,733.85,0.15,1247.55,2026-04-08T08:22:32.100031
2447,827,40,3,693.12,0.05,1975.39,2026-04-08T08:22:32.100031
2448,827,7,2,341.85,0.0,683.7,2026-04-08T08:22:32.100031
2449,828,69,2,1640.23,0.1,2952.41,2026-07-21T17:21:32.100059
2450,828,74,3,377.0,0.0,1131.0,2026-07-21T17:21:32.100059
2451,829,113,1,453.18,0.1,407.86,2026-03-29T15:54:32.100079
2452,829,53,2,1077.0,0.0,2154.0,2026-03-29T15:54:32.100079
2453,829,76,1,747.78,0.1,673.0,2026-03-29T15:54:32.100079
2454,830,22,2,46.79,0.05,88.9,2026-03-27T05:13:32.100103
2455,830,15,1,478.17,0.1,430.35,2026-03-27T05:13:32.100103
2456,830,94,3,115.87,0.0,347.61,2026-03-27T05:13:32.100103
2457,830,93,2,81.1,0.1,145.98,2026-03-27T05:13:32.100103
2458,830,7,3,341.85,0.0,1025.55,2026-03-27T05:13:32.100103
2459,831,98,3,643.73,0.0,1931.19,2026-03-26T11:41:32.100135
2460,831,99,1,575.39,0.0,575.39,2026-03-26T11:41:32.100135
2461,831,63,1,1474.96,0.0,1474.96,2026-03-26T11:41:32.100135
2462,831,88,3,775.06,0.15,1976.4,2026-03-26T11:41:32.100135
2463,832,63,2,1474.96,0.0,2949.92,2026-06-04T09:04:32.100162
2464,832,89,3,493.15,0.15,1257.53,2026-06-04T09:04:32.100162
2465,832,91,2,1357.23,0.05,2578.74,2026-06-04T09:04:32.100162
2466,833,92,1,551.27,0.15,468.58,2026-08-22T09:05:32.100186
2467,833,65,1,1979.06,0.05,1880.11,2026-08-22T09:05:32.100186
2468,833,44,1,1108.44,0.05,1053.02,2026-08-22T09:05:32.100186
2469,833,5,2,1081.58,0.15,1838.69,2026-08-22T09:05:32.100186
2470,834,63,2,1474.96,0.15,2507.43,2026-09-04T18:32:32.100214
2471,834,15,1,478.17,0.05,454.26,2026-09-04T18:32:32.100214
2472,835,108,1,407.19,0.0,407.19,2026-07-23T06:12:32.100234
2473,835,70,3,518.03,0.1,1398.68,2026-07-23T06:12:32.100234
2474,835,119,1,45.9,0.05,43.6,2026-07-23T06:12:32.100234
2475,836,13,2,2066.14,0.1,3719.05,2026-04-18T20:38:32.100258
2476,836,52,1,92.69,0.15,78.79,2026-04-18T20:38:32.100258
2477,836,48,1,733.85,0.05,697.16,2026-04-18T20:38:32.100258
2478,836,73,3,721.9,0.0,2165.7,2026-04-18T20:38:32.100258
2479,836,113,1,453.18,0.0,453.18,2026-04-18T20:38:32.100258
2480,837,62,1,1109.18,0.0,1109.18,2026-06-06T22:57:32.100289
2481,837,49,3,342.66,0.0,1027.98,2026-06-06T22:57:32.100289
2482,837,25,3,257.25,0.0,771.75,2026-06-06T22:57:32.100289
2483,837,4,3,1063.54,0.15,2712.03,2026-06-06T22:57:32.100289
2484,837,103,1,298.36,0.1,268.52,2026-06-06T22:57:32.100289
2485,838,102,3,61.75,0.0,185.25,2026-09-10T13:44:32.100321
2486,838,17,2,1226.38,0.05,2330.12,2026-09-10T13:44:32.100321
2487,839,104,2,1646.45,0.0,3292.9,2026-05-24T09:20:32.100341
2488,839,35,3,1414.87,0.05,4032.38,2026-05-24T09:20:32.100341
2489,839,23,1,185.54,0.0,185.54,2026-05-24T09:20:32.100341
2490,840,8,3,104.24,0.15,265.81,2026-08-23T06:21:32.100365
2491,840,20,1,1533.75,0.0,1533.75,2026-08-23T06:21:32.100365
2492,841,38,3,1155.34,0.15,2946.12,2026-07-13T19:38:32.100384
2493,841,44,3,1108.44,0.15,2826.52,2026-07-13T19:38:32.100384
2494,841,83,3,1243.0,0.0,3729.0,2026-07-13T19:38:32.100384
2495,841,10,2,858.14,0.0,1716.28,2026-07-13T19:38:32.100384
2496,841,68,2,270.06,0.0,540.12,2026-07-13T19:38:32.100384
2497,842,28,2,771.64,0.0,1543.28,2026-07-04T19:38:32.100417
2498,842,72,2,856.16,0.0,1712.32,2026-07-04T19:38:32.100417
2499,842,116,1,615.12,0.0,615.12,2026-07-04T19:38:32.100417
2500,842,56,2,780.61,0.15,1327.04,2026-07-04T19:38:32.100417
2501,843,70,3,518.03,0.0,1554.09,2026-07-03T13:06:32.100444
2502,843,38,2,1155.34,0.0,2310.68,2026-07-03T13:06:32.100444
2503,843,48,2,733.85,0.0,1467.7,2026-07-03T13:06:32.100444
2504,844,80,1,596.68,0.05,566.85,2026-05-30T20:18:32.100468
2505,844,59,2,1201.61,0.0,2403.22,2026-05-30T20:18:32.100468
2506,844,37,2,591.14,0.0,1182.28,2026-05-30T20:18:32.100468
2507,845,36,3,97.84,0.05,278.84,2026-05-23T16:58:32.100493
2508,845,25,3,257.25,0.05,733.16,2026-05-23T16:58:32.100493
2509,845,118,1,31.27,0.0,31.27,2026-05-23T16:58:32.100493
2510,846,22,2,46.79,0.0,93.58,2026-05-29T09:46:32.100516
2511,846,92,3,551.27,0.1,1488.43,2026-05-29T09:46:32.100516
2512,846,52,2,92.69,0.15,157.57,2026-05-29T09:46:32.100516
2513,847,47,2,1270.2,0.0,2540.4,2026-04-26T18:21:32.100540
2514,847,53,3,1077.0,0.0,3231.0,2026-04-26T18:21:32.100540
2515,848,81,1,207.83,0.1,187.05,2026-05-24T20:35:32.100558
2516,849,30,2,539.5,0.1,971.1,2026-05-07T11:19:32.100574
2517,849,60,2,824.84,0.0,1649.68,2026-05-07T11:19:32.100574
2518,849,61,1,1557.98,0.05,1480.08,2026-05-07T11:19:32.100574
2519,850,73,3,721.9,0.15,1840.84,2026-05-11T12:18:32.100597
2520,850,86,3,517.65,0.1,1397.65,2026-05-11T12:18:32.100597
2521,850,36,1,97.84,0.15,83.16,2026-05-11T12:18:32.100597
2522,850,61,3,1557.98,0.15,3972.85,2026-05-11T12:18:32.100597
2523,850,68,1,270.06,0.0,270.06,2026-05-11T12:18:32.100597
2524,851,78,1,219.47,0.1,197.52,2026-04-04T14:10:32.100633
2525,851,114,3,48.79,0.0,146.37,2026-04-04T14:10:32.100633
2526,851,109,2,1094.28,0.0,2188.56,2026-04-04T14:10:32.100633
2527,851,6,3,1554.13,0.0,4662.39,2026-04-04T14:10:32.100633
2528,851,4,3,1063.54,0.1,2871.56,2026-04-04T14:10:32.100633
2529,852,15,2,478.17,0.15,812.89,2026-06-07T10:54:32.100684
2530,852,111,3,340.18,0.0,1020.54,2026-06-07T10:54:32.100684
2531,852,44,1,1108.44,0.05,1053.02,2026-06-07T10:54:32.100684
2532,852,106,3,79.66,0.0,238.98,2026-06-07T10:54:32.100684
2533,853,81,3,207.83,0.0,623.49,2026-07-06T05:16:32.100712
2534,854,90,1,1214.39,0.15,1032.23,2026-05-14T15:35:32.100727
2535,854,55,3,467.36,0.15,1191.77,2026-05-14T15:35:32.100727
2536,855,36,3,97.84,0.0,293.52,2026-07-26T14:15:32.100747
2537,856,23,3,185.54,0.15,473.13,2026-08-02T19:50:32.100765
2538,856,43,1,187.62,0.05,178.24,2026-08-02T19:50:32.100765
2539,856,37,3,591.14,0.0,1773.42,2026-08-02T19:50:32.100765
2540,856,5,2,1081.58,0.15,1838.69,2026-08-02T19:50:32.100765
2541,857,4,2,1063.54,0.0,2127.08,2026-07-16T00:35:32.100791
2542,857,18,2,390.89,0.05,742.69,2026-07-16T00:35:32.100791
2543,858,117,2,1381.28,0.0,2762.56,2026-06-09T19:51:32.100811
2544,858,101,1,1089.31,0.0,1089.31,2026-06-09T19:51:32.100811
2545,858,120,1,1388.53,0.0,1388.53,2026-06-09T19:51:32.100811
2546,858,42,2,430.69,0.15,732.17,2026-06-09T19:51:32.100811
2547,859,79,2,219.09,0.05,416.27,2026-05-03T20:42:32.100838
2548,859,89,1,493.15,0.0,493.15,2026-05-03T20:42:32.100838
2549,860,10,2,858.14,0.15,1458.84,2026-08-08T07:23:32.100858
2550,860,32,2,1444.35,0.0,2888.7,2026-08-08T07:23:32.100858
2551,860,88,1,775.06,0.1,697.55,2026-08-08T07:23:32.100858
2552,860,22,1,46.79,0.0,46.79,2026-08-08T07:23:32.100858
2553,861,94,1,115.87,0.0,115.87,2026-07-13T23:55:32.100891
2554,861,25,1,257.25,0.1,231.53,2026-07-13T23:55:32.100891
2555,861,5,2,1081.58,0.0,2163.16,2026-07-13T23:55:32.100891
2556,861,51,1,1446.49,0.0,1446.49,2026-07-13T23:55:32.100891
2557,862,49,3,342.66,0.0,1027.98,2026-03-24T19:12:32.100924
2558,862,17,2,1226.38,0.0,2452.76,2026-03-24T19:12:32.100924
2559,862,27,1,271.84,0.15,231.06,2026-03-24T19:12:32.100924
2560,862,40,3,693.12,0.0,2079.36,2026-03-24T19:12:32.100924
2561,863,74,3,377.0,0.1,1017.9,2026-06-04T07:12:32.100952
2562,863,4,3,1063.54,0.1,2871.56,2026-06-04T07:12:32.100952
2563,864,115,2,213.29,0.0,426.58,2026-07-27T23:49:32.100972
2564,865,103,3,298.36,0.1,805.57,2026-08-17T21:29:32.100988
2565,866,90,1,1214.39,0.05,1153.67,2026-07-12T22:50:32.101003
2566,866,86,3,517.65,0.0,1552.95,2026-07-12T22:50:32.101003
2567,866,95,2,237.31,0.15,403.43,2026-07-12T22:50:32.101003
2568,867,61,2,1557.98,0.1,2804.36,2026-08-26T19:20:32.101027
2569,867,23,3,185.54,0.0,556.62,2026-08-26T19:20:32.101027
2570,867,104,2,1646.45,0.1,2963.61,2026-08-26T19:20:32.101027
2571,867,80,2,596.68,0.0,1193.36,2026-08-26T19:20:32.101027
2572,868,46,2,25.75,0.0,51.5,2026-04-24T17:28:32.101054
2573,868,63,3,1474.96,0.05,4203.64,2026-04-24T17:28:32.101054
2574,868,114,3,48.79,0.1,131.73,2026-04-24T17:28:32.101054
2575,868,26,2,1615.36,0.0,3230.72,2026-04-24T17:28:32.101054
2576,868,89,3,493.15,0.0,1479.45,2026-04-24T17:28:32.101054
2577,869,5,3,1081.58,0.0,3244.74,2026-06-02T17:31:32.101086
2578,869,63,3,1474.96,0.0,4424.88,2026-06-02T17:31:32.101086
2579,869,105,1,360.47,0.0,360.47,2026-06-02T17:31:32.101086
2580,869,90,3,1214.39,0.1,3278.85,2026-06-02T17:31:32.101086
2581,869,30,1,539.5,0.05,512.52,2026-06-02T17:31:32.101086
2582,870,28,2,771.64,0.1,1388.95,2026-06-05T08:50:32.101117
2583,870,115,2,213.29,0.15,362.59,2026-06-05T08:50:32.101117
2584,870,31,2,967.29,0.1,1741.12,2026-06-05T08:50:32.101117
2585,870,104,2,1646.45,0.0,3292.9,2026-06-05T08:50:32.101117
2586,870,7,2,341.85,0.1,615.33,2026-06-05T08:50:32.101117
2587,871,70,1,518.03,0.05,492.13,2026-04-22T18:42:32.101149
2588,871,45,3,610.17,0.15,1555.93,2026-04-22T18:42:32.101149
2589,871,5,1,1081.58,0.0,1081.58,2026-04-22T18:42:32.101149
2590,872,8,1,104.24,0.0,104.24,2026-08-21T10:27:32.101172
2591,872,95,2,237.31,0.1,427.16,2026-08-21T10:27:32.101172
2592,872,107,1,1503.69,0.15,1278.14,2026-08-21T10:27:32.101172
2593,872,2,1,439.91,0.15,373.92,2026-08-21T10:27:32.101172
2594,872,19,2,1096.11,0.05,2082.61,2026-08-21T10:27:32.101172
2595,873,10,3,858.14,0.15,2188.26,2026-09-03T03:11:32.101202
2596,874,87,2,1696.52,0.0,3393.04,2026-05-28T13:32:32.101218
2597,874,19,3,1096.11,0.0,3288.33,2026-05-28T13:32:32.101218
2598,875,41,3,1658.14,0.0,4974.42,2026-05-25T18:44:32.101238
2599,875,27,2,271.84,0.0,543.68,2026-05-25T18:44:32.101238
2600,875,54,1,1652.43,0.1,1487.19,2026-05-25T18:44:32.101238
2601,875,42,2,430.69,0.0,861.38,2026-05-25T18:44:32.101238
2602,876,4,2,1063.54,0.1,1914.37,2026-09-19T19:58:32.101265
2603,876,42,2,430.69,0.15,732.17,2026-09-19T19:58:32.101265
2604,876,86,2,517.65,0.15,880.0,2026-09-19T19:58:32.101265
2605,877,40,3,693.12,0.0,2079.36,2026-07-08T14:59:32.101306
2606,878,2,1,439.91,0.0,439.91,2026-04-27T00:45:32.101322
2607,878,117,3,1381.28,0.05,3936.65,2026-04-27T00:45:32.101322
2608,878,3,1,540.29,0.0,540.29,2026-04-27T00:45:32.101322
2609,878,90,2,1214.39,0.0,2428.78,2026-04-27T00:45:32.101322
2610,878,81,3,207.83,0.0,623.49,2026-04-27T00:45:32.101322
2611,879,70,2,518.03,0.0,1036.06,2026-05-23T06:34:32.101354
2612,880,47,3,1270.2,0.0,3810.6,2026-07-25T23:17:32.101369
2613,880,66,2,116.43,0.0,232.86,2026-07-25T23:17:32.101369
2614,881,41,1,1658.14,0.1,1492.33,2026-06-12T14:59:32.101389
2615,881,48,2,733.85,0.0,1467.7,2026-06-12T14:59:32.101389
2616,881,79,3,219.09,0.0,657.27,2026-06-12T14:59:32.101389
2617,881,89,3,493.15,0.0,1479.45,2026-06-12T14:59:32.101389
2618,881,55,3,467.36,0.05,1331.98,2026-06-12T14:59:32.101389
2619,882,36,1,97.84,0.1,88.06,2026-08-03T01:01:32.101421
2620,882,77,1,360.14,0.0,360.14,2026-08-03T01:01:32.101421
2621,882,17,2,1226.38,0.0,2452.76,2026-08-03T01:01:32.101421
2622,883,78,1,219.47,0.1,197.52,2026-07-06T10:42:32.101444
2623,883,81,2,207.83,0.15,353.31,2026-07-06T10:42:32.101444
2624,883,83,3,1243.0,0.15,3169.65,2026-07-06T10:42:32.101444
2625,883,59,3,1201.61,0.1,3244.35,2026-07-06T10:42:32.101444
2626,884,12,2,1208.52,0.0,2417.04,2026-08-27T07:21:32.101472
2627,885,109,2,1094.28,0.0,2188.56,2026-05-04T00:00:32.101487
2628,885,74,3,377.0,0.0,1131.0,2026-05-04T00:00:32.101487
2629,886,108,2,407.19,0.0,814.38,2026-07-03T15:26:32.101507
2630,886,56,2,780.61,0.0,1561.22,2026-07-03T15:26:32.101507
2631,887,60,2,824.84,0.05,1567.2,2026-05-29T09:17:32.101526
2632,888,109,1,1094.28,0.0,1094.28,2026-03-29T14:15:32.101542
2633,888,14,1,287.84,0.1,259.06,2026-03-29T14:15:32.101542
2634,888,35,2,1414.87,0.1,2546.77,2026-03-29T14:15:32.101542
2635,889,117,2,1381.28,0.1,2486.3,2026-08-14T07:59:32.101565
2636,889,87,1,1696.52,0.0,1696.52,2026-08-14T07:59:32.101565
2637,889,60,1,824.84,0.15,701.11,2026-08-14T07:59:32.101565
2638,890,43,3,187.62,0.1,506.57,2026-04-15T19:02:32.101588
2639,890,5,2,1081.58,0.15,1838.69,2026-04-15T19:02:32.101588
2640,890,60,3,824.84,0.05,2350.79,2026-04-15T19:02:32.101588
2641,891,78,2,219.47,0.05,416.99,2026-07-27T03:00:32.101612
2642,891,13,2,2066.14,0.15,3512.44,2026-07-27T03:00:32.101612
2643,891,86,3,517.65,0.0,1552.95,2026-07-27T03:00:32.101612
2644,891,71,2,684.07,0.0,1368.14,2026-07-27T03:00:32.101612
2645,891,98,2,643.73,0.15,1094.34,2026-07-27T03:00:32.101612
2646,892,62,2,1109.18,0.05,2107.44,2026-07-22T19:46:32.101645
2647,892,28,3,771.64,0.1,2083.43,2026-07-22T19:46:32.101645
2648,892,63,1,1474.96,0.0,1474.96,2026-07-22T19:46:32.101645
2649,892,21,3,579.0,0.15,1476.45,2026-07-22T19:46:32.101645
2650,893,6,1,1554.13,0.1,1398.72,2026-08-02T06:02:32.101672
2651,893,99,1,575.39,0.1,517.85,2026-08-02T06:02:32.101672
2652,893,74,1,377.0,0.0,377.0,2026-08-02T06:02:32.101672
2653,893,60,1,824.84,0.1,742.36,2026-08-02T06:02:32.101672
2654,894,21,3,579.0,0.1,1563.3,2026-06-21T14:29:32.101700
2655,894,78,2,219.47,0.0,438.94,2026-06-21T14:29:32.101700
2656,894,94,1,115.87,0.0,115.87,2026-06-21T14:29:32.101700
2657,895,40,1,693.12,0.0,693.12,2026-07-24T14:39:32.101723
2658,895,56,1,780.61,0.0,780.61,2026-07-24T14:39:32.101723
2659,896,119,2,45.9,0.0,91.8,2026-05-06T14:51:32.101742
2660,896,58,1,936.72,0.0,936.72,2026-05-06T14:51:32.101742
2661,896,71,3,684.07,0.05,1949.6,2026-05-06T14:51:32.101742
2662,897,46,3,25.75,0.15,65.66,2026-08-04T11:51:32.101765
2663,897,37,2,591.14,0.1,1064.05,2026-08-04T11:51:32.101765
2664,898,70,1,518.03,0.15,440.33,2026-06-22T10:55:32.101785
2665,898,101,1,1089.31,0.0,1089.31,2026-06-22T10:55:32.101785
2666,898,23,3,185.54,0.0,556.62,2026-06-22T10:55:32.101785
2667,899,56,3,780.61,0.1,2107.65,2026-07-03T00:11:32.101809
2668,899,51,2,1446.49,0.1,2603.68,2026-07-03T00:11:32.101809
2669,899,63,3,1474.96,0.1,3982.39,2026-07-03T00:11:32.101809
2670,900,53,1,1077.0,0.0,1077.0,2026-06-02T09:07:32.101833
2671,900,101,1,1089.31,0.15,925.91,2026-06-02T09:07:32.101833
2672,900,27,2,271.84,0.1,489.31,2026-06-02T09:07:32.101833
2673,900,34,2,1474.08,0.1,2653.34,2026-06-02T09:07:32.101833
2674,900,39,1,486.81,0.15,413.79,2026-06-02T09:07:32.101833
2675,901,37,2,591.14,0.15,1004.94,2026-03-28T22:34:32.101866
2676,901,51,2,1446.49,0.0,2892.98,2026-03-28T22:34:32.101866
2677,901,21,1,579.0,0.0,579.0,2026-03-28T22:34:32.101866
2678,902,72,1,856.16,0.0,856.16,2026-04-24T10:06:32.101891
2679,902,19,2,1096.11,0.15,1863.39,2026-04-24T10:06:32.101891
2680,903,84,2,358.51,0.0,717.02,2026-09-17T20:50:32.101911
2681,903,29,1,205.02,0.0,205.02,2026-09-17T20:50:32.101911
2682,903,78,3,219.47,0.05,625.49,2026-09-17T20:50:32.101911
2683,904,118,1,31.27,0.05,29.71,2026-07-04T23:32:32.101934
2684,904,36,3,97.84,0.15,249.49,2026-07-04T23:32:32.101934
2685,904,7,3,341.85,0.0,1025.55,2026-07-04T23:32:32.101934
2686,905,55,2,467.36,0.15,794.51,2026-04-23T10:18:32.101958
2687,905,63,3,1474.96,0.15,3761.15,2026-04-23T10:18:32.101958
2688,906,90,3,1214.39,0.1,3278.85,2026-07-05T23:18:32.101977
2689,906,43,2,187.62,0.05,356.48,2026-07-05T23:18:32.101977
2690,906,68,3,270.06,0.1,729.16,2026-07-05T23:18:32.101977
2691,907,100,2,1296.05,0.05,2462.49,2026-07-09T08:46:32.102001
2692,907,78,3,219.47,0.15,559.65,2026-07-09T08:46:32.102001
2693,907,74,1,377.0,0.0,377.0,2026-07-09T08:46:32.102001
2694,908,62,1,1109.18,0.0,1109.18,2026-07-11T00:25:32.102026
2695,908,5,3,1081.58,0.05,3082.5,2026-07-11T00:25:32.102026
2696,908,58,1,936.72,0.0,936.72,2026-07-11T00:25:32.102026
2697,909,21,3,579.0,0.1,1563.3,2026-07-01T15:41:32.102049
2698,909,99,3,575.39,0.05,1639.86,2026-07-01T15:41:32.102049
2699,910,95,2,237.31,0.0,474.62,2026-07-29T09:26:32.102068
2700,911,111,2,340.18,0.1,612.32,2026-08-02T22:24:32.102084
2701,911,117,2,1381.28,0.15,2348.18,2026-08-02T22:24:32.102084
2702,912,46,1,25.75,0.1,23.18,2026-04-24T06:36:32.102104
2703,912,36,2,97.84,0.15,166.33,2026-04-24T06:36:32.102104
2704,913,105,1,360.47,0.0,360.47,2026-07-18T00:41:32.102123
2705,913,50,3,935.89,0.0,2807.67,2026-07-18T00:41:32.102123
2706,913,68,2,270.06,0.05,513.11,2026-07-18T00:41:32.102123
2707,913,58,1,936.72,0.15,796.21,2026-07-18T00:41:32.102123
2708,914,98,3,643.73,0.05,1834.63,2026-08-23T21:58:32.102151
2709,914,15,2,478.17,0.05,908.52,2026-08-23T21:58:32.102151
2710,914,115,3,213.29,0.0,639.87,2026-08-23T21:58:32.102151
2711,915,53,3,1077.0,0.1,2907.9,2026-07-27T17:44:32.102173
2712,915,62,2,1109.18,0.15,1885.61,2026-07-27T17:44:32.102173
2713,915,80,2,596.68,0.15,1014.36,2026-07-27T17:44:32.102173
2714,915,97,2,1192.46,0.05,2265.67,2026-07-27T17:44:32.102173
2715,916,70,2,518.03,0.0,1036.06,2026-06-01T00:29:32.102201
2716,917,98,1,643.73,0.0,643.73,2026-08-09T10:32:32.102216
2717,917,90,1,1214.39,0.15,1032.23,2026-08-09T10:32:32.102216
2718,917,61,3,1557.98,0.15,3972.85,2026-08-09T10:32:32.102216
2719,917,114,3,48.79,0.05,139.05,2026-08-09T10:32:32.102216
2720,918,116,2,615.12,0.0,1230.24,2026-06-09T22:44:32.102243
2721,919,79,3,219.09,0.1,591.54,2026-06-09T18:38:32.102258
2722,919,106,2,79.66,0.0,159.32,2026-06-09T18:38:32.102258
2723,920,18,3,390.89,0.1,1055.4,2026-06-16T04:43:32.102277
2724,921,45,3,610.17,0.0,1830.51,2026-06-11T14:46:32.102292
2725,922,69,3,1640.23,0.0,4920.69,2026-04-20T05:57:32.102308
2726,923,45,2,610.17,0.15,1037.29,2026-07-24T01:46:32.102323
2727,923,44,3,1108.44,0.0,3325.32,2026-07-24T01:46:32.102323
2728,924,90,3,1214.39,0.0,3643.17,2026-03-30T17:55:32.102342
2729,924,25,1,257.25,0.05,244.39,2026-03-30T17:55:32.102342
2730,924,94,3,115.87,0.15,295.47,2026-03-30T17:55:32.102342
2731,925,50,1,935.89,0.0,935.89,2026-05-03T15:14:32.102365
2732,925,87,1,1696.52,0.05,1611.69,2026-05-03T15:14:32.102365
2733,925,2,2,439.91,0.15,747.85,2026-05-03T15:14:32.102365
2734,926,38,3,1155.34,0.1,3119.42,2026-04-10T22:15:32.102389
2735,927,44,3,1108.44,0.15,2826.52,2026-09-15T13:46:32.102404
2736,927,66,2,116.43,0.05,221.22,2026-09-15T13:46:32.102404
2737,928,22,1,46.79,0.0,46.79,2026-04-02T20:04:32.102423
2738,928,7,1,341.85,0.0,341.85,2026-04-02T20:04:32.102423
2739,928,74,1,377.0,0.0,377.0,2026-04-02T20:04:32.102423
2740,928,97,1,1192.46,0.0,1192.46,2026-04-02T20:04:32.102423
2741,929,48,1,733.85,0.1,660.47,2026-04-25T04:23:32.102451
2742,929,49,1,342.66,0.0,342.66,2026-04-25T04:23:32.102451
2743,929,32,2,1444.35,0.1,2599.83,2026-04-25T04:23:32.102451
2744,929,86,2,517.65,0.0,1035.3,2026-04-25T04:23:32.102451
2745,929,62,3,1109.18,0.05,3161.16,2026-04-25T04:23:32.102451
2746,930,120,3,1388.53,0.0,4165.59,2026-07-14T16:51:32.102483
2747,930,81,3,207.83,0.05,592.32,2026-07-14T16:51:32.102483
2748,930,63,1,1474.96,0.1,1327.46,2026-07-14T16:51:32.102483
2749,930,51,3,1446.49,0.05,4122.5,2026-07-14T16:51:32.102483
2750,931,46,1,25.75,0.0,25.75,2026-08-18T17:37:32.102510
2751,931,37,1,591.14,0.0,591.14,2026-08-18T17:37:32.102510
2752,931,66,1,116.43,0.05,110.61,2026-08-18T17:37:32.102510
2753,931,95,3,237.31,0.0,711.93,2026-08-18T17:37:32.102510
2754,932,87,3,1696.52,0.15,4326.13,2026-04-20T13:52:32.102537
2755,932,62,2,1109.18,0.15,1885.61,2026-04-20T13:52:32.102537
2756,932,89,3,493.15,0.1,1331.5,2026-04-20T13:52:32.102537
2757,932,27,3,271.84,0.15,693.19,2026-04-20T13:52:32.102537
2758,932,15,1,478.17,0.0,478.17,2026-04-20T13:52:32.102537
2759,933,18,3,390.89,0.0,1172.67,2026-07-22T20:15:32.102574
2760,934,12,2,1208.52,0.1,2175.34,2026-06-23T07:22:32.102590
2761,934,55,3,467.36,0.05,1331.98,2026-06-23T07:22:32.102590
2762,934,18,3,390.89,0.15,996.77,2026-06-23T07:22:32.102590
2763,934,35,1,1414.87,0.15,1202.64,2026-06-23T07:22:32.102590
2764,935,106,3,79.66,0.0,238.98,2026-08-09T18:19:32.102618
2765,936,22,2,46.79,0.0,93.58,2026-07-25T05:49:32.102633
2766,937,117,3,1381.28,0.0,4143.84,2026-08-11T02:07:32.102648
2767,937,63,1,1474.96,0.0,1474.96,2026-08-11T02:07:32.102648
2768,938,62,3,1109.18,0.0,3327.54,2026-06-06T05:56:32.102671
2769,938,28,2,771.64,0.0,1543.28,2026-06-06T05:56:32.102671
2770,939,39,1,486.81,0.0,486.81,2026-05-07T20:19:32.102691
2771,939,44,3,1108.44,0.0,3325.32,2026-05-07T20:19:32.102691
2772,939,71,1,684.07,0.0,684.07,2026-05-07T20:19:32.102691
2773,939,29,3,205.02,0.0,615.06,2026-05-07T20:19:32.102691
2774,939,105,3,360.47,0.05,1027.34,2026-05-07T20:19:32.102691
2775,940,42,1,430.69,0.1,387.62,2026-08-04T12:42:32.102723
2776,941,46,2,25.75,0.1,46.35,2026-05-12T07:47:32.102739
2777,941,70,1,518.03,0.0,518.03,2026-05-12T07:47:32.102739
2778,941,22,3,46.79,0.05,133.35,2026-05-12T07:47:32.102739
2779,941,31,2,967.29,0.15,1644.39,2026-05-12T07:47:32.102739
2780,941,107,2,1503.69,0.0,3007.38,2026-05-12T07:47:32.102739
2781,942,72,1,856.16,0.0,856.16,2026-04-07T05:34:32.102771
2782,942,37,1,591.14,0.0,591.14,2026-04-07T05:34:32.102771
2783,942,58,2,936.72,0.15,1592.42,2026-04-07T05:34:32.102771
2784,942,56,1,780.61,0.15,663.52,2026-04-07T05:34:32.102771
2785,943,27,3,271.84,0.1,733.97,2026-07-18T12:44:32.102803
2786,943,65,2,1979.06,0.0,3958.12,2026-07-18T12:44:32.102803
2787,943,42,2,430.69,0.0,861.38,2026-07-18T12:44:32.102803
2788,944,69,1,1640.23,0.0,1640.23,2026-05-26T07:33:32.102826
2789,944,74,2,377.0,0.1,678.6,2026-05-26T07:33:32.102826
2790,944,46,3,25.75,0.0,77.25,2026-05-26T07:33:32.102826
2791,945,92,2,551.27,0.1,992.29,2026-09-19T20:41:32.102851
2792,945,73,2,721.9,0.0,1443.8,2026-09-19T20:41:32.102851
2793,945,14,2,287.84,0.0,575.68,2026-09-19T20:41:32.102851
2794,945,23,3,185.54,0.0,556.62,2026-09-19T20:41:32.102851
2795,945,3,1,540.29,0.0,540.29,2026-09-19T20:41:32.102851
2796,946,12,3,1208.52,0.15,3081.73,2026-04-01T07:14:32.102884
2797,946,49,1,342.66,0.0,342.66,2026-04-01T07:14:32.102884
2798,946,18,3,390.89,0.15,996.77,2026-04-01T07:14:32.102884
2799,946,119,1,45.9,0.05,43.6,2026-04-01T07:14:32.102884
2800,946,51,2,1446.49,0.0,2892.98,2026-04-01T07:14:32.102884
2801,947,10,2,858.14,0.0,1716.28,2026-05-19T20:24:32.102916
2802,948,107,2,1503.69,0.15,2556.27,2026-04-15T00:16:32.102932
2803,949,2,3,439.91,0.0,1319.73,2026-08-01T04:23:32.102948
2804,949,97,3,1192.46,0.05,3398.51,2026-08-01T04:23:32.102948
2805,950,91,1,1357.23,0.15,1153.65,2026-07-12T00:16:32.102968
2806,951,5,1,1081.58,0.15,919.34,2026-07-02T17:24:32.102984
2807,952,109,1,1094.28,0.0,1094.28,2026-06-14T11:52:32.103000
2808,952,40,3,693.12,0.0,2079.36,2026-06-14T11:52:32.103000
2809,952,21,2,579.0,0.15,984.3,2026-06-14T11:52:32.103000
2810,953,61,1,1557.98,0.1,1402.18,2026-07-18T09:39:32.103023
2811,953,63,2,1474.96,0.0,2949.92,2026-07-18T09:39:32.103023
2812,953,22,2,46.79,0.05,88.9,2026-07-18T09:39:32.103023
2813,953,60,1,824.84,0.0,824.84,2026-07-18T09:39:32.103023
2814,953,87,3,1696.52,0.15,4326.13,2026-07-18T09:39:32.103023
2815,954,108,3,407.19,0.0,1221.57,2026-07-12T00:05:32.103062
2816,954,76,3,747.78,0.0,2243.34,2026-07-12T00:05:32.103062
2817,954,104,2,1646.45,0.0,3292.9,2026-07-12T00:05:32.103062
2818,954,3,2,540.29,0.05,1026.55,2026-07-12T00:05:32.103062
2819,954,88,2,775.06,0.1,1395.11,2026-07-12T00:05:32.103062
2820,955,29,2,205.02,0.0,410.04,2026-06-25T05:55:32.103096
2821,955,97,3,1192.46,0.0,3577.38,2026-06-25T05:55:32.103096
2822,955,93,3,81.1,0.1,218.97,2026-06-25T05:55:32.103096
2823,956,53,2,1077.0,0.0,2154.0,2026-08-01T20:44:32.103120
2824,957,111,3,340.18,0.1,918.49,2026-08-04T21:16:32.103136
2825,957,50,2,935.89,0.0,1871.78,2026-08-04T21:16:32.103136
2826,957,21,2,579.0,0.0,1158.0,2026-08-04T21:16:32.103136
2827,958,83,2,1243.0,0.15,2113.1,2026-03-31T04:06:32.103160
2828,958,93,3,81.1,0.0,243.3,2026-03-31T04:06:32.103160
2829,959,51,1,1446.49,0.0,1446.49,2026-05-30T00:21:32.103182
2830,960,28,1,771.64,0.15,655.89,2026-04-07T00:02:32.103198
2831,961,94,3,115.87,0.0,347.61,2026-07-14T07:49:32.103213
2832,961,73,1,721.9,0.1,649.71,2026-07-14T07:49:32.103213
2833,962,36,2,97.84,0.15,166.33,2026-04-27T20:27:32.103233
2834,963,46,2,25.75,0.05,48.92,2026-09-10T02:30:32.103248
2835,963,69,3,1640.23,0.05,4674.66,2026-09-10T02:30:32.103248
2836,963,5,1,1081.58,0.05,1027.5,2026-09-10T02:30:32.103248
2837,964,29,1,205.02,0.15,174.27,2026-08-25T16:09:32.103273
2838,964,49,1,342.66,0.05,325.53,2026-08-25T16:09:32.103273
2839,964,88,2,775.06,0.0,1550.12,2026-08-25T16:09:32.103273
2840,964,93,1,81.1,0.15,68.93,2026-08-25T16:09:32.103273
2841,964,7,1,341.85,0.0,341.85,2026-08-25T16:09:32.103273
2842,965,26,1,1615.36,0.0,1615.36,2026-08-15T19:15:32.103305
2843,965,30,1,539.5,0.0,539.5,2026-08-15T19:15:32.103305
2844,965,53,3,1077.0,0.15,2746.35,2026-08-15T19:15:32.103305
2845,965,71,1,684.07,0.0,684.07,2026-08-15T19:15:32.103305
2846,965,116,1,615.12,0.15,522.85,2026-08-15T19:15:32.103305
2847,966,34,3,1474.08,0.15,3758.9,2026-07-09T23:27:32.103339
2848,966,84,3,358.51,0.15,914.2,2026-07-09T23:27:32.103339
2849,967,83,3,1243.0,0.0,3729.0,2026-08-28T05:08:32.103359
2850,967,88,1,775.06,0.05,736.31,2026-08-28T05:08:32.103359
2851,967,40,2,693.12,0.0,1386.24,2026-08-28T05:08:32.103359
2852,968,115,1,213.29,0.0,213.29,2026-09-19T05:26:32.103383
2853,969,88,3,775.06,0.0,2325.18,2026-08-21T09:22:32.103398
2854,969,79,3,219.09,0.0,657.27,2026-08-21T09:22:32.103398
2855,969,26,3,1615.36,0.05,4603.78,2026-08-21T09:22:32.103398
2856,969,48,3,733.85,0.0,2201.55,2026-08-21T09:22:32.103398
2857,969,37,3,591.14,0.05,1684.75,2026-08-21T09:22:32.103398
2858,970,3,1,540.29,0.0,540.29,2026-07-04T04:13:32.103432
2859,970,31,3,967.29,0.0,2901.87,2026-07-04T04:13:32.103432
2860,970,69,2,1640.23,0.0,3280.46,2026-07-04T04:13:32.103432
2861,970,12,3,1208.52,0.0,3625.56,2026-07-04T04:13:32.103432
2862,970,42,3,430.69,0.0,1292.07,2026-07-04T04:13:32.103432
2863,971,14,3,287.84,0.0,863.52,2026-09-14T11:11:32.103465
2864,971,102,2,61.75,0.0,123.5,2026-09-14T11:11:32.103465
2865,971,34,1,1474.08,0.0,1474.08,2026-09-14T11:11:32.103465
2866,972,8,3,104.24,0.05,297.08,2026-07-20T11:54:32.103488
2867,972,72,2,856.16,0.15,1455.47,2026-07-20T11:54:32.103488
2868,972,48,1,733.85,0.15,623.77,2026-07-20T11:54:32.103488
2869,973,43,3,187.62,0.0,562.86,2026-08-05T08:30:32.103512
2870,974,88,2,775.06,0.05,1472.61,2026-05-19T20:37:32.103532
2871,974,81,1,207.83,0.05,197.44,2026-05-19T20:37:32.103532
2872,974,76,1,747.78,0.0,747.78,2026-05-19T20:37:32.103532
2873,974,35,3,1414.87,0.0,4244.61,2026-05-19T20:37:32.103532
2874,974,74,3,377.0,0.05,1074.45,2026-05-19T20:37:32.103532
2875,975,98,2,643.73,0.1,1158.71,2026-07-05T00:36:32.103566
2876,975,20,2,1533.75,0.0,3067.5,2026-07-05T00:36:32.103566
2877,976,45,1,610.17,0.0,610.17,2026-09-12T21:13:32.103586
2878,976,71,2,684.07,0.0,1368.14,2026-09-12T21:13:32.103586
2879,977,114,1,48.79,0.0,48.79,2026-04-21T01:51:32.103606
2880,978,3,3,540.29,0.0,1620.87,2026-09-19T17:12:32.103621
2881,978,49,2,342.66,0.0,685.32,2026-09-19T17:12:32.103621
2882,978,115,1,213.29,0.0,213.29,2026-09-19T17:12:32.103621
2883,978,87,2,1696.52,0.0,3393.04,2026-09-19T17:12:32.103621
2884,978,103,1,298.36,0.05,283.44,2026-09-19T17:12:32.103621
2885,979,41,2,1658.14,0.0,3316.28,2026-03-24T13:21:32.103652
2886,980,84,1,358.51,0.05,340.58,2026-08-20T00:44:32.103670
2887,981,113,3,453.18,0.0,1359.54,2026-09-06T01:07:32.103686
2888,981,32,2,1444.35,0.0,2888.7,2026-09-06T01:07:32.103686
2889,982,69,1,1640.23,0.1,1476.21,2026-05-07T04:47:32.103705
2890,982,21,2,579.0,0.05,1100.1,2026-05-07T04:47:32.103705
2891,983,76,2,747.78,0.05,1420.78,2026-06-18T07:30:32.103725
2892,983,18,2,390.89,0.0,781.78,2026-06-18T07:30:32.103725
2893,983,31,2,967.29,0.1,1741.12,2026-06-18T07:30:32.103725
2894,983,20,2,1533.75,0.05,2914.12,2026-06-18T07:30:32.103725
2895,983,79,1,219.09,0.0,219.09,2026-06-18T07:30:32.103725
2896,984,45,3,610.17,0.05,1738.98,2026-04-20T12:48:32.103758
2897,984,5,2,1081.58,0.0,2163.16,2026-04-20T12:48:32.103758
2898,984,58,1,936.72,0.0,936.72,2026-04-20T12:48:32.103758
2899,984,111,3,340.18,0.05,969.51,2026-04-20T12:48:32.103758
2900,985,105,1,360.47,0.15,306.4,2026-05-08T00:20:32.103787
2901,985,77,3,360.14,0.0,1080.42,2026-05-08T00:20:32.103787
2902,985,15,2,478.17,0.0,956.34,2026-05-08T00:20:32.103787
2903,985,103,2,298.36,0.0,596.72,2026-05-08T00:20:32.103787
2904,985,59,1,1201.61,0.05,1141.53,2026-05-08T00:20:32.103787
2905,986,39,2,486.81,0.05,924.94,2026-06-07T06:56:32.103821
2906,986,45,3,610.17,0.05,1738.98,2026-06-07T06:56:32.103821
2907,987,20,2,1533.75,0.15,2607.38,2026-05-26T11:13:32.103841
2908,987,8,2,104.24,0.05,198.06,2026-05-26T11:13:32.103841
2909,987,65,3,1979.06,0.0,5937.18,2026-05-26T11:13:32.103841
2910,987,71,1,684.07,0.15,581.46,2026-05-26T11:13:32.103841
2911,987,99,3,575.39,0.0,1726.17,2026-05-26T11:13:32.103841
2912,988,115,1,213.29,0.1,191.96,2026-06-28T03:57:32.103873
2913,988,21,3,579.0,0.15,1476.45,2026-06-28T03:57:32.103873
2914,988,89,1,493.15,0.1,443.83,2026-06-28T03:57:32.103873
2915,988,81,1,207.83,0.05,197.44,2026-06-28T03:57:32.103873
2916,989,68,1,270.06,0.0,270.06,2026-06-29T23:15:32.103904
2917,989,13,1,2066.14,0.0,2066.14,2026-06-29T23:15:32.103904
2918,989,113,3,453.18,0.0,1359.54,2026-06-29T23:15:32.103904
2919,989,70,3,518.03,0.05,1476.39,2026-06-29T23:15:32.103904
2920,990,5,1,1081.58,0.0,1081.58,2026-05-28T12:13:32.103931
2921,990,50,1,935.89,0.1,842.3,2026-05-28T12:13:32.103931
2922,990,101,3,1089.31,0.0,3267.93,2026-05-28T12:13:32.103931
2923,990,100,1,1296.05,0.0,1296.05,2026-05-28T12:13:32.103931
2924,990,56,2,780.61,0.15,1327.04,2026-05-28T12:13:32.103931
2925,991,29,3,205.02,0.1,553.55,2026-07-19T05:09:32.103963
2926,991,101,1,1089.31,0.0,1089.31,2026-07-19T05:09:32.103963
2927,992,6,1,1554.13,0.0,1554.13,2026-08-14T16:52:32.103983
2928,992,37,2,591.14,0.0,1182.28,2026-08-14T16:52:32.103983
2929,992,65,2,1979.06,0.05,3760.21,2026-08-14T16:52:32.103983
2930,992,97,1,1192.46,0.0,1192.46,2026-08-14T16:52:32.103983
2931,993,99,1,575.39,0.0,575.39,2026-09-07T03:00:32.104011
2932,993,39,2,486.81,0.0,973.62,2026-09-07T03:00:32.104011
2933,994,48,1,733.85,0.0,733.85,2026-04-15T13:46:32.104031
2934,994,78,3,219.47,0.0,658.41,2026-04-15T13:46:32.104031
2935,994,8,2,104.24,0.0,208.48,2026-04-15T13:46:32.104031
2936,994,51,2,1446.49,0.0,2892.98,2026-04-15T13:46:32.104031
2937,994,26,3,1615.36,0.0,4846.08,2026-04-15T13:46:32.104031
2938,995,48,1,733.85,0.15,623.77,2026-08-27T20:35:32.104062
2939,995,34,2,1474.08,0.0,2948.16,2026-08-27T20:35:32.104062
2940,995,41,3,1658.14,0.0,4974.42,2026-08-27T20:35:32.104062
2941,995,7,2,341.85,0.0,683.7,2026-08-27T20:35:32.104062
2942,996,7,1,341.85,0.0,341.85,2026-08-04T17:08:32.104089
2943,996,65,1,1979.06,0.0,1979.06,2026-08-04T17:08:32.104089
2944,997,15,2,478.17,0.0,956.34,2026-07-22T11:27:32.104109
2945,997,61,3,1557.98,0.0,4673.94,2026-07-22T11:27:32.104109
2946,997,95,2,237.31,0.0,474.62,2026-07-22T11:27:32.104109
2947,997,103,1,298.36,0.1,268.52,2026-07-22T11:27:32.104109
2948,998,116,2,615.12,0.0,1230.24,2026-04-17T08:15:32.104138
2949,998,28,3,771.64,0.0,2314.92,2026-04-17T08:15:32.104138
2950,998,88,2,775.06,0.05,1472.61,2026-04-17T08:15:32.104138
2951,999,108,3,407.19,0.0,1221.57,2026-08-03T21:08:32.104162
2952,999,76,3,747.78,0.05,2131.17,2026-08-03T21:08:32.104162
2953,1000,52,2,92.69,0.15,157.57,2026-07-31T13:33:32.104181
2954,1000,116,3,615.12,0.05,1753.09,2026-07-31T13:33:32.104181
2955,1000,54,3,1652.43,0.05,4709.43,2026-07-31T13:33:32.104181
2956,1000,118,2,31.27,0.1,56.29,2026-07-31T13:33:32.104181
2957,1000,45,3,610.17,0.1,1647.46,2026-07-31T13:33:32.104181
2958,1001,69,2,1640.23,0.15,2788.39,2026-06-16T04:42:32.104212
2959,1001,55,3,467.36,0.0,1402.08,2026-06-16T04:42:32.104212
2960,1001,39,2,486.81,0.0,973.62,2026-06-16T04:42:32.104212
2961,1001,32,1,1444.35,0.1,1299.91,2026-06-16T04:42:32.104212
2962,1002,13,2,2066.14,0.0,4132.28,2026-06-24T06:00:32.104243
2963,1002,63,3,1474.96,0.15,3761.15,2026-06-24T06:00:32.104243
2964,1002,65,2,1979.06,0.05,3760.21,2026-06-24T06:00:32.104243
2965,1002,41,3,1658.14,0.1,4476.98,2026-06-24T06:00:32.104243
2966,1002,51,3,1446.49,0.0,4339.47,2026-06-24T06:00:32.104243
2967,1003,44,1,1108.44,0.0,1108.44,2026-07-10T16:05:32.104278
2968,1003,17,2,1226.38,0.15,2084.85,2026-07-10T16:05:32.104278
2969,1003,23,2,185.54,0.1,333.97,2026-07-10T16:05:32.104278
2970,1004,84,3,358.51,0.0,1075.53,2026-08-14T00:12:32.104302
2971,1005,45,2,610.17,0.0,1220.34,2026-07-11T15:08:32.104318
2972,1005,18,2,390.89,0.15,664.51,2026-07-11T15:08:32.104318
2973,1005,111,2,340.18,0.15,578.31,2026-07-11T15:08:32.104318
2974,1006,87,2,1696.52,0.0,3393.04,2026-09-07T15:03:32.104343
2975,1006,95,3,237.31,0.05,676.33,2026-09-07T15:03:32.104343
2976,1006,116,3,615.12,0.05,1753.09,2026-09-07T15:03:32.104343
2977,1006,99,3,575.39,0.05,1639.86,2026-09-07T15:03:32.104343
2978,1007,118,1,31.27,0.0,31.27,2026-03-28T19:10:32.104372
2979,1007,39,3,486.81,0.0,1460.43,2026-03-28T19:10:32.104372
2980,1007,38,1,1155.34,0.0,1155.34,2026-03-28T19:10:32.104372
2981,1007,99,2,575.39,0.0,1150.78,2026-03-28T19:10:32.104372
2982,1007,20,2,1533.75,0.15,2607.38,2026-03-28T19:10:32.104372
2983,1008,120,3,1388.53,0.0,4165.59,2026-08-06T09:17:32.104405
2984,1008,12,2,1208.52,0.0,2417.04,2026-08-06T09:17:32.104405
2985,1009,54,1,1652.43,0.05,1569.81,2026-06-27T02:50:32.104425
2986,1009,27,1,271.84,0.1,244.66,2026-06-27T02:50:32.104425
2987,1009,50,3,935.89,0.0,2807.67,2026-06-27T02:50:32.104425
2988,1009,43,2,187.62,0.0,375.24,2026-06-27T02:50:32.104425
2989,1009,8,1,104.24,0.0,104.24,2026-06-27T02:50:32.104425
2990,1010,102,1,61.75,0.0,61.75,2026-07-30T10:30:32.104457
2991,1010,116,1,615.12,0.0,615.12,2026-07-30T10:30:32.104457
2992,1010,31,2,967.29,0.0,1934.58,2026-07-30T10:30:32.104457
2993,1011,76,1,747.78,0.05,710.39,2026-08-03T17:23:32.104486
2994,1011,25,2,257.25,0.1,463.05,2026-08-03T17:23:32.104486
2995,1011,50,2,935.89,0.1,1684.6,2026-08-03T17:23:32.104486
2996,1011,15,1,478.17,0.0,478.17,2026-08-03T17:23:32.104486
2997,1012,66,3,116.43,0.1,314.36,2026-09-01T22:30:32.104516
2998,1012,95,1,237.31,0.15,201.71,2026-09-01T22:30:32.104516
2999,1012,98,2,643.73,0.0,1287.46,2026-09-01T22:30:32.104516
3000,1013,88,1,775.06,0.0,775.06,2026-08-27T01:20:32.104540
3001,1013,27,3,271.84,0.0,815.52,2026-08-27T01:20:32.104540
3002,1013,77,2,360.14,0.1,648.25,2026-08-27T01:20:32.104540
3003,1014,46,1,25.75,0.1,23.18,2026-04-08T12:29:32.104564
3004,1014,27,2,271.84,0.0,543.68,2026-04-08T12:29:32.104564
3005,1015,74,3,377.0,0.0,1131.0,2026-07-31T14:09:32.104585
3006,1015,89,3,493.15,0.0,1479.45,2026-07-31T14:09:32.104585
3007,1016,61,1,1557.98,0.05,1480.08,2026-08-18T09:58:32.104609
3008,1016,71,1,684.07,0.1,615.66,2026-08-18T09:58:32.104609
3009,1016,97,2,1192.46,0.05,2265.67,2026-08-18T09:58:32.104609
3010,1017,107,3,1503.69,0.15,3834.41,2026-06-14T04:50:32.104634
3011,1017,105,1,360.47,0.05,342.45,2026-06-14T04:50:32.104634
3012,1017,44,1,1108.44,0.05,1053.02,2026-06-14T04:50:32.104634
3013,1018,79,2,219.09,0.05,416.27,2026-08-02T14:50:32.104658
3014,1018,29,1,205.02,0.05,194.77,2026-08-02T14:50:32.104658
3015,1018,73,3,721.9,0.05,2057.41,2026-08-02T14:50:32.104658
3016,1018,60,2,824.84,0.05,1567.2,2026-08-02T14:50:32.104658
3017,1019,83,3,1243.0,0.05,3542.55,2026-07-25T17:06:32.104686
3018,1019,3,1,540.29,0.0,540.29,2026-07-25T17:06:32.104686
3019,1019,79,1,219.09,0.0,219.09,2026-07-25T17:06:32.104686
3020,1019,68,2,270.06,0.05,513.11,2026-07-25T17:06:32.104686
3021,1020,18,1,390.89,0.0,390.89,2026-07-05T12:02:32.104715
3022,1020,21,1,579.0,0.1,521.1,2026-07-05T12:02:32.104715
3023,1020,88,2,775.06,0.15,1317.6,2026-07-05T12:02:32.104715
3024,1021,91,2,1357.23,0.0,2714.46,2026-09-16T21:42:32.104740
3025,1021,119,2,45.9,0.0,91.8,2026-09-16T21:42:32.104740
3026,1022,8,1,104.24,0.1,93.82,2026-07-28T01:22:32.104764
3027,1022,3,1,540.29,0.05,513.28,2026-07-28T01:22:32.104764
3028,1022,93,2,81.1,0.1,145.98,2026-07-28T01:22:32.104764
3029,1022,6,1,1554.13,0.1,1398.72,2026-07-28T01:22:32.104764
3030,1023,87,3,1696.52,0.05,4835.08,2026-07-10T04:34:32.104796
3031,1023,103,3,298.36,0.1,805.57,2026-07-10T04:34:32.104796
3032,1024,98,1,643.73,0.0,643.73,2026-07-02T20:18:32.104816
3033,1024,69,2,1640.23,0.1,2952.41,2026-07-02T20:18:32.104816
3034,1025,116,2,615.12,0.15,1045.7,2026-04-27T05:24:32.104837
3035,1025,60,2,824.84,0.0,1649.68,2026-04-27T05:24:32.104837
3036,1025,47,3,1270.2,0.15,3239.01,2026-04-27T05:24:32.104837
3037,1026,108,3,407.19,0.0,1221.57,2026-04-03T00:33:32.104863
3038,1026,95,2,237.31,0.05,450.89,2026-04-03T00:33:32.104863
3039,1027,80,2,596.68,0.1,1074.02,2026-08-22T12:11:32.104884
3040,1027,21,2,579.0,0.1,1042.2,2026-08-22T12:11:32.104884
3041,1028,6,1,1554.13,0.05,1476.42,2026-07-14T20:56:32.104904
3042,1028,15,3,478.17,0.05,1362.78,2026-07-14T20:56:32.104904
3043,1028,31,2,967.29,0.0,1934.58,2026-07-14T20:56:32.104904
3044,1029,49,2,342.66,0.0,685.32,2026-07-29T20:22:32.104926
3045,1029,21,2,579.0,0.05,1100.1,2026-07-29T20:22:32.104926
3046,1030,6,2,1554.13,0.0,3108.26,2026-05-26T05:44:32.104948
3047,1030,109,1,1094.28,0.05,1039.57,2026-05-26T05:44:32.104948
3048,1030,58,3,936.72,0.0,2810.16,2026-05-26T05:44:32.104948
3049,1030,114,3,48.79,0.05,139.05,2026-05-26T05:44:32.104948
3050,1031,98,2,643.73,0.15,1094.34,2026-04-11T00:51:32.104978
3051,1031,120,3,1388.53,0.0,4165.59,2026-04-11T00:51:32.104978
3052,1031,28,1,771.64,0.0,771.64,2026-04-11T00:51:32.104978
3053,1031,49,3,342.66,0.0,1027.98,2026-04-11T00:51:32.104978
3054,1031,81,1,207.83,0.05,197.44,2026-04-11T00:51:32.104978
3055,1032,76,2,747.78,0.1,1346.0,2026-08-07T18:11:32.105011
3056,1032,82,2,1537.26,0.0,3074.52,2026-08-07T18:11:32.105011
3057,1033,56,1,780.61,0.1,702.55,2026-05-24T10:37:32.105032
3058,1034,71,2,684.07,0.0,1368.14,2026-08-02T08:45:32.105048
3059,1034,82,3,1537.26,0.15,3920.01,2026-08-02T08:45:32.105048
3060,1035,107,3,1503.69,0.0,4511.07,2026-08-22T09:50:32.105068
3061,1035,88,3,775.06,0.05,2208.92,2026-08-22T09:50:32.105068
3062,1035,92,3,551.27,0.0,1653.81,2026-08-22T09:50:32.105068
3063,1035,116,3,615.12,0.05,1753.09,2026-08-22T09:50:32.105068
3064,1035,12,1,1208.52,0.1,1087.67,2026-08-22T09:50:32.105068
3065,1036,60,2,824.84,0.0,1649.68,2026-08-06T14:24:32.105104
3066,1036,36,1,97.84,0.0,97.84,2026-08-06T14:24:32.105104
3067,1036,77,3,360.14,0.0,1080.42,2026-08-06T14:24:32.105104
3068,1036,92,3,551.27,0.15,1405.74,2026-08-06T14:24:32.105104
3069,1036,73,2,721.9,0.05,1371.61,2026-08-06T14:24:32.105104
3070,1037,48,3,733.85,0.0,2201.55,2026-07-14T09:20:32.105140
3071,1037,56,3,780.61,0.0,2341.83,2026-07-14T09:20:32.105140
3072,1037,19,2,1096.11,0.0,2192.22,2026-07-14T09:20:32.105140
3073,1037,88,1,775.06,0.0,775.06,2026-07-14T09:20:32.105140
3074,1038,43,1,187.62,0.0,187.62,2026-04-10T02:57:32.105168
3075,1038,82,2,1537.26,0.15,2613.34,2026-04-10T02:57:32.105168
3076,1038,59,1,1201.61,0.1,1081.45,2026-04-10T02:57:32.105168
3077,1039,95,3,237.31,0.05,676.33,2026-04-08T15:25:32.105192
3078,1039,101,1,1089.31,0.1,980.38,2026-04-08T15:25:32.105192
3079,1039,46,1,25.75,0.05,24.46,2026-04-08T15:25:32.105192
3080,1039,106,2,79.66,0.0,159.32,2026-04-08T15:25:32.105192
3081,1039,18,1,390.89,0.15,332.26,2026-04-08T15:25:32.105192
3082,1040,46,1,25.75,0.0,25.75,2026-06-18T02:47:32.105227
3083,1041,99,2,575.39,0.0,1150.78,2026-05-17T08:32:32.105243
3084,1042,37,3,591.14,0.0,1773.42,2026-03-30T13:49:32.105258
3085,1042,7,3,341.85,0.0,1025.55,2026-03-30T13:49:32.105258
3086,1042,5,1,1081.58,0.05,1027.5,2026-03-30T13:49:32.105258
3087,1042,71,1,684.07,0.05,649.87,2026-03-30T13:49:32.105258
3088,1042,19,3,1096.11,0.1,2959.5,2026-03-30T13:49:32.105258
3089,1043,69,1,1640.23,0.05,1558.22,2026-05-13T00:09:32.105291
3090,1043,26,3,1615.36,0.1,4361.47,2026-05-13T00:09:32.105291
3091,1043,89,1,493.15,0.0,493.15,2026-05-13T00:09:32.105291
3092,1044,25,3,257.25,0.1,694.58,2026-05-08T08:00:32.105315
3093,1045,31,3,967.29,0.0,2901.87,2026-08-17T10:09:32.105331
3094,1045,43,1,187.62,0.15,159.48,2026-08-17T10:09:32.105331
3095,1046,93,2,81.1,0.05,154.09,2026-09-14T12:05:32.105352
3096,1047,120,3,1388.53,0.15,3540.75,2026-05-29T03:05:32.105368
3097,1047,56,3,780.61,0.1,2107.65,2026-05-29T03:05:32.105368
3098,1047,77,2,360.14,0.0,720.28,2026-05-29T03:05:32.105368
3099,1047,13,2,2066.14,0.05,3925.67,2026-05-29T03:05:32.105368
3100,1047,7,3,341.85,0.0,1025.55,2026-05-29T03:05:32.105368
3101,1048,41,3,1658.14,0.0,4974.42,2026-04-09T17:36:32.105400
3102,1048,29,3,205.02,0.0,615.06,2026-04-09T17:36:32.105400
3103,1049,104,3,1646.45,0.1,4445.42,2026-09-01T14:58:32.105420
3104,1049,55,1,467.36,0.0,467.36,2026-09-01T14:58:32.105420
3105,1050,95,2,237.31,0.1,427.16,2026-05-09T05:32:32.105440
3106,1050,88,3,775.06,0.05,2208.92,2026-05-09T05:32:32.105440
3107,1050,51,3,1446.49,0.1,3905.52,2026-05-09T05:32:32.105440
3108,1050,15,1,478.17,0.05,454.26,2026-05-09T05:32:32.105440
3109,1051,86,2,517.65,0.0,1035.3,2026-05-29T12:53:32.105469
3110,1051,3,2,540.29,0.0,1080.58,2026-05-29T12:53:32.105469
3111,1051,97,3,1192.46,0.0,3577.38,2026-05-29T12:53:32.105469
3112,1051,65,3,1979.06,0.0,5937.18,2026-05-29T12:53:32.105469
3113,1052,109,2,1094.28,0.1,1969.7,2026-04-22T21:18:32.105497
3114,1052,79,2,219.09,0.0,438.18,2026-04-22T21:18:32.105497
3115,1052,25,3,257.25,0.05,733.16,2026-04-22T21:18:32.105497
3116,1053,77,1,360.14,0.15,306.12,2026-08-02T22:29:32.105525
3117,1053,61,3,1557.98,0.0,4673.94,2026-08-02T22:29:32.105525
3118,1053,108,1,407.19,0.1,366.47,2026-08-02T22:29:32.105525
3119,1053,115,3,213.29,0.15,543.89,2026-08-02T22:29:32.105525
3120,1053,68,3,270.06,0.1,729.16,2026-08-02T22:29:32.105525
3121,1054,65,1,1979.06,0.0,1979.06,2026-06-14T01:57:32.105556
3122,1054,55,1,467.36,0.15,397.26,2026-06-14T01:57:32.105556
3123,1054,42,2,430.69,0.1,775.24,2026-06-14T01:57:32.105556
3124,1054,44,2,1108.44,0.15,1884.35,2026-06-14T01:57:32.105556
3125,1054,92,3,551.27,0.15,1405.74,2026-06-14T01:57:32.105556
3126,1055,97,3,1192.46,0.0,3577.38,2026-06-09T16:05:32.105589
3127,1055,35,1,1414.87,0.1,1273.38,2026-06-09T16:05:32.105589
3128,1056,101,1,1089.31,0.0,1089.31,2026-05-15T04:34:32.105611
3129,1056,40,2,693.12,0.1,1247.62,2026-05-15T04:34:32.105611
3130,1056,80,2,596.68,0.0,1193.36,2026-05-15T04:34:32.105611
3131,1056,76,1,747.78,0.0,747.78,2026-05-15T04:34:32.105611
3132,1057,35,3,1414.87,0.0,4244.61,2026-05-18T20:56:32.105640
3133,1057,53,2,1077.0,0.0,2154.0,2026-05-18T20:56:32.105640
3134,1057,39,3,486.81,0.0,1460.43,2026-05-18T20:56:32.105640
3135,1058,104,2,1646.45,0.05,3128.26,2026-08-23T21:05:32.105663
3136,1058,81,2,207.83,0.05,394.88,2026-08-23T21:05:32.105663
3137,1058,29,1,205.02,0.1,184.52,2026-08-23T21:05:32.105663
3138,1059,22,3,46.79,0.15,119.31,2026-07-20T19:09:32.105688
3139,1059,118,3,31.27,0.1,84.43,2026-07-20T19:09:32.105688
3140,1059,90,1,1214.39,0.0,1214.39,2026-07-20T19:09:32.105688
3141,1060,7,3,341.85,0.0,1025.55,2026-07-14T15:50:32.105713
3142,1060,47,1,1270.2,0.1,1143.18,2026-07-14T15:50:32.105713
3143,1060,120,3,1388.53,0.0,4165.59,2026-07-14T15:50:32.105713
3144,1061,118,2,31.27,0.15,53.16,2026-03-26T15:52:32.105736
3145,1061,31,1,967.29,0.0,967.29,2026-03-26T15:52:32.105736
3146,1062,78,2,219.47,0.0,438.94,2026-07-29T18:57:32.105755
3147,1062,109,1,1094.28,0.15,930.14,2026-07-29T18:57:32.105755
3148,1062,20,2,1533.75,0.05,2914.12,2026-07-29T18:57:32.105755
3149,1062,13,1,2066.14,0.1,1859.53,2026-07-29T18:57:32.105755
3150,1063,92,2,551.27,0.0,1102.54,2026-05-28T16:40:32.105784
3151,1063,32,2,1444.35,0.15,2455.39,2026-05-28T16:40:32.105784
3152,1063,87,1,1696.52,0.0,1696.52,2026-05-28T16:40:32.105784
3153,1063,47,1,1270.2,0.05,1206.69,2026-05-28T16:40:32.105784
3154,1064,48,1,733.85,0.0,733.85,2026-08-26T11:28:32.105814
3155,1064,29,2,205.02,0.0,410.04,2026-08-26T11:28:32.105814
3156,1065,99,3,575.39,0.15,1467.24,2026-09-01T08:27:32.105834
3157,1065,23,1,185.54,0.1,166.99,2026-09-01T08:27:32.105834
3158,1065,49,3,342.66,0.0,1027.98,2026-09-01T08:27:32.105834
3159,1066,45,3,610.17,0.1,1647.46,2026-06-16T10:55:32.105858
3160,1066,25,3,257.25,0.0,771.75,2026-06-16T10:55:32.105858
3161,1066,53,3,1077.0,0.05,3069.45,2026-06-16T10:55:32.105858
3162,1066,105,1,360.47,0.1,324.42,2026-06-16T10:55:32.105858
3163,1066,50,2,935.89,0.05,1778.19,2026-06-16T10:55:32.105858
3164,1067,92,3,551.27,0.05,1571.12,2026-07-04T00:01:32.105891
3165,1067,111,2,340.18,0.1,612.32,2026-07-04T00:01:32.105891
3166,1067,15,1,478.17,0.05,454.26,2026-07-04T00:01:32.105891
3167,1067,106,2,79.66,0.0,159.32,2026-07-04T00:01:32.105891
3168,1068,46,1,25.75,0.0,25.75,2026-06-02T19:30:32.105934
3169,1068,78,1,219.47,0.1,197.52,2026-06-02T19:30:32.105934
3170,1068,117,2,1381.28,0.0,2762.56,2026-06-02T19:30:32.105934
3171,1068,84,1,358.51,0.15,304.73,2026-06-02T19:30:32.105934
3172,1069,101,2,1089.31,0.05,2069.69,2026-08-07T12:08:32.105982
3173,1069,81,1,207.83,0.0,207.83,2026-08-07T12:08:32.105982
3174,1070,10,3,858.14,0.0,2574.42,2026-08-21T05:02:32.106018
3175,1070,111,2,340.18,0.0,680.36,2026-08-21T05:02:32.106018
3176,1070,62,1,1109.18,0.15,942.8,2026-08-21T05:02:32.106018
3177,1070,73,1,721.9,0.15,613.62,2026-08-21T05:02:32.106018
3178,1071,69,2,1640.23,0.15,2788.39,2026-05-14T06:06:32.106051
3179,1071,8,1,104.24,0.1,93.82,2026-05-14T06:06:32.106051
3180,1072,59,3,1201.61,0.15,3064.11,2026-06-23T10:30:32.106073
3181,1072,76,3,747.78,0.0,2243.34,2026-06-23T10:30:32.106073
3182,1072,28,2,771.64,0.0,1543.28,2026-06-23T10:30:32.106073
3183,1072,23,1,185.54,0.15,157.71,2026-06-23T10:30:32.106073
3184,1072,117,2,1381.28,0.0,2762.56,2026-06-23T10:30:32.106073
3185,1073,74,3,377.0,0.0,1131.0,2026-06-07T10:15:32.106106
3186,1073,104,2,1646.45,0.0,3292.9,2026-06-07T10:15:32.106106
3187,1073,118,2,31.27,0.05,59.41,2026-06-07T10:15:32.106106
3188,1073,63,3,1474.96,0.0,4424.88,2026-06-07T10:15:32.106106
3189,1073,25,1,257.25,0.15,218.66,2026-06-07T10:15:32.106106
3190,1074,38,3,1155.34,0.15,2946.12,2026-05-05T10:09:32.106139
3191,1074,92,3,551.27,0.0,1653.81,2026-05-05T10:09:32.106139
3192,1074,98,1,643.73,0.0,643.73,2026-05-05T10:09:32.106139
3193,1074,18,2,390.89,0.0,781.78,2026-05-05T10:09:32.106139
3194,1075,73,1,721.9,0.0,721.9,2026-08-10T23:07:32.106166
3195,1076,41,2,1658.14,0.15,2818.84,2026-05-06T17:18:32.106182
3196,1076,118,3,31.27,0.05,89.12,2026-05-06T17:18:32.106182
3197,1076,69,3,1640.23,0.0,4920.69,2026-05-06T17:18:32.106182
3198,1076,39,2,486.81,0.05,924.94,2026-05-06T17:18:32.106182
3199,1076,8,3,104.24,0.0,312.72,2026-05-06T17:18:32.106182
3200,1077,104,3,1646.45,0.0,4939.35,2026-08-06T13:58:32.106215
3201,1077,17,1,1226.38,0.0,1226.38,2026-08-06T13:58:32.106215
3202,1078,38,1,1155.34,0.0,1155.34,2026-07-26T02:17:32.106235
3203,1078,25,2,257.25,0.0,514.5,2026-07-26T02:17:32.106235
3204,1078,71,3,684.07,0.15,1744.38,2026-07-26T02:17:32.106235
3205,1079,61,3,1557.98,0.0,4673.94,2026-05-11T13:30:32.106259
3206,1079,81,1,207.83,0.0,207.83,2026-05-11T13:30:32.106259
3207,1079,119,1,45.9,0.0,45.9,2026-05-11T13:30:32.106259
3208,1080,54,1,1652.43,0.0,1652.43,2026-06-11T17:33:32.106283
3209,1080,70,2,518.03,0.05,984.26,2026-06-11T17:33:32.106283
3210,1081,76,2,747.78,0.0,1495.56,2026-07-29T02:56:32.106303
3211,1082,62,2,1109.18,0.05,2107.44,2026-05-05T22:25:32.106323
3212,1082,80,3,596.68,0.0,1790.04,2026-05-05T22:25:32.106323
3213,1082,31,3,967.29,0.05,2756.78,2026-05-05T22:25:32.106323
3214,1082,69,1,1640.23,0.1,1476.21,2026-05-05T22:25:32.106323
3215,1082,109,1,1094.28,0.0,1094.28,2026-05-05T22:25:32.106323
3216,1083,13,2,2066.14,0.0,4132.28,2026-07-17T23:24:32.106362
3217,1084,25,2,257.25,0.0,514.5,2026-05-01T16:18:32.106381
3218,1084,79,1,219.09,0.0,219.09,2026-05-01T16:18:32.106381
3219,1084,47,3,1270.2,0.1,3429.54,2026-05-01T16:18:32.106381
3220,1084,70,2,518.03,0.15,880.65,2026-05-01T16:18:32.106381
3221,1084,52,1,92.69,0.0,92.69,2026-05-01T16:18:32.106381
3222,1085,39,2,486.81,0.0,973.62,2026-08-31T07:31:32.106416
3223,1085,119,1,45.9,0.05,43.6,2026-08-31T07:31:32.106416
3224,1085,104,3,1646.45,0.1,4445.42,2026-08-31T07:31:32.106416
3225,1085,99,2,575.39,0.0,1150.78,2026-08-31T07:31:32.106416
3226,1085,41,1,1658.14,0.0,1658.14,2026-08-31T07:31:32.106416
3227,1086,42,2,430.69,0.1,775.24,2026-05-19T01:03:32.106450
3228,1086,104,2,1646.45,0.05,3128.26,2026-05-19T01:03:32.106450
3229,1086,22,1,46.79,0.15,39.77,2026-05-19T01:03:32.106450
3230,1086,6,3,1554.13,0.0,4662.39,2026-05-19T01:03:32.106450
3231,1086,95,1,237.31,0.0,237.31,2026-05-19T01:03:32.106450
3232,1087,70,3,518.03,0.0,1554.09,2026-04-29T16:23:32.106487
3233,1087,113,3,453.18,0.0,1359.54,2026-04-29T16:23:32.106487
3234,1087,55,3,467.36,0.15,1191.77,2026-04-29T16:23:32.106487
3235,1088,66,2,116.43,0.05,221.22,2026-05-19T16:13:32.106511
3236,1088,38,2,1155.34,0.1,2079.61,2026-05-19T16:13:32.106511
3237,1088,18,3,390.89,0.0,1172.67,2026-05-19T16:13:32.106511
3238,1088,44,1,1108.44,0.15,942.17,2026-05-19T16:13:32.106511
3239,1088,115,1,213.29,0.0,213.29,2026-05-19T16:13:32.106511
3240,1089,65,1,1979.06,0.0,1979.06,2026-07-22T17:15:32.106542
3241,1089,97,3,1192.46,0.1,3219.64,2026-07-22T17:15:32.106542
3242,1090,44,3,1108.44,0.0,3325.32,2026-08-29T13:19:32.106562
3243,1090,69,3,1640.23,0.0,4920.69,2026-08-29T13:19:32.106562
3244,1090,111,1,340.18,0.0,340.18,2026-08-29T13:19:32.106562
3245,1090,78,3,219.47,0.1,592.57,2026-08-29T13:19:32.106562
3246,1090,48,1,733.85,0.1,660.47,2026-08-29T13:19:32.106562
3247,1091,106,1,79.66,0.15,67.71,2026-08-02T23:43:32.106599
3248,1091,43,1,187.62,0.0,187.62,2026-08-02T23:43:32.106599
3249,1092,8,1,104.24,0.1,93.82,2026-04-17T06:50:32.106620
3250,1093,92,1,551.27,0.1,496.14,2026-03-30T10:19:32.106637
3251,1094,25,2,257.25,0.0,514.5,2026-04-23T13:23:32.106653
3252,1094,14,2,287.84,0.0,575.68,2026-04-23T13:23:32.106653
3253,1094,8,1,104.24,0.1,93.82,2026-04-23T13:23:32.106653
3254,1094,120,1,1388.53,0.0,1388.53,2026-04-23T13:23:32.106653
3255,1095,104,2,1646.45,0.05,3128.26,2026-06-20T08:20:32.106680
3256,1095,80,1,596.68,0.15,507.18,2026-06-20T08:20:32.106680
3257,1096,119,3,45.9,0.0,137.7,2026-05-02T15:58:32.106700
3258,1096,12,3,1208.52,0.15,3081.73,2026-05-02T15:58:32.106700
3259,1096,45,1,610.17,0.0,610.17,2026-05-02T15:58:32.106700
3260,1096,80,2,596.68,0.1,1074.02,2026-05-02T15:58:32.106700
3261,1097,70,1,518.03,0.15,440.33,2026-05-17T00:55:32.106730
3262,1097,22,1,46.79,0.0,46.79,2026-05-17T00:55:32.106730
3263,1097,25,1,257.25,0.1,231.53,2026-05-17T00:55:32.106730
3264,1097,103,1,298.36,0.0,298.36,2026-05-17T00:55:32.106730
3265,1098,76,1,747.78,0.05,710.39,2026-04-21T13:47:32.106762
3266,1098,36,3,97.84,0.1,264.17,2026-04-21T13:47:32.106762
3267,1099,86,2,517.65,0.0,1035.3,2026-04-26T18:07:32.106781
3268,1099,18,1,390.89,0.1,351.8,2026-04-26T18:07:32.106781
3269,1100,86,3,517.65,0.05,1475.3,2026-04-24T22:30:32.106801
3270,1101,108,1,407.19,0.05,386.83,2026-05-15T18:07:32.106816
3271,1101,120,1,1388.53,0.0,1388.53,2026-05-15T18:07:32.106816
3272,1101,10,1,858.14,0.05,815.23,2026-05-15T18:07:32.106816
3273,1102,90,2,1214.39,0.15,2064.46,2026-04-10T00:37:32.106859
3274,1102,45,2,610.17,0.1,1098.31,2026-04-10T00:37:32.106859
3275,1102,13,1,2066.14,0.05,1962.83,2026-04-10T00:37:32.106859
3276,1103,97,2,1192.46,0.15,2027.18,2026-07-29T16:12:32.106887
3277,1103,22,1,46.79,0.0,46.79,2026-07-29T16:12:32.106887
3278,1103,86,1,517.65,0.0,517.65,2026-07-29T16:12:32.106887
3279,1103,35,3,1414.87,0.1,3820.15,2026-07-29T16:12:32.106887
3280,1104,26,2,1615.36,0.1,2907.65,2026-03-26T22:44:32.106915
3281,1104,6,2,1554.13,0.0,3108.26,2026-03-26T22:44:32.106915
3282,1104,106,2,79.66,0.1,143.39,2026-03-26T22:44:32.106915
3283,1104,60,1,824.84,0.05,783.6,2026-03-26T22:44:32.106915
3284,1104,49,2,342.66,0.05,651.05,2026-03-26T22:44:32.106915
3285,1105,117,2,1381.28,0.05,2624.43,2026-07-15T07:51:32.106946
3286,1105,53,2,1077.0,0.0,2154.0,2026-07-15T07:51:32.106946
3287,1105,78,1,219.47,0.05,208.5,2026-07-15T07:51:32.106946
3288,1106,69,1,1640.23,0.0,1640.23,2026-09-11T22:11:32.106973
3289,1106,99,1,575.39,0.0,575.39,2026-09-11T22:11:32.106973
3290,1106,56,3,780.61,0.05,2224.74,2026-09-11T22:11:32.106973
3291,1107,95,2,237.31,0.15,403.43,2026-06-18T14:02:32.106996
3292,1107,8,3,104.24,0.0,312.72,2026-06-18T14:02:32.106996
3293,1107,70,3,518.03,0.0,1554.09,2026-06-18T14:02:32.106996
3294,1107,62,3,1109.18,0.1,2994.79,2026-06-18T14:02:32.106996
3295,1108,26,3,1615.36,0.05,4603.78,2026-08-21T15:50:32.107025
3296,1108,72,1,856.16,0.0,856.16,2026-08-21T15:50:32.107025
3297,1108,46,2,25.75,0.0,51.5,2026-08-21T15:50:32.107025
3298,1109,44,2,1108.44,0.05,2106.04,2026-08-02T10:48:32.107048
3299,1109,89,2,493.15,0.0,986.3,2026-08-02T10:48:32.107048
3300,1109,81,3,207.83,0.0,623.49,2026-08-02T10:48:32.107048
3301,1109,26,3,1615.36,0.1,4361.47,2026-08-02T10:48:32.107048
3302,1109,88,3,775.06,0.0,2325.18,2026-08-02T10:48:32.107048
3303,1110,5,3,1081.58,0.1,2920.27,2026-04-25T13:13:32.107082
3304,1110,39,1,486.81,0.05,462.47,2026-04-25T13:13:32.107082
3305,1110,68,2,270.06,0.0,540.12,2026-04-25T13:13:32.107082
3306,1110,90,3,1214.39,0.05,3461.01,2026-04-25T13:13:32.107082
3307,1111,18,1,390.89,0.1,351.8,2026-04-15T22:46:32.107112
3308,1111,7,1,341.85,0.0,341.85,2026-04-15T22:46:32.107112
3309,1111,71,1,684.07,0.1,615.66,2026-04-15T22:46:32.107112
3310,1111,45,2,610.17,0.05,1159.32,2026-04-15T22:46:32.107112
3311,1112,80,1,596.68,0.0,596.68,2026-08-15T09:14:32.107142
3312,1113,114,1,48.79,0.0,48.79,2026-04-08T05:58:32.107158
3313,1114,72,1,856.16,0.1,770.54,2026-06-30T12:23:32.107173
3314,1114,106,2,79.66,0.0,159.32,2026-06-30T12:23:32.107173
3315,1115,45,1,610.17,0.0,610.17,2026-09-07T15:54:32.107193
3316,1115,102,3,61.75,0.15,157.46,2026-09-07T15:54:32.107193
3317,1116,3,3,540.29,0.05,1539.83,2026-08-29T13:15:32.107214
3318,1116,41,3,1658.14,0.0,4974.42,2026-08-29T13:15:32.107214
3319,1116,101,3,1089.31,0.1,2941.14,2026-08-29T13:15:32.107214
3320,1116,22,1,46.79,0.0,46.79,2026-08-29T13:15:32.107214
3321,1116,65,3,1979.06,0.0,5937.18,2026-08-29T13:15:32.107214
3322,1117,39,1,486.81,0.1,438.13,2026-03-24T00:07:32.107247
3323,1118,92,2,551.27,0.1,992.29,2026-05-01T23:47:32.107264
3324,1118,27,3,271.84,0.0,815.52,2026-05-01T23:47:32.107264
3325,1118,59,1,1201.61,0.0,1201.61,2026-05-01T23:47:32.107264
3326,1119,62,3,1109.18,0.0,3327.54,2026-06-23T18:54:32.107287
3327,1120,49,3,342.66,0.05,976.58,2026-06-03T15:27:32.107303
3328,1120,30,1,539.5,0.1,485.55,2026-06-03T15:27:32.107303
3329,1120,79,1,219.09,0.0,219.09,2026-06-03T15:27:32.107303
3330,1120,95,2,237.31,0.15,403.43,2026-06-03T15:27:32.107303
3331,1121,109,3,1094.28,0.1,2954.56,2026-05-08T13:40:32.107332
3332,1122,98,2,643.73,0.1,1158.71,2026-04-21T06:13:32.107347
3333,1122,35,1,1414.87,0.0,1414.87,2026-04-21T06:13:32.107347
3334,1123,48,2,733.85,0.15,1247.55,2026-06-13T04:50:32.107370
3335,1124,45,2,610.17,0.0,1220.34,2026-07-13T16:05:32.107386
3336,1124,54,2,1652.43,0.0,3304.86,2026-07-13T16:05:32.107386
3337,1124,116,2,615.12,0.0,1230.24,2026-07-13T16:05:32.107386
3338,1124,30,1,539.5,0.0,539.5,2026-07-13T16:05:32.107386
3339,1125,55,3,467.36,0.0,1402.08,2026-05-27T08:55:32.107414
3340,1125,37,3,591.14,0.0,1773.42,2026-05-27T08:55:32.107414
3341,1125,92,3,551.27,0.15,1405.74,2026-05-27T08:55:32.107414
3342,1126,17,1,1226.38,0.15,1042.42,2026-05-04T02:04:32.107437
3343,1127,47,3,1270.2,0.15,3239.01,2026-05-23T16:10:32.107453
3344,1128,51,1,1446.49,0.05,1374.17,2026-08-05T11:36:32.107472
3345,1129,70,3,518.03,0.0,1554.09,2026-03-28T09:26:32.107487
3346,1129,108,1,407.19,0.0,407.19,2026-03-28T09:26:32.107487
3347,1130,8,2,104.24,0.0,208.48,2026-09-05T03:38:32.107506
3348,1131,106,1,79.66,0.15,67.71,2026-04-24T12:04:32.107522
3349,1131,55,1,467.36,0.0,467.36,2026-04-24T12:04:32.107522
3350,1131,102,2,61.75,0.0,123.5,2026-04-24T12:04:32.107522
3351,1131,27,3,271.84,0.1,733.97,2026-04-24T12:04:32.107522
3352,1131,109,3,1094.28,0.0,3282.84,2026-04-24T12:04:32.107522
3353,1132,45,2,610.17,0.0,1220.34,2026-09-16T09:27:32.107554
3354,1132,60,2,824.84,0.15,1402.23,2026-09-16T09:27:32.107554
3355,1133,19,3,1096.11,0.1,2959.5,2026-08-27T17:26:32.107576
3356,1133,71,2,684.07,0.15,1162.92,2026-08-27T17:26:32.107576
3357,1134,108,3,407.19,0.15,1038.33,2026-03-25T07:24:32.107598
3358,1134,74,2,377.0,0.0,754.0,2026-03-25T07:24:32.107598
3359,1134,26,1,1615.36,0.0,1615.36,2026-03-25T07:24:32.107598
3360,1134,103,2,298.36,0.05,566.88,2026-03-25T07:24:32.107598
3361,1134,31,3,967.29,0.1,2611.68,2026-03-25T07:24:32.107598
3362,1135,2,1,439.91,0.15,373.92,2026-07-01T01:19:32.107631
3363,1135,14,1,287.84,0.1,259.06,2026-07-01T01:19:32.107631
3364,1135,68,2,270.06,0.1,486.11,2026-07-01T01:19:32.107631
3365,1135,36,2,97.84,0.15,166.33,2026-07-01T01:19:32.107631
3366,1136,62,2,1109.18,0.05,2107.44,2026-04-08T10:46:32.107660
3367,1137,25,2,257.25,0.0,514.5,2026-07-07T15:52:32.107676
3368,1137,42,3,430.69,0.0,1292.07,2026-07-07T15:52:32.107676
3369,1137,48,2,733.85,0.0,1467.7,2026-07-07T15:52:32.107676
3370,1137,47,1,1270.2,0.1,1143.18,2026-07-07T15:52:32.107676
3371,1137,18,3,390.89,0.0,1172.67,2026-07-07T15:52:32.107676
3372,1138,65,1,1979.06,0.0,1979.06,2026-06-06T15:47:32.107708
3373,1138,72,1,856.16,0.05,813.35,2026-06-06T15:47:32.107708
3374,1138,101,2,1089.31,0.0,2178.62,2026-06-06T15:47:32.107708
3375,1139,37,1,591.14,0.0,591.14,2026-08-24T22:45:32.107732
3376,1139,71,1,684.07,0.1,615.66,2026-08-24T22:45:32.107732
3377,1139,54,1,1652.43,0.15,1404.57,2026-08-24T22:45:32.107732
3378,1139,89,1,493.15,0.1,443.83,2026-08-24T22:45:32.107732
3379,1139,105,2,360.47,0.0,720.94,2026-08-24T22:45:32.107732
3380,1140,40,2,693.12,0.05,1316.93,2026-07-05T05:28:32.107764
3381,1140,87,2,1696.52,0.15,2884.08,2026-07-05T05:28:32.107764
3382,1140,116,1,615.12,0.05,584.36,2026-07-05T05:28:32.107764
3383,1140,46,1,25.75,0.1,23.18,2026-07-05T05:28:32.107764
3384,1140,78,2,219.47,0.0,438.94,2026-07-05T05:28:32.107764
3385,1141,12,3,1208.52,0.1,3263.0,2026-08-12T08:51:32.107796
3386,1141,86,3,517.65,0.0,1552.95,2026-08-12T08:51:32.107796
3387,1142,55,3,467.36,0.15,1191.77,2026-06-05T10:13:32.107819
3388,1142,25,3,257.25,0.15,655.99,2026-06-05T10:13:32.107819
3389,1142,92,2,551.27,0.0,1102.54,2026-06-05T10:13:32.107819
3390,1143,23,3,185.54,0.0,556.62,2026-04-21T02:15:32.107845
3391,1143,65,3,1979.06,0.15,5046.6,2026-04-21T02:15:32.107845
3392,1143,25,2,257.25,0.0,514.5,2026-04-21T02:15:32.107845
3393,1143,47,1,1270.2,0.0,1270.2,2026-04-21T02:15:32.107845
3394,1144,17,1,1226.38,0.1,1103.74,2026-07-10T20:00:32.107881
3395,1145,35,2,1414.87,0.0,2829.74,2026-04-20T14:34:32.107898
3396,1145,66,2,116.43,0.0,232.86,2026-04-20T14:34:32.107898
3397,1145,5,1,1081.58,0.1,973.42,2026-04-20T14:34:32.107898
3398,1146,53,1,1077.0,0.0,1077.0,2026-07-14T00:42:32.107921
3399,1146,93,2,81.1,0.0,162.2,2026-07-14T00:42:32.107921
3400,1146,92,2,551.27,0.0,1102.54,2026-07-14T00:42:32.107921
3401,1147,102,2,61.75,0.0,123.5,2026-08-11T22:15:32.107945
3402,1147,82,2,1537.26,0.0,3074.52,2026-08-11T22:15:32.107945
3403,1147,62,3,1109.18,0.0,3327.54,2026-08-11T22:15:32.107945
3404,1147,90,1,1214.39,0.1,1092.95,2026-08-11T22:15:32.107945
3405,1147,103,2,298.36,0.15,507.21,2026-08-11T22:15:32.107945
3406,1148,65,2,1979.06,0.1,3562.31,2026-06-13T13:21:32.107981
3407,1149,88,3,775.06,0.05,2208.92,2026-08-18T03:42:32.107996
3408,1149,79,1,219.09,0.0,219.09,2026-08-18T03:42:32.107996
3409,1149,32,2,1444.35,0.0,2888.7,2026-08-18T03:42:32.107996
3410,1149,6,2,1554.13,0.0,3108.26,2026-08-18T03:42:32.107996
3411,1150,108,1,407.19,0.1,366.47,2026-07-08T04:20:32.108024
3412,1150,6,2,1554.13,0.0,3108.26,2026-07-08T04:20:32.108024
3413,1151,69,1,1640.23,0.05,1558.22,2026-05-11T02:16:32.108046
3414,1151,80,3,596.68,0.05,1700.54,2026-05-11T02:16:32.108046
3415,1151,25,1,257.25,0.0,257.25,2026-05-11T02:16:32.108046
3416,1151,100,3,1296.05,0.0,3888.15,2026-05-11T02:16:32.108046
3417,1152,54,3,1652.43,0.15,4213.7,2026-09-18T10:01:32.108076
3418,1152,5,1,1081.58,0.0,1081.58,2026-09-18T10:01:32.108076
3419,1152,39,2,486.81,0.0,973.62,2026-09-18T10:01:32.108076
3420,1152,28,2,771.64,0.0,1543.28,2026-09-18T10:01:32.108076
3421,1153,47,3,1270.2,0.1,3429.54,2026-04-12T08:26:32.108103
3422,1153,118,2,31.27,0.05,59.41,2026-04-12T08:26:32.108103
3423,1153,22,1,46.79,0.0,46.79,2026-04-12T08:26:32.108103
3424,1154,38,3,1155.34,0.0,3466.02,2026-06-29T19:38:32.108132
3425,1154,10,1,858.14,0.15,729.42,2026-06-29T19:38:32.108132
3426,1154,36,2,97.84,0.15,166.33,2026-06-29T19:38:32.108132
3427,1154,21,1,579.0,0.0,579.0,2026-06-29T19:38:32.108132
3428,1154,51,1,1446.49,0.0,1446.49,2026-06-29T19:38:32.108132
3429,1155,118,2,31.27,0.05,59.41,2026-04-03T05:54:32.108164
3430,1155,115,1,213.29,0.15,181.3,2026-04-03T05:54:32.108164
3431,1156,50,1,935.89,0.1,842.3,2026-06-11T14:24:32.108185
3432,1156,100,2,1296.05,0.1,2332.89,2026-06-11T14:24:32.108185
3433,1156,51,1,1446.49,0.0,1446.49,2026-06-11T14:24:32.108185
3434,1157,87,3,1696.52,0.05,4835.08,2026-04-02T15:38:32.108210
3435,1157,44,3,1108.44,0.0,3325.32,2026-04-02T15:38:32.108210
3436,1157,73,3,721.9,0.15,1840.84,2026-04-02T15:38:32.108210
3437,1158,28,2,771.64,0.0,1543.28,2026-06-17T03:40:32.108235
3438,1158,44,3,1108.44,0.15,2826.52,2026-06-17T03:40:32.108235
3439,1158,25,1,257.25,0.0,257.25,2026-06-17T03:40:32.108235
3440,1158,23,2,185.54,0.0,371.08,2026-06-17T03:40:32.108235
3441,1158,14,2,287.84,0.15,489.33,2026-06-17T03:40:32.108235
3442,1159,28,3,771.64,0.1,2083.43,2026-09-09T08:19:32.108268
3443,1159,59,2,1201.61,0.0,2403.22,2026-09-09T08:19:32.108268
3444,1159,30,3,539.5,0.0,1618.5,2026-09-09T08:19:32.108268
3445,1160,111,2,340.18,0.15,578.31,2026-05-22T23:56:32.108291
3446,1160,106,2,79.66,0.0,159.32,2026-05-22T23:56:32.108291
3447,1160,99,3,575.39,0.0,1726.17,2026-05-22T23:56:32.108291
3448,1160,113,2,453.18,0.0,906.36,2026-05-22T23:56:32.108291
3449,1160,118,1,31.27,0.0,31.27,2026-05-22T23:56:32.108291
3450,1161,40,2,693.12,0.15,1178.3,2026-05-16T21:40:32.108325
3451,1161,5,3,1081.58,0.05,3082.5,2026-05-16T21:40:32.108325
3452,1161,58,3,936.72,0.0,2810.16,2026-05-16T21:40:32.108325
3453,1161,66,3,116.43,0.0,349.29,2026-05-16T21:40:32.108325
3454,1161,117,1,1381.28,0.0,1381.28,2026-05-16T21:40:32.108325
3455,1162,117,2,1381.28,0.15,2348.18,2026-09-09T11:13:32.108362
3456,1162,31,1,967.29,0.05,918.93,2026-09-09T11:13:32.108362
3457,1162,12,3,1208.52,0.1,3263.0,2026-09-09T11:13:32.108362
3458,1163,82,1,1537.26,0.0,1537.26,2026-04-04T11:45:32.108389
3459,1163,98,1,643.73,0.1,579.36,2026-04-04T11:45:32.108389
3460,1163,36,2,97.84,0.0,195.68,2026-04-04T11:45:32.108389
3461,1163,56,3,780.61,0.05,2224.74,2026-04-04T11:45:32.108389
3462,1163,39,3,486.81,0.05,1387.41,2026-04-04T11:45:32.108389
3463,1164,83,2,1243.0,0.0,2486.0,2026-06-27T23:50:32.108426
3464,1164,80,1,596.68,0.15,507.18,2026-06-27T23:50:32.108426
3465,1164,98,3,643.73,0.0,1931.19,2026-06-27T23:50:32.108426
3466,1165,54,2,1652.43,0.0,3304.86,2026-06-05T11:40:32.108451
3467,1165,81,2,207.83,0.0,415.66,2026-06-05T11:40:32.108451
3468,1165,106,1,79.66,0.1,71.69,2026-06-05T11:40:32.108451
3469,1165,62,1,1109.18,0.15,942.8,2026-06-05T11:40:32.108451
3470,1166,60,2,824.84,0.0,1649.68,2026-09-05T17:50:32.108480
3471,1167,88,3,775.06,0.0,2325.18,2026-03-25T19:24:32.108496
3472,1167,40,2,693.12,0.05,1316.93,2026-03-25T19:24:32.108496
3473,1167,70,3,518.03,0.1,1398.68,2026-03-25T19:24:32.108496
3474,1167,34,2,1474.08,0.0,2948.16,2026-03-25T19:24:32.108496
3475,1167,59,3,1201.61,0.0,3604.83,2026-03-25T19:24:32.108496
3476,1168,44,2,1108.44,0.05,2106.04,2026-07-31T03:38:32.108528
3477,1169,15,2,478.17,0.05,908.52,2026-08-22T01:29:32.108545
3478,1169,6,2,1554.13,0.15,2642.02,2026-08-22T01:29:32.108545
3479,1170,109,3,1094.28,0.0,3282.84,2026-07-05T08:36:32.108565
3480,1171,4,1,1063.54,0.0,1063.54,2026-05-08T21:44:32.108582
3481,1171,3,2,540.29,0.1,972.52,2026-05-08T21:44:32.108582
3482,1171,69,3,1640.23,0.05,4674.66,2026-05-08T21:44:32.108582
3483,1172,104,2,1646.45,0.0,3292.9,2026-06-13T18:05:32.108606
3484,1173,22,3,46.79,0.0,140.37,2026-07-26T00:38:32.108621
3485,1174,51,3,1446.49,0.1,3905.52,2026-08-24T08:47:32.108637
3486,1175,118,3,31.27,0.0,93.81,2026-06-26T13:45:32.108655
3487,1175,76,1,747.78,0.0,747.78,2026-06-26T13:45:32.108655
3488,1175,111,3,340.18,0.0,1020.54,2026-06-26T13:45:32.108655
3489,1175,31,1,967.29,0.0,967.29,2026-06-26T13:45:32.108655
3490,1175,3,1,540.29,0.0,540.29,2026-06-26T13:45:32.108655
3491,1176,35,2,1414.87,0.15,2405.28,2026-05-08T21:49:32.108687
3492,1176,108,1,407.19,0.0,407.19,2026-05-08T21:49:32.108687
3493,1176,39,2,486.81,0.0,973.62,2026-05-08T21:49:32.108687
3494,1176,54,1,1652.43,0.0,1652.43,2026-05-08T21:49:32.108687
3495,1176,8,3,104.24,0.1,281.45,2026-05-08T21:49:32.108687
3496,1177,60,2,824.84,0.0,1649.68,2026-07-28T09:54:32.108719
3497,1177,98,3,643.73,0.0,1931.19,2026-07-28T09:54:32.108719
3498,1177,103,3,298.36,0.0,895.08,2026-07-28T09:54:32.108719
3499,1177,23,1,185.54,0.15,157.71,2026-07-28T09:54:32.108719
3500,1178,104,1,1646.45,0.1,1481.81,2026-06-15T03:15:32.108748
3501,1178,105,3,360.47,0.15,919.2,2026-06-15T03:15:32.108748
3502,1178,14,2,287.84,0.15,489.33,2026-06-15T03:15:32.108748
3503,1178,7,3,341.85,0.0,1025.55,2026-06-15T03:15:32.108748
3504,1179,59,2,1201.61,0.0,2403.22,2026-08-11T15:09:32.108777
3505,1180,22,2,46.79,0.1,84.22,2026-04-16T20:47:32.108889
3506,1181,102,3,61.75,0.0,185.25,2026-06-18T00:16:32.108924
3507,1181,113,2,453.18,0.0,906.36,2026-06-18T00:16:32.108924
3508,1181,103,2,298.36,0.0,596.72,2026-06-18T00:16:32.108924
3509,1181,32,2,1444.35,0.0,2888.7,2026-06-18T00:16:32.108924
3510,1181,61,1,1557.98,0.1,1402.18,2026-06-18T00:16:32.108924
3511,1182,13,2,2066.14,0.0,4132.28,2026-04-13T21:59:32.108957
3512,1182,23,2,185.54,0.1,333.97,2026-04-13T21:59:32.108957
3513,1182,106,1,79.66,0.0,79.66,2026-04-13T21:59:32.108957
3514,1183,59,1,1201.61,0.1,1081.45,2026-09-10T17:11:32.108981
3515,1183,14,1,287.84,0.0,287.84,2026-09-10T17:11:32.108981
3516,1184,53,2,1077.0,0.15,1830.9,2026-06-08T11:06:32.109001
3517,1184,66,2,116.43,0.15,197.93,2026-06-08T11:06:32.109001
3518,1184,55,1,467.36,0.05,443.99,2026-06-08T11:06:32.109001
3519,1185,54,2,1652.43,0.15,2809.13,2026-04-01T19:15:32.109027
3520,1186,89,1,493.15,0.0,493.15,2026-05-08T22:09:32.109044
3521,1187,23,1,185.54,0.1,166.99,2026-03-25T06:04:32.109060
3522,1187,13,3,2066.14,0.05,5888.5,2026-03-25T06:04:32.109060
3523,1187,113,1,453.18,0.0,453.18,2026-03-25T06:04:32.109060
3524,1188,109,2,1094.28,0.0,2188.56,2026-06-13T21:37:32.109084
3525,1189,95,1,237.31,0.0,237.31,2026-07-25T01:47:32.109100
3526,1190,56,2,780.61,0.1,1405.1,2026-08-31T01:53:32.109115
3527,1190,105,2,360.47,0.0,720.94,2026-08-31T01:53:32.109115
3528,1190,102,2,61.75,0.15,104.97,2026-08-31T01:53:32.109115
3529,1190,43,3,187.62,0.0,562.86,2026-08-31T01:53:32.109115
3530,1191,14,2,287.84,0.05,546.9,2026-08-18T21:23:32.109143
3531,1191,42,1,430.69,0.0,430.69,2026-08-18T21:23:32.109143
3532,1192,95,2,237.31,0.15,403.43,2026-05-29T10:12:32.109165
3533,1192,104,1,1646.45,0.05,1564.13,2026-05-29T10:12:32.109165
3534,1192,97,3,1192.46,0.15,3040.77,2026-05-29T10:12:32.109165
3535,1192,77,2,360.14,0.0,720.28,2026-05-29T10:12:32.109165
3536,1193,43,3,187.62,0.15,478.43,2026-07-05T07:34:32.109192
3537,1193,118,1,31.27,0.0,31.27,2026-07-05T07:34:32.109192
3538,1193,116,2,615.12,0.1,1107.22,2026-07-05T07:34:32.109192
3539,1194,48,1,733.85,0.15,623.77,2026-07-25T08:55:32.109216
3540,1194,52,3,92.69,0.15,236.36,2026-07-25T08:55:32.109216
3541,1194,38,3,1155.34,0.1,3119.42,2026-07-25T08:55:32.109216
3542,1195,51,3,1446.49,0.0,4339.47,2026-08-11T18:50:32.109240
3543,1195,90,2,1214.39,0.0,2428.78,2026-08-11T18:50:32.109240
3544,1196,3,1,540.29,0.0,540.29,2026-08-02T09:55:32.109262
3545,1196,36,2,97.84,0.15,166.33,2026-08-02T09:55:32.109262
3546,1196,108,1,407.19,0.0,407.19,2026-08-02T09:55:32.109262
3547,1196,107,1,1503.69,0.0,1503.69,2026-08-02T09:55:32.109262
3548,1197,27,1,271.84,0.0,271.84,2026-08-20T14:31:32.109293
3549,1197,119,3,45.9,0.05,130.81,2026-08-20T14:31:32.109293
3550,1197,101,3,1089.31,0.15,2777.74,2026-08-20T14:31:32.109293
3551,1198,88,2,775.06,0.0,1550.12,2026-06-10T19:45:32.109317
3552,1198,104,3,1646.45,0.0,4939.35,2026-06-10T19:45:32.109317
3553,1198,103,1,298.36,0.0,298.36,2026-06-10T19:45:32.109317
3554,1199,69,3,1640.23,0.0,4920.69,2026-06-05T07:00:32.109341
3555,1199,48,2,733.85,0.0,1467.7,2026-06-05T07:00:32.109341
3556,1199,114,2,48.79,0.15,82.94,2026-06-05T07:00:32.109341
3557,1200,27,3,271.84,0.0,815.52,2026-05-28T10:38:32.109366
3558,1201,54,2,1652.43,0.1,2974.37,2026-06-10T06:16:32.109382
3559,1201,14,3,287.84,0.15,733.99,2026-06-10T06:16:32.109382
3560,1201,26,1,1615.36,0.0,1615.36,2026-06-10T06:16:32.109382
3561,1201,34,1,1474.08,0.0,1474.08,2026-06-10T06:16:32.109382
3562,1202,2,1,439.91,0.1,395.92,2026-09-04T13:53:32.109410
3563,1202,7,2,341.85,0.05,649.51,2026-09-04T13:53:32.109410
3564,1202,19,2,1096.11,0.05,2082.61,2026-09-04T13:53:32.109410
3565,1203,51,2,1446.49,0.0,2892.98,2026-08-29T03:56:32.109435
3566,1203,114,2,48.79,0.05,92.7,2026-08-29T03:56:32.109435
3567,1203,63,1,1474.96,0.0,1474.96,2026-08-29T03:56:32.109435
3568,1203,104,2,1646.45,0.15,2798.97,2026-08-29T03:56:32.109435
3569,1204,19,1,1096.11,0.1,986.5,2026-04-11T07:41:32.109463
3570,1204,78,1,219.47,0.0,219.47,2026-04-11T07:41:32.109463
3571,1204,2,3,439.91,0.05,1253.74,2026-04-11T07:41:32.109463
3572,1204,17,3,1226.38,0.0,3679.14,2026-04-11T07:41:32.109463
3573,1204,49,1,342.66,0.05,325.53,2026-04-11T07:41:32.109463
3574,1205,114,3,48.79,0.15,124.41,2026-05-06T22:25:32.109494
3575,1205,105,2,360.47,0.1,648.85,2026-05-06T22:25:32.109494
3576,1206,60,1,824.84,0.1,742.36,2026-04-05T06:48:32.109516
3577,1206,55,1,467.36,0.1,420.62,2026-04-05T06:48:32.109516
3578,1206,91,3,1357.23,0.0,4071.69,2026-04-05T06:48:32.109516
3579,1206,88,3,775.06,0.0,2325.18,2026-04-05T06:48:32.109516
3580,1207,32,2,1444.35,0.0,2888.7,2026-06-10T06:09:32.109545
3581,1207,72,3,856.16,0.0,2568.48,2026-06-10T06:09:32.109545
3582,1207,4,1,1063.54,0.05,1010.36,2026-06-10T06:09:32.109545
3583,1208,66,1,116.43,0.0,116.43,2026-07-08T05:00:32.109568
3584,1208,89,2,493.15,0.0,986.3,2026-07-08T05:00:32.109568
3585,1208,46,1,25.75,0.05,24.46,2026-07-08T05:00:32.109568
3586,1208,18,3,390.89,0.0,1172.67,2026-07-08T05:00:32.109568
3587,1209,79,2,219.09,0.05,416.27,2026-07-18T07:50:32.109596
3588,1209,31,1,967.29,0.0,967.29,2026-07-18T07:50:32.109596
3589,1209,100,3,1296.05,0.0,3888.15,2026-07-18T07:50:32.109596
3590,1209,114,1,48.79,0.0,48.79,2026-07-18T07:50:32.109596
3591,1209,111,2,340.18,0.05,646.34,2026-07-18T07:50:32.109596
3592,1210,21,1,579.0,0.05,550.05,2026-05-07T08:49:32.109629
3593,1210,10,1,858.14,0.0,858.14,2026-05-07T08:49:32.109629
3594,1210,106,2,79.66,0.0,159.32,2026-05-07T08:49:32.109629
3595,1211,47,3,1270.2,0.1,3429.54,2026-09-12T22:34:32.109655
3596,1211,41,2,1658.14,0.1,2984.65,2026-09-12T22:34:32.109655
3597,1211,103,1,298.36,0.0,298.36,2026-09-12T22:34:32.109655
3598,1212,120,1,1388.53,0.1,1249.68,2026-03-31T17:32:32.109679
3599,1212,102,3,61.75,0.05,175.99,2026-03-31T17:32:32.109679
3600,1212,15,2,478.17,0.0,956.34,2026-03-31T17:32:32.109679
3601,1212,31,2,967.29,0.0,1934.58,2026-03-31T17:32:32.109679
3602,1213,80,2,596.68,0.0,1193.36,2026-04-09T05:58:32.109706
3603,1213,54,1,1652.43,0.0,1652.43,2026-04-09T05:58:32.109706
3604,1213,17,3,1226.38,0.0,3679.14,2026-04-09T05:58:32.109706
3605,1214,71,1,684.07,0.1,615.66,2026-06-19T08:44:32.109731
3606,1214,7,3,341.85,0.0,1025.55,2026-06-19T08:44:32.109731
3607,1214,41,2,1658.14,0.0,3316.28,2026-06-19T08:44:32.109731
3608,1215,66,1,116.43,0.1,104.79,2026-07-22T06:03:32.109757
3609,1215,80,1,596.68,0.15,507.18,2026-07-22T06:03:32.109757
3610,1215,88,1,775.06,0.1,697.55,2026-07-22T06:03:32.109757
3611,1216,55,2,467.36,0.05,887.98,2026-05-23T04:56:32.109780
3612,1217,114,2,48.79,0.0,97.58,2026-07-06T01:30:32.109796
3613,1217,61,2,1557.98,0.1,2804.36,2026-07-06T01:30:32.109796
3614,1217,119,1,45.9,0.0,45.9,2026-07-06T01:30:32.109796
3615,1218,106,3,79.66,0.15,203.13,2026-06-06T21:39:32.109820
3616,1218,15,1,478.17,0.15,406.44,2026-06-06T21:39:32.109820
3617,1218,118,1,31.27,0.15,26.58,2026-06-06T21:39:32.109820
3618,1219,39,2,486.81,0.05,924.94,2026-08-16T15:45:32.109844
3619,1219,41,1,1658.14,0.0,1658.14,2026-08-16T15:45:32.109844
3620,1219,18,2,390.89,0.05,742.69,2026-08-16T15:45:32.109844
3621,1219,60,2,824.84,0.0,1649.68,2026-08-16T15:45:32.109844
3622,1219,25,2,257.25,0.0,514.5,2026-08-16T15:45:32.109844
3623,1220,104,3,1646.45,0.05,4692.38,2026-07-01T17:58:32.109876
3624,1220,58,3,936.72,0.05,2669.65,2026-07-01T17:58:32.109876
3625,1221,2,1,439.91,0.0,439.91,2026-06-09T12:40:32.109897
3626,1221,26,3,1615.36,0.0,4846.08,2026-06-09T12:40:32.109897
3627,1221,90,2,1214.39,0.0,2428.78,2026-06-09T12:40:32.109897
3628,1221,83,2,1243.0,0.15,2113.1,2026-06-09T12:40:32.109897
3629,1221,50,3,935.89,0.1,2526.9,2026-06-09T12:40:32.109897
3630,1222,73,3,721.9,0.0,2165.7,2026-04-04T11:26:32.109930
3631,1223,115,2,213.29,0.0,426.58,2026-09-11T20:04:32.109946
3632,1223,102,3,61.75,0.0,185.25,2026-09-11T20:04:32.109946
3633,1223,62,1,1109.18,0.0,1109.18,2026-09-11T20:04:32.109946
3634,1223,70,3,518.03,0.15,1320.98,2026-09-11T20:04:32.109946
3635,1224,39,1,486.81,0.15,413.79,2026-05-07T04:38:32.109974
3636,1224,116,3,615.12,0.1,1660.82,2026-05-07T04:38:32.109974
3637,1224,27,1,271.84,0.0,271.84,2026-05-07T04:38:32.109974
3638,1224,105,3,360.47,0.15,919.2,2026-05-07T04:38:32.109974
3639,1224,78,3,219.47,0.0,658.41,2026-05-07T04:38:32.109974
3640,1225,62,3,1109.18,0.15,2828.41,2026-08-06T21:22:32.110010
3641,1225,109,3,1094.28,0.15,2790.41,2026-08-06T21:22:32.110010
3642,1225,26,1,1615.36,0.0,1615.36,2026-08-06T21:22:32.110010
3643,1226,73,1,721.9,0.1,649.71,2026-03-25T11:24:32.110035
3644,1226,18,2,390.89,0.1,703.6,2026-03-25T11:24:32.110035
3645,1227,31,3,967.29,0.05,2756.78,2026-06-27T01:08:32.110054
3646,1228,59,2,1201.61,0.1,2162.9,2026-07-10T02:46:32.110070
3647,1228,81,1,207.83,0.0,207.83,2026-07-10T02:46:32.110070
3648,1228,52,3,92.69,0.0,278.07,2026-07-10T02:46:32.110070
3649,1228,84,1,358.51,0.0,358.51,2026-07-10T02:46:32.110070
3650,1228,117,3,1381.28,0.15,3522.26,2026-07-10T02:46:32.110070
3651,1229,26,1,1615.36,0.0,1615.36,2026-06-09T20:14:32.110104
3652,1229,55,2,467.36,0.05,887.98,2026-06-09T20:14:32.110104
3653,1229,70,2,518.03,0.15,880.65,2026-06-09T20:14:32.110104
3654,1229,92,3,551.27,0.0,1653.81,2026-06-09T20:14:32.110104
3655,1229,31,3,967.29,0.0,2901.87,2026-06-09T20:14:32.110104
3656,1230,37,3,591.14,0.0,1773.42,2026-09-06T08:24:32.110138
3657,1230,114,1,48.79,0.0,48.79,2026-09-06T08:24:32.110138
3658,1230,113,3,453.18,0.0,1359.54,2026-09-06T08:24:32.110138
3659,1230,40,2,693.12,0.0,1386.24,2026-09-06T08:24:32.110138
3660,1231,32,2,1444.35,0.0,2888.7,2026-06-01T02:01:32.110165
3661,1231,100,2,1296.05,0.0,2592.1,2026-06-01T02:01:32.110165
3662,1231,84,3,358.51,0.0,1075.53,2026-06-01T02:01:32.110165
3663,1231,118,3,31.27,0.0,93.81,2026-06-01T02:01:32.110165
3664,1232,58,3,936.72,0.1,2529.14,2026-07-27T14:36:32.110194
3665,1232,52,2,92.69,0.0,185.38,2026-07-27T14:36:32.110194
3666,1233,3,1,540.29,0.0,540.29,2026-05-16T16:58:32.110214
3667,1233,21,1,579.0,0.05,550.05,2026-05-16T16:58:32.110214
3668,1233,44,1,1108.44,0.0,1108.44,2026-05-16T16:58:32.110214
3669,1233,68,2,270.06,0.0,540.12,2026-05-16T16:58:32.110214
3670,1234,95,3,237.31,0.05,676.33,2026-04-10T23:01:32.110243
3671,1234,54,3,1652.43,0.1,4461.56,2026-04-10T23:01:32.110243
3672,1234,37,1,591.14,0.0,591.14,2026-04-10T23:01:32.110243
3673,1234,14,3,287.84,0.15,733.99,2026-04-10T23:01:32.110243
3674,1235,79,3,219.09,0.05,624.41,2026-07-03T00:13:32.110273
3675,1235,56,1,780.61,0.0,780.61,2026-07-03T00:13:32.110273
3676,1235,29,1,205.02,0.0,205.02,2026-07-03T00:13:32.110273
3677,1235,17,2,1226.38,0.0,2452.76,2026-07-03T00:13:32.110273
3678,1236,78,1,219.47,0.0,219.47,2026-06-14T11:12:32.110302
3679,1236,116,1,615.12,0.0,615.12,2026-06-14T11:12:32.110302
3680,1236,29,1,205.02,0.15,174.27,2026-06-14T11:12:32.110302
3681,1236,101,2,1089.31,0.0,2178.62,2026-06-14T11:12:32.110302
3682,1237,35,2,1414.87,0.15,2405.28,2026-07-05T23:45:32.110331
3683,1237,118,3,31.27,0.1,84.43,2026-07-05T23:45:32.110331
3684,1238,50,2,935.89,0.0,1871.78,2026-09-18T01:29:32.110352
3685,1238,52,3,92.69,0.15,236.36,2026-09-18T01:29:32.110352
3686,1238,19,3,1096.11,0.0,3288.33,2026-09-18T01:29:32.110352
3687,1239,89,2,493.15,0.1,887.67,2026-08-12T07:50:32.110375
3688,1239,111,2,340.18,0.0,680.36,2026-08-12T07:50:32.110375
3689,1239,23,1,185.54,0.0,185.54,2026-08-12T07:50:32.110375
3690,1239,90,3,1214.39,0.05,3461.01,2026-08-12T07:50:32.110375
3691,1239,34,1,1474.08,0.1,1326.67,2026-08-12T07:50:32.110375
3692,1240,53,3,1077.0,0.1,2907.9,2026-07-28T10:55:32.110408
3693,1240,107,1,1503.69,0.1,1353.32,2026-07-28T10:55:32.110408
3694,1241,46,2,25.75,0.05,48.92,2026-08-05T05:55:32.110429
3695,1241,35,3,1414.87,0.1,3820.15,2026-08-05T05:55:32.110429
3696,1241,113,3,453.18,0.15,1155.61,2026-08-05T05:55:32.110429
3697,1242,32,3,1444.35,0.15,3683.09,2026-07-11T02:04:32.110455
3698,1242,50,3,935.89,0.0,2807.67,2026-07-11T02:04:32.110455
3699,1242,60,3,824.84,0.1,2227.07,2026-07-11T02:04:32.110455
3700,1242,105,2,360.47,0.15,612.8,2026-07-11T02:04:32.110455
3701,1242,88,2,775.06,0.05,1472.61,2026-07-11T02:04:32.110455
3702,1243,70,2,518.03,0.1,932.45,2026-09-07T13:13:32.110488
3703,1244,2,2,439.91,0.0,879.82,2026-06-14T13:12:32.110507
3704,1245,48,1,733.85,0.1,660.47,2026-05-17T03:23:32.110523
3705,1246,108,1,407.19,0.05,386.83,2026-09-05T04:00:32.110541
3706,1246,38,2,1155.34,0.0,2310.68,2026-09-05T04:00:32.110541
3707,1246,111,1,340.18,0.0,340.18,2026-09-05T04:00:32.110541
3708,1247,35,2,1414.87,0.0,2829.74,2026-07-23T16:10:32.110567
3709,1248,103,3,298.36,0.1,805.57,2026-05-15T02:29:32.110583
3710,1248,80,3,596.68,0.0,1790.04,2026-05-15T02:29:32.110583
3711,1249,120,2,1388.53,0.15,2360.5,2026-05-02T23:46:32.110604
3712,1249,30,1,539.5,0.0,539.5,2026-05-02T23:46:32.110604
3713,1250,4,1,1063.54,0.0,1063.54,2026-05-01T22:03:32.110624
3714,1250,35,1,1414.87,0.05,1344.13,2026-05-01T22:03:32.110624
3715,1250,101,3,1089.31,0.1,2941.14,2026-05-01T22:03:32.110624
3716,1250,68,2,270.06,0.0,540.12,2026-05-01T22:03:32.110624
3717,1251,54,1,1652.43,0.0,1652.43,2026-06-19T03:26:32.110653
3718,1251,106,3,79.66,0.0,238.98,2026-06-19T03:26:32.110653
3719,1251,88,1,775.06,0.0,775.06,2026-06-19T03:26:32.110653
3720,1251,32,2,1444.35,0.15,2455.39,2026-06-19T03:26:32.110653
3721,1252,55,3,467.36,0.0,1402.08,2026-07-12T07:45:32.110681
3722,1252,70,1,518.03,0.1,466.23,2026-07-12T07:45:32.110681
3723,1253,92,2,551.27,0.1,992.29,2026-07-24T02:48:32.110701
3724,1253,91,2,1357.23,0.15,2307.29,2026-07-24T02:48:32.110701
3725,1253,60,1,824.84,0.0,824.84,2026-07-24T02:48:32.110701
3726,1253,48,3,733.85,0.0,2201.55,2026-07-24T02:48:32.110701
3727,1253,31,2,967.29,0.0,1934.58,2026-07-24T02:48:32.110701
3728,1254,49,3,342.66,0.1,925.18,2026-06-20T05:13:32.110734
3729,1254,117,3,1381.28,0.0,4143.84,2026-06-20T05:13:32.110734
3730,1254,31,3,967.29,0.15,2466.59,2026-06-20T05:13:32.110734
3731,1255,18,2,390.89,0.15,664.51,2026-04-08T10:06:32.110758
3732,1255,19,1,1096.11,0.0,1096.11,2026-04-08T10:06:32.110758
3733,1255,2,3,439.91,0.0,1319.73,2026-04-08T10:06:32.110758
3734,1255,105,1,360.47,0.1,324.42,2026-04-08T10:06:32.110758
3735,1256,31,2,967.29,0.1,1741.12,2026-09-15T09:54:32.110788
3736,1256,47,3,1270.2,0.05,3620.07,2026-09-15T09:54:32.110788
3737,1256,101,3,1089.31,0.15,2777.74,2026-09-15T09:54:32.110788
3738,1256,74,3,377.0,0.0,1131.0,2026-09-15T09:54:32.110788
3739,1257,3,1,540.29,0.0,540.29,2026-04-26T08:50:32.110817
3740,1257,35,1,1414.87,0.0,1414.87,2026-04-26T08:50:32.110817
3741,1257,88,2,775.06,0.0,1550.12,2026-04-26T08:50:32.110817
3742,1257,19,3,1096.11,0.15,2795.08,2026-04-26T08:50:32.110817
3743,1257,65,2,1979.06,0.1,3562.31,2026-04-26T08:50:32.110817
3744,1258,61,2,1557.98,0.0,3115.96,2026-05-19T22:24:32.110853
3745,1258,80,2,596.68,0.0,1193.36,2026-05-19T22:24:32.110853
3746,1259,28,3,771.64,0.0,2314.92,2026-07-27T12:15:32.110872
3747,1259,40,3,693.12,0.15,1767.46,2026-07-27T12:15:32.110872
3748,1259,60,3,824.84,0.0,2474.52,2026-07-27T12:15:32.110872
3749,1259,46,2,25.75,0.05,48.92,2026-07-27T12:15:32.110872
3750,1260,93,3,81.1,0.1,218.97,2026-03-26T07:22:32.110902
3751,1260,12,3,1208.52,0.05,3444.28,2026-03-26T07:22:32.110902
3752,1260,8,2,104.24,0.15,177.21,2026-03-26T07:22:32.110902
3753,1260,46,1,25.75,0.0,25.75,2026-03-26T07:22:32.110902
3754,1261,106,1,79.66,0.0,79.66,2026-08-17T08:38:32.110931
3755,1261,13,3,2066.14,0.0,6198.42,2026-08-17T08:38:32.110931
3756,1261,47,1,1270.2,0.15,1079.67,2026-08-17T08:38:32.110931
3757,1262,80,3,596.68,0.05,1700.54,2026-03-31T02:01:32.110957
3758,1262,29,1,205.02,0.05,194.77,2026-03-31T02:01:32.110957
3759,1262,35,1,1414.87,0.0,1414.87,2026-03-31T02:01:32.110957
3760,1262,74,1,377.0,0.15,320.45,2026-03-31T02:01:32.110957
3761,1262,4,1,1063.54,0.05,1010.36,2026-03-31T02:01:32.110957
3762,1263,95,3,237.31,0.0,711.93,2026-07-24T19:02:32.110988
3763,1263,117,3,1381.28,0.1,3729.46,2026-07-24T19:02:32.110988
3764,1263,106,3,79.66,0.0,238.98,2026-07-24T19:02:32.110988
3765,1263,37,2,591.14,0.05,1123.17,2026-07-24T19:02:32.110988
3766,1263,30,3,539.5,0.0,1618.5,2026-07-24T19:02:32.110988
3767,1264,36,2,97.84,0.05,185.9,2026-04-05T23:44:32.111021
3768,1264,23,3,185.54,0.0,556.62,2026-04-05T23:44:32.111021
3769,1264,72,2,856.16,0.0,1712.32,2026-04-05T23:44:32.111021
3770,1264,28,1,771.64,0.1,694.48,2026-04-05T23:44:32.111021
3771,1265,108,3,407.19,0.1,1099.41,2026-07-31T00:01:32.111051
3772,1265,32,3,1444.35,0.1,3899.74,2026-07-31T00:01:32.111051
3773,1265,13,2,2066.14,0.0,4132.28,2026-07-31T00:01:32.111051
3774,1265,58,1,936.72,0.0,936.72,2026-07-31T00:01:32.111051
3775,1265,63,3,1474.96,0.0,4424.88,2026-07-31T00:01:32.111051
3776,1266,90,1,1214.39,0.05,1153.67,2026-04-07T12:51:32.111083
3777,1267,93,3,81.1,0.15,206.8,2026-09-06T01:56:32.111098
3778,1267,2,1,439.91,0.15,373.92,2026-09-06T01:56:32.111098
3779,1267,40,1,693.12,0.15,589.15,2026-09-06T01:56:32.111098
3780,1267,50,3,935.89,0.0,2807.67,2026-09-06T01:56:32.111098
3781,1267,81,1,207.83,0.15,176.66,2026-09-06T01:56:32.111098
3782,1268,95,3,237.31,0.1,640.74,2026-05-31T05:41:32.111130
3783,1269,73,3,721.9,0.0,2165.7,2026-08-06T09:31:32.111146
3784,1269,42,1,430.69,0.0,430.69,2026-08-06T09:31:32.111146
3785,1269,34,2,1474.08,0.0,2948.16,2026-08-06T09:31:32.111146
3786,1269,21,1,579.0,0.0,579.0,2026-08-06T09:31:32.111146
3787,1270,61,3,1557.98,0.0,4673.94,2026-03-24T16:56:32.111176
3788,1270,10,3,858.14,0.05,2445.7,2026-03-24T16:56:32.111176
3789,1270,8,2,104.24,0.0,208.48,2026-03-24T16:56:32.111176
3790,1271,13,2,2066.14,0.0,4132.28,2026-09-03T01:12:32.111201
3791,1271,74,3,377.0,0.0,1131.0,2026-09-03T01:12:32.111201
3792,1271,41,1,1658.14,0.0,1658.14,2026-09-03T01:12:32.111201
3793,1271,83,3,1243.0,0.05,3542.55,2026-09-03T01:12:32.111201
3794,1271,39,2,486.81,0.0,973.62,2026-09-03T01:12:32.111201
3795,1272,61,1,1557.98,0.0,1557.98,2026-05-04T07:21:32.111233
3796,1272,50,1,935.89,0.0,935.89,2026-05-04T07:21:32.111233
3797,1272,77,2,360.14,0.0,720.28,2026-05-04T07:21:32.111233
3798,1272,70,1,518.03,0.0,518.03,2026-05-04T07:21:32.111233
3799,1273,40,2,693.12,0.15,1178.3,2026-08-18T20:53:32.111262
3800,1273,90,3,1214.39,0.0,3643.17,2026-08-18T20:53:32.111262
3801,1273,93,1,81.1,0.0,81.1,2026-08-18T20:53:32.111262
3802,1274,88,3,775.06,0.15,1976.4,2026-07-02T14:47:32.111289
3803,1275,80,2,596.68,0.05,1133.69,2026-09-09T23:00:32.111304
3804,1275,78,1,219.47,0.0,219.47,2026-09-09T23:00:32.111304
3805,1275,22,1,46.79,0.15,39.77,2026-09-09T23:00:32.111304
3806,1275,17,3,1226.38,0.0,3679.14,2026-09-09T23:00:32.111304
3807,1275,68,3,270.06,0.1,729.16,2026-09-09T23:00:32.111304
3808,1276,105,1,360.47,0.05,342.45,2026-05-08T00:41:32.111336
3809,1276,2,2,439.91,0.1,791.84,2026-05-08T00:41:32.111336
3810,1276,32,2,1444.35,0.1,2599.83,2026-05-08T00:41:32.111336
3811,1276,5,2,1081.58,0.05,2055.0,2026-05-08T00:41:32.111336
3812,1277,58,1,936.72,0.05,889.88,2026-07-29T04:07:32.111364
3813,1278,40,2,693.12,0.0,1386.24,2026-06-09T08:47:32.111380
3814,1279,105,1,360.47,0.05,342.45,2026-04-14T00:40:32.111396
3815,1279,103,3,298.36,0.0,895.08,2026-04-14T00:40:32.111396
3816,1279,29,2,205.02,0.0,410.04,2026-04-14T00:40:32.111396
3817,1280,25,1,257.25,0.0,257.25,2026-03-30T15:16:32.111421
3818,1280,76,1,747.78,0.1,673.0,2026-03-30T15:16:32.111421
3819,1280,66,2,116.43,0.15,197.93,2026-03-30T15:16:32.111421
3820,1281,53,3,1077.0,0.0,3231.0,2026-08-03T23:13:32.111446
3821,1281,116,3,615.12,0.0,1845.36,2026-08-03T23:13:32.111446
3822,1281,49,3,342.66,0.0,1027.98,2026-08-03T23:13:32.111446
3823,1282,108,1,407.19,0.0,407.19,2026-06-27T18:13:32.111469
3824,1282,15,3,478.17,0.1,1291.06,2026-06-27T18:13:32.111469
3825,1282,100,3,1296.05,0.05,3693.74,2026-06-27T18:13:32.111469
3826,1283,45,2,610.17,0.0,1220.34,2026-04-23T10:09:32.111494
3827,1283,95,2,237.31,0.0,474.62,2026-04-23T10:09:32.111494
3828,1283,6,2,1554.13,0.05,2952.85,2026-04-23T10:09:32.111494
3829,1283,35,3,1414.87,0.05,4032.38,2026-04-23T10:09:32.111494
3830,1284,48,2,733.85,0.05,1394.32,2026-05-18T14:44:32.111524
3831,1284,8,3,104.24,0.0,312.72,2026-05-18T14:44:32.111524
3832,1285,77,1,360.14,0.15,306.12,2026-07-13T12:38:32.111544
3833,1285,93,3,81.1,0.0,243.3,2026-07-13T12:38:32.111544
3834,1285,107,2,1503.69,0.1,2706.64,2026-07-13T12:38:32.111544
3835,1286,32,1,1444.35,0.15,1227.7,2026-04-29T23:31:32.111568
3836,1286,47,3,1270.2,0.0,3810.6,2026-04-29T23:31:32.111568
3837,1286,76,3,747.78,0.15,1906.84,2026-04-29T23:31:32.111568
3838,1287,50,3,935.89,0.05,2667.29,2026-05-15T20:26:32.111593
3839,1287,118,3,31.27,0.1,84.43,2026-05-15T20:26:32.111593
3840,1287,46,3,25.75,0.15,65.66,2026-05-15T20:26:32.111593
3841,1287,97,3,1192.46,0.1,3219.64,2026-05-15T20:26:32.111593
3842,1287,49,3,342.66,0.0,1027.98,2026-05-15T20:26:32.111593
3843,1288,84,1,358.51,0.05,340.58,2026-04-17T19:01:32.111625
3844,1288,74,2,377.0,0.0,754.0,2026-04-17T19:01:32.111625
3845,1289,77,3,360.14,0.1,972.38,2026-07-04T11:31:32.111649
3846,1289,61,3,1557.98,0.0,4673.94,2026-07-04T11:31:32.111649
3847,1289,48,1,733.85,0.0,733.85,2026-07-04T11:31:32.111649
3848,1289,97,3,1192.46,0.0,3577.38,2026-07-04T11:31:32.111649
3849,1289,94,1,115.87,0.1,104.28,2026-07-04T11:31:32.111649
3850,1290,8,2,104.24,0.15,177.21,2026-07-11T06:18:32.111683
3851,1290,99,2,575.39,0.15,978.16,2026-07-11T06:18:32.111683
3852,1290,26,2,1615.36,0.0,3230.72,2026-07-11T06:18:32.111683
3853,1290,40,3,693.12,0.0,2079.36,2026-07-11T06:18:32.111683
3854,1290,49,1,342.66,0.15,291.26,2026-07-11T06:18:32.111683
3855,1291,58,1,936.72,0.0,936.72,2026-04-17T01:56:32.111715
3856,1291,41,1,1658.14,0.1,1492.33,2026-04-17T01:56:32.111715
3857,1291,38,2,1155.34,0.15,1964.08,2026-04-17T01:56:32.111715
3858,1291,62,3,1109.18,0.0,3327.54,2026-04-17T01:56:32.111715
3859,1291,99,2,575.39,0.0,1150.78,2026-04-17T01:56:32.111715
3860,1292,79,3,219.09,0.05,624.41,2026-04-05T16:46:32.111747
3861,1292,48,2,733.85,0.15,1247.55,2026-04-05T16:46:32.111747
3862,1292,51,1,1446.49,0.0,1446.49,2026-04-05T16:46:32.111747
3863,1292,119,1,45.9,0.0,45.9,2026-04-05T16:46:32.111747
3864,1292,34,3,1474.08,0.0,4422.24,2026-04-05T16:46:32.111747
3865,1293,119,2,45.9,0.05,87.21,2026-08-12T07:57:32.111784
3866,1293,84,2,358.51,0.15,609.47,2026-08-12T07:57:32.111784
3867,1293,40,2,693.12,0.1,1247.62,2026-08-12T07:57:32.111784
3868,1293,73,2,721.9,0.1,1299.42,2026-08-12T07:57:32.111784
3869,1293,23,1,185.54,0.0,185.54,2026-08-12T07:57:32.111784
3870,1294,72,1,856.16,0.05,813.35,2026-04-22T23:02:32.111818
3871,1294,69,2,1640.23,0.0,3280.46,2026-04-22T23:02:32.111818
3872,1294,88,2,775.06,0.05,1472.61,2026-04-22T23:02:32.111818
3873,1294,86,3,517.65,0.0,1552.95,2026-04-22T23:02:32.111818
3874,1295,21,1,579.0,0.0,579.0,2026-03-30T03:27:32.111845
3875,1295,19,2,1096.11,0.1,1973.0,2026-03-30T03:27:32.111845
3876,1295,120,2,1388.53,0.0,2777.06,2026-03-30T03:27:32.111845
3877,1295,106,2,79.66,0.15,135.42,2026-03-30T03:27:32.111845
3878,1295,4,3,1063.54,0.0,3190.62,2026-03-30T03:27:32.111845
3879,1296,102,2,61.75,0.15,104.97,2026-08-29T03:58:32.111880
3880,1296,55,1,467.36,0.05,443.99,2026-08-29T03:58:32.111880
3881,1296,61,1,1557.98,0.1,1402.18,2026-08-29T03:58:32.111880
3882,1296,53,2,1077.0,0.05,2046.3,2026-08-29T03:58:32.111880
3883,1297,101,3,1089.31,0.15,2777.74,2026-09-02T06:32:32.111909
3884,1297,21,3,579.0,0.15,1476.45,2026-09-02T06:32:32.111909
3885,1297,15,3,478.17,0.0,1434.51,2026-09-02T06:32:32.111909
3886,1297,17,1,1226.38,0.15,1042.42,2026-09-02T06:32:32.111909
3887,1297,10,1,858.14,0.0,858.14,2026-09-02T06:32:32.111909
3888,1298,54,2,1652.43,0.0,3304.86,2026-06-05T23:20:32.111942
3889,1298,73,2,721.9,0.0,1443.8,2026-06-05T23:20:32.111942
3890,1298,34,3,1474.08,0.0,4422.24,2026-06-05T23:20:32.111942
3891,1299,42,2,430.69,0.1,775.24,2026-05-11T00:35:32.111968
3892,1299,61,2,1557.98,0.1,2804.36,2026-05-11T00:35:32.111968
3893,1299,88,1,775.06,0.15,658.8,2026-05-11T00:35:32.111968
3894,1299,52,1,92.69,0.0,92.69,2026-05-11T00:35:32.111968
3895,1299,62,3,1109.18,0.0,3327.54,2026-05-11T00:35:32.111968
3896,1300,73,3,721.9,0.0,2165.7,2026-08-29T20:09:32.112002
3897,1301,95,3,237.31,0.1,640.74,2026-05-10T05:19:32.112020
3898,1301,4,1,1063.54,0.1,957.19,2026-05-10T05:19:32.112020
3899,1301,111,2,340.18,0.0,680.36,2026-05-10T05:19:32.112020
3900,1301,104,2,1646.45,0.0,3292.9,2026-05-10T05:19:32.112020
3901,1301,100,2,1296.05,0.15,2203.28,2026-05-10T05:19:32.112020
3902,1302,55,2,467.36,0.0,934.72,2026-06-29T11:55:32.112054
3903,1302,41,3,1658.14,0.1,4476.98,2026-06-29T11:55:32.112054
3904,1302,104,1,1646.45,0.05,1564.13,2026-06-29T11:55:32.112054
3905,1302,50,2,935.89,0.0,1871.78,2026-06-29T11:55:32.112054
3906,1302,3,1,540.29,0.05,513.28,2026-06-29T11:55:32.112054
3907,1303,82,1,1537.26,0.0,1537.26,2026-07-11T11:50:32.112086
3908,1303,7,3,341.85,0.0,1025.55,2026-07-11T11:50:32.112086
3909,1303,38,1,1155.34,0.05,1097.57,2026-07-11T11:50:32.112086
3910,1303,79,1,219.09,0.0,219.09,2026-07-11T11:50:32.112086
3911,1304,41,2,1658.14,0.0,3316.28,2026-05-19T11:47:32.112115
3912,1304,47,3,1270.2,0.0,3810.6,2026-05-19T11:47:32.112115
3913,1305,53,2,1077.0,0.15,1830.9,2026-05-07T22:07:32.112134
3914,1305,95,1,237.31,0.0,237.31,2026-05-07T22:07:32.112134
3915,1306,35,1,1414.87,0.0,1414.87,2026-08-24T17:28:32.112154
3916,1306,58,3,936.72,0.1,2529.14,2026-08-24T17:28:32.112154
3917,1307,74,3,377.0,0.15,961.35,2026-08-12T15:12:32.112174
3918,1307,15,2,478.17,0.0,956.34,2026-08-12T15:12:32.112174
3919,1308,92,1,551.27,0.05,523.71,2026-07-20T19:13:32.112193
3920,1309,99,1,575.39,0.0,575.39,2026-06-02T05:26:32.112209
3921,1309,100,3,1296.05,0.05,3693.74,2026-06-02T05:26:32.112209
3922,1309,51,1,1446.49,0.1,1301.84,2026-06-02T05:26:32.112209
3923,1309,65,3,1979.06,0.0,5937.18,2026-06-02T05:26:32.112209
3924,1310,50,1,935.89,0.05,889.1,2026-07-23T09:02:32.112238
3925,1310,29,1,205.02,0.1,184.52,2026-07-23T09:02:32.112238
3926,1310,39,1,486.81,0.1,438.13,2026-07-23T09:02:32.112238
3927,1311,28,1,771.64,0.0,771.64,2026-04-11T05:58:32.112265
3928,1311,81,3,207.83,0.05,592.32,2026-04-11T05:58:32.112265
3929,1311,31,1,967.29,0.0,967.29,2026-04-11T05:58:32.112265
3930,1312,46,3,25.75,0.15,65.66,2026-05-28T22:27:32.112290
3931,1312,115,2,213.29,0.15,362.59,2026-05-28T22:27:32.112290
3932,1312,38,2,1155.34,0.05,2195.15,2026-05-28T22:27:32.112290
3933,1312,40,2,693.12,0.15,1178.3,2026-05-28T22:27:32.112290
3934,1312,21,1,579.0,0.0,579.0,2026-05-28T22:27:32.112290
3935,1313,19,2,1096.11,0.0,2192.22,2026-07-03T00:03:32.112321
3936,1313,100,2,1296.05,0.05,2462.49,2026-07-03T00:03:32.112321
3937,1313,98,1,643.73,0.15,547.17,2026-07-03T00:03:32.112321
3938,1313,21,2,579.0,0.0,1158.0,2026-07-03T00:03:32.112321
3939,1314,88,3,775.06,0.0,2325.18,2026-05-27T00:31:32.112353
3940,1314,74,1,377.0,0.0,377.0,2026-05-27T00:31:32.112353
3941,1314,27,3,271.84,0.0,815.52,2026-05-27T00:31:32.112353
3942,1314,81,1,207.83,0.05,197.44,2026-05-27T00:31:32.112353
3943,1315,95,3,237.31,0.0,711.93,2026-08-06T01:15:32.112381
3944,1315,29,1,205.02,0.0,205.02,2026-08-06T01:15:32.112381
3945,1316,98,1,643.73,0.05,611.54,2026-05-09T12:07:32.112401
3946,1317,52,2,92.69,0.1,166.84,2026-04-27T14:33:32.112417
3947,1317,7,1,341.85,0.05,324.76,2026-04-27T14:33:32.112417
3948,1318,76,3,747.78,0.1,2019.01,2026-09-11T13:46:32.112438
3949,1318,83,3,1243.0,0.15,3169.65,2026-09-11T13:46:32.112438
3950,1318,35,2,1414.87,0.0,2829.74,2026-09-11T13:46:32.112438
3951,1318,61,2,1557.98,0.05,2960.16,2026-09-11T13:46:32.112438
3952,1318,80,1,596.68,0.15,507.18,2026-09-11T13:46:32.112438
3953,1319,77,3,360.14,0.0,1080.42,2026-05-07T05:26:32.112470
3954,1319,29,1,205.02,0.15,174.27,2026-05-07T05:26:32.112470
3955,1319,5,1,1081.58,0.0,1081.58,2026-05-07T05:26:32.112470
3956,1319,12,1,1208.52,0.1,1087.67,2026-05-07T05:26:32.112470
3957,1320,99,3,575.39,0.05,1639.86,2026-08-01T00:28:32.112498
3958,1320,88,2,775.06,0.0,1550.12,2026-08-01T00:28:32.112498
3959,1321,21,2,579.0,0.05,1100.1,2026-06-04T17:33:32.112519
3960,1322,86,2,517.65,0.0,1035.3,2026-09-09T01:59:32.112535
3961,1322,37,3,591.14,0.05,1684.75,2026-09-09T01:59:32.112535
3962,1322,78,2,219.47,0.0,438.94,2026-09-09T01:59:32.112535
3963,1322,46,2,25.75,0.05,48.92,2026-09-09T01:59:32.112535
3964,1322,58,3,936.72,0.0,2810.16,2026-09-09T01:59:32.112535
3965,1323,51,3,1446.49,0.1,3905.52,2026-05-06T07:32:32.112566
3966,1323,108,3,407.19,0.15,1038.33,2026-05-06T07:32:32.112566
3967,1323,102,3,61.75,0.05,175.99,2026-05-06T07:32:32.112566
3968,1323,116,3,615.12,0.0,1845.36,2026-05-06T07:32:32.112566
3969,1323,56,2,780.61,0.0,1561.22,2026-05-06T07:32:32.112566
3970,1324,32,2,1444.35,0.15,2455.39,2026-08-10T00:07:32.112601
3971,1324,42,1,430.69,0.05,409.16,2026-08-10T00:07:32.112601
3972,1324,58,2,936.72,0.0,1873.44,2026-08-10T00:07:32.112601
3973,1325,27,3,271.84,0.1,733.97,2026-08-13T13:14:32.112625
3974,1326,81,2,207.83,0.0,415.66,2026-09-07T12:40:32.112641
3975,1326,120,1,1388.53,0.0,1388.53,2026-09-07T12:40:32.112641
3976,1326,73,1,721.9,0.0,721.9,2026-09-07T12:40:32.112641
3977,1327,94,2,115.87,0.05,220.15,2026-04-29T00:15:32.112664
3978,1327,89,1,493.15,0.05,468.49,2026-04-29T00:15:32.112664
3979,1327,40,1,693.12,0.15,589.15,2026-04-29T00:15:32.112664
3980,1327,4,2,1063.54,0.05,2020.73,2026-04-29T00:15:32.112664
3981,1328,72,3,856.16,0.05,2440.06,2026-07-01T13:52:32.112695
3982,1328,94,2,115.87,0.1,208.57,2026-07-01T13:52:32.112695
3983,1328,84,3,358.51,0.05,1021.75,2026-07-01T13:52:32.112695
3984,1329,45,1,610.17,0.0,610.17,2026-05-16T12:34:32.112718
3985,1329,93,2,81.1,0.0,162.2,2026-05-16T12:34:32.112718
3986,1330,84,1,358.51,0.0,358.51,2026-04-18T16:37:32.112740
3987,1331,51,1,1446.49,0.0,1446.49,2026-04-29T05:06:32.112756
3988,1331,61,2,1557.98,0.0,3115.96,2026-04-29T05:06:32.112756
3989,1331,79,3,219.09,0.05,624.41,2026-04-29T05:06:32.112756
3990,1331,18,1,390.89,0.15,332.26,2026-04-29T05:06:32.112756
3991,1331,93,2,81.1,0.15,137.87,2026-04-29T05:06:32.112756
3992,1332,5,2,1081.58,0.0,2163.16,2026-08-23T00:28:32.112790
3993,1332,46,1,25.75,0.1,23.18,2026-08-23T00:28:32.112790
3994,1333,20,1,1533.75,0.1,1380.38,2026-08-19T11:23:32.112811
3995,1333,21,3,579.0,0.1,1563.3,2026-08-19T11:23:32.112811
3996,1333,14,2,287.84,0.0,575.68,2026-08-19T11:23:32.112811
3997,1334,56,2,780.61,0.1,1405.1,2026-08-05T05:57:32.112841
3998,1334,113,3,453.18,0.0,1359.54,2026-08-05T05:57:32.112841
3999,1335,45,2,610.17,0.0,1220.34,2026-06-20T01:04:32.112861
4000,1336,62,2,1109.18,0.15,1885.61,2026-06-13T10:22:32.112877
4001,1336,45,3,610.17,0.15,1555.93,2026-06-13T10:22:32.112877
4002,1337,40,2,693.12,0.0,1386.24,2026-08-18T12:30:32.112897
4003,1337,111,1,340.18,0.0,340.18,2026-08-18T12:30:32.112897
4004,1338,77,3,360.14,0.0,1080.42,2026-08-14T07:44:32.112916
4005,1338,34,2,1474.08,0.1,2653.34,2026-08-14T07:44:32.112916
4006,1338,47,1,1270.2,0.0,1270.2,2026-08-14T07:44:32.112916
4007,1338,71,1,684.07,0.0,684.07,2026-08-14T07:44:32.112916
4008,1338,99,3,575.39,0.05,1639.86,2026-08-14T07:44:32.112916
4009,1339,19,3,1096.11,0.05,3123.91,2026-08-28T16:04:32.112949
4010,1339,21,3,579.0,0.0,1737.0,2026-08-28T16:04:32.112949
4011,1339,36,2,97.84,0.1,176.11,2026-08-28T16:04:32.112949
4012,1339,72,2,856.16,0.0,1712.32,2026-08-28T16:04:32.112949
4013,1340,58,2,936.72,0.15,1592.42,2026-08-31T10:36:32.112977
4014,1341,76,2,747.78,0.0,1495.56,2026-06-01T19:37:32.112993
4015,1342,49,1,342.66,0.0,342.66,2026-06-06T14:55:32.113008
4016,1342,76,1,747.78,0.0,747.78,2026-06-06T14:55:32.113008
4017,1342,70,3,518.03,0.05,1476.39,2026-06-06T14:55:32.113008
4018,1342,39,3,486.81,0.1,1314.39,2026-06-06T14:55:32.113008
4019,1342,50,1,935.89,0.0,935.89,2026-06-06T14:55:32.113008
4020,1343,50,3,935.89,0.1,2526.9,2026-08-02T07:45:32.113040
4021,1343,27,3,271.84,0.0,815.52,2026-08-02T07:45:32.113040
4022,1343,43,2,187.62,0.1,337.72,2026-08-02T07:45:32.113040
4023,1343,61,1,1557.98,0.15,1324.28,2026-08-02T07:45:32.113040
4024,1343,48,3,733.85,0.15,1871.32,2026-08-02T07:45:32.113040
4025,1344,90,2,1214.39,0.05,2307.34,2026-06-17T00:59:32.113073
4026,1344,101,3,1089.31,0.1,2941.14,2026-06-17T00:59:32.113073
4027,1344,69,2,1640.23,0.0,3280.46,2026-06-17T00:59:32.113073
4028,1344,62,3,1109.18,0.1,2994.79,2026-06-17T00:59:32.113073
4029,1344,115,1,213.29,0.05,202.63,2026-06-17T00:59:32.113073
4030,1345,78,1,219.47,0.1,197.52,2026-08-07T18:20:32.113104
4031,1345,8,3,104.24,0.15,265.81,2026-08-07T18:20:32.113104
4032,1345,101,2,1089.31,0.15,1851.83,2026-08-07T18:20:32.113104
4033,1346,52,1,92.69,0.0,92.69,2026-04-14T21:10:32.113128
4034,1347,28,3,771.64,0.1,2083.43,2026-06-10T16:04:32.113144
4035,1348,89,2,493.15,0.0,986.3,2026-05-01T02:00:32.113160
4036,1348,25,3,257.25,0.0,771.75,2026-05-01T02:00:32.113160
4037,1348,76,3,747.78,0.15,1906.84,2026-05-01T02:00:32.113160
4038,1349,30,3,539.5,0.1,1456.65,2026-07-17T22:13:32.113186
4039,1349,117,3,1381.28,0.15,3522.26,2026-07-17T22:13:32.113186
4040,1349,60,3,824.84,0.0,2474.52,2026-07-17T22:13:32.113186
4041,1349,46,3,25.75,0.0,77.25,2026-07-17T22:13:32.113186
4042,1350,97,3,1192.46,0.15,3040.77,2026-06-04T20:49:32.113213
4043,1351,87,1,1696.52,0.1,1526.87,2026-07-06T20:48:32.113229
4044,1352,80,2,596.68,0.15,1014.36,2026-07-17T05:56:32.113244
4045,1352,53,3,1077.0,0.15,2746.35,2026-07-17T05:56:32.113244
4046,1352,36,3,97.84,0.0,293.52,2026-07-17T05:56:32.113244
4047,1353,6,1,1554.13,0.0,1554.13,2026-07-20T13:27:32.113269
4048,1353,72,3,856.16,0.1,2311.63,2026-07-20T13:27:32.113269
4049,1353,31,2,967.29,0.05,1837.85,2026-07-20T13:27:32.113269
4050,1353,111,2,340.18,0.15,578.31,2026-07-20T13:27:32.113269
4051,1354,103,3,298.36,0.05,850.33,2026-08-14T23:28:32.113296
4052,1354,8,2,104.24,0.0,208.48,2026-08-14T23:28:32.113296
4053,1354,18,1,390.89,0.15,332.26,2026-08-14T23:28:32.113296
4054,1354,32,3,1444.35,0.0,4333.05,2026-08-14T23:28:32.113296
4055,1355,106,3,79.66,0.0,238.98,2026-07-05T07:11:32.113324
4056,1355,81,3,207.83,0.05,592.32,2026-07-05T07:11:32.113324
4057,1356,72,1,856.16,0.05,813.35,2026-05-04T18:58:32.113344
4058,1356,89,2,493.15,0.0,986.3,2026-05-04T18:58:32.113344
4059,1356,70,2,518.03,0.05,984.26,2026-05-04T18:58:32.113344
4060,1357,49,3,342.66,0.15,873.78,2026-04-17T08:28:32.113367
4061,1358,20,1,1533.75,0.15,1303.69,2026-06-27T03:30:32.113382
4062,1358,35,2,1414.87,0.05,2688.25,2026-06-27T03:30:32.113382
4063,1358,43,1,187.62,0.05,178.24,2026-06-27T03:30:32.113382
4064,1358,30,3,539.5,0.0,1618.5,2026-06-27T03:30:32.113382
4065,1358,116,3,615.12,0.0,1845.36,2026-06-27T03:30:32.113382
4066,1359,79,1,219.09,0.15,186.23,2026-09-04T17:36:32.113413
4067,1360,61,2,1557.98,0.05,2960.16,2026-04-20T12:40:32.113430
4068,1361,8,3,104.24,0.0,312.72,2026-07-26T06:03:32.113445
4069,1361,111,1,340.18,0.0,340.18,2026-07-26T06:03:32.113445
4070,1362,42,2,430.69,0.0,861.38,2026-04-11T15:42:32.113464
4071,1362,94,2,115.87,0.0,231.74,2026-04-11T15:42:32.113464
4072,1363,105,2,360.47,0.1,648.85,2026-09-13T06:16:32.113483
4073,1363,84,3,358.51,0.1,967.98,2026-09-13T06:16:32.113483
4074,1364,3,2,540.29,0.0,1080.58,2026-08-23T22:17:32.113503
4075,1364,72,1,856.16,0.15,727.74,2026-08-23T22:17:32.113503
4076,1364,118,1,31.27,0.1,28.14,2026-08-23T22:17:32.113503
4077,1364,44,1,1108.44,0.0,1108.44,2026-08-23T22:17:32.113503
4078,1365,117,1,1381.28,0.0,1381.28,2026-07-06T00:13:32.113533
4079,1365,54,1,1652.43,0.1,1487.19,2026-07-06T00:13:32.113533
4080,1365,17,3,1226.38,0.0,3679.14,2026-07-06T00:13:32.113533
4081,1366,19,2,1096.11,0.0,2192.22,2026-09-19T06:39:32.113558
4082,1366,10,3,858.14,0.15,2188.26,2026-09-19T06:39:32.113558
4083,1366,104,1,1646.45,0.0,1646.45,2026-09-19T06:39:32.113558
4084,1367,78,2,219.47,0.0,438.94,2026-09-13T22:25:32.113582
4085,1368,61,2,1557.98,0.0,3115.96,2026-07-20T18:34:32.113598
4086,1368,78,2,219.47,0.0,438.94,2026-07-20T18:34:32.113598
4087,1368,114,2,48.79,0.0,97.58,2026-07-20T18:34:32.113598
4088,1368,25,2,257.25,0.15,437.32,2026-07-20T18:34:32.113598
4089,1368,70,2,518.03,0.0,1036.06,2026-07-20T18:34:32.113598
4090,1369,7,3,341.85,0.0,1025.55,2026-05-27T20:32:32.113630
4091,1369,39,3,486.81,0.15,1241.37,2026-05-27T20:32:32.113630
4092,1369,43,2,187.62,0.1,337.72,2026-05-27T20:32:32.113630
4093,1369,37,2,591.14,0.15,1004.94,2026-05-27T20:32:32.113630
4094,1369,60,1,824.84,0.0,824.84,2026-05-27T20:32:32.113630
4095,1370,7,3,341.85,0.1,923.0,2026-04-22T04:08:32.113664
4096,1370,106,2,79.66,0.1,143.39,2026-04-22T04:08:32.113664
4097,1370,47,3,1270.2,0.0,3810.6,2026-04-22T04:08:32.113664
4098,1370,89,1,493.15,0.15,419.18,2026-04-22T04:08:32.113664
4099,1370,116,3,615.12,0.0,1845.36,2026-04-22T04:08:32.113664
4100,1371,26,1,1615.36,0.0,1615.36,2026-06-04T23:53:32.113698
4101,1371,84,3,358.51,0.0,1075.53,2026-06-04T23:53:32.113698
4102,1371,32,2,1444.35,0.0,2888.7,2026-06-04T23:53:32.113698
4103,1372,103,2,298.36,0.0,596.72,2026-05-12T11:19:32.113721
4104,1372,98,3,643.73,0.0,1931.19,2026-05-12T11:19:32.113721
4105,1372,6,1,1554.13,0.15,1321.01,2026-05-12T11:19:32.113721
4106,1372,30,3,539.5,0.05,1537.57,2026-05-12T11:19:32.113721
4107,1372,44,3,1108.44,0.15,2826.52,2026-05-12T11:19:32.113721
4108,1373,99,3,575.39,0.0,1726.17,2026-08-03T05:44:32.113754
4109,1374,66,3,116.43,0.0,349.29,2026-09-03T04:08:32.113771
4110,1375,65,1,1979.06,0.0,1979.06,2026-08-11T01:58:32.113799
4111,1375,48,3,733.85,0.0,2201.55,2026-08-11T01:58:32.113799
4112,1375,6,2,1554.13,0.0,3108.26,2026-08-11T01:58:32.113799
4113,1376,38,2,1155.34,0.05,2195.15,2026-09-10T02:38:32.113823
4114,1377,116,3,615.12,0.0,1845.36,2026-04-27T14:02:32.113840
4115,1377,82,3,1537.26,0.0,4611.78,2026-04-27T14:02:32.113840
4116,1377,20,2,1533.75,0.0,3067.5,2026-04-27T14:02:32.113840
4117,1377,3,2,540.29,0.0,1080.58,2026-04-27T14:02:32.113840
4118,1377,34,2,1474.08,0.05,2800.75,2026-04-27T14:02:32.113840
4119,1378,108,2,407.19,0.0,814.38,2026-05-07T10:15:32.113871
4120,1378,31,3,967.29,0.0,2901.87,2026-05-07T10:15:32.113871
4121,1379,87,2,1696.52,0.0,3393.04,2026-03-23T23:13:32.113892
4122,1380,93,2,81.1,0.0,162.2,2026-08-11T15:51:32.113908
4123,1380,25,1,257.25,0.0,257.25,2026-08-11T15:51:32.113908
4124,1380,36,2,97.84,0.0,195.68,2026-08-11T15:51:32.113908
4125,1380,42,1,430.69,0.15,366.09,2026-08-11T15:51:32.113908
4126,1381,80,1,596.68,0.0,596.68,2026-06-02T02:05:32.113941
4127,1381,52,1,92.69,0.0,92.69,2026-06-02T02:05:32.113941
4128,1381,40,2,693.12,0.0,1386.24,2026-06-02T02:05:32.113941
4129,1382,120,3,1388.53,0.15,3540.75,2026-06-25T09:54:32.113967
4130,1383,25,1,257.25,0.0,257.25,2026-06-22T18:35:32.113983
4131,1383,2,2,439.91,0.15,747.85,2026-06-22T18:35:32.113983
4132,1383,104,3,1646.45,0.15,4198.45,2026-06-22T18:35:32.113983
4133,1383,86,2,517.65,0.0,1035.3,2026-06-22T18:35:32.113983
4134,1383,118,3,31.27,0.0,93.81,2026-06-22T18:35:32.113983
4135,1384,28,2,771.64,0.0,1543.28,2026-08-31T20:24:32.114015
4136,1384,6,2,1554.13,0.0,3108.26,2026-08-31T20:24:32.114015
4137,1384,73,1,721.9,0.0,721.9,2026-08-31T20:24:32.114015
4138,1384,80,1,596.68,0.0,596.68,2026-08-31T20:24:32.114015
4139,1385,52,2,92.69,0.0,185.38,2026-06-07T14:45:32.114043
4140,1386,91,1,1357.23,0.15,1153.65,2026-05-10T03:28:32.114058
4141,1387,69,3,1640.23,0.05,4674.66,2026-04-26T03:15:32.114074
4142,1387,68,2,270.06,0.0,540.12,2026-04-26T03:15:32.114074
4143,1388,40,3,693.12,0.0,2079.36,2026-05-24T22:08:32.114093
4144,1388,43,2,187.62,0.0,375.24,2026-05-24T22:08:32.114093
4145,1388,81,1,207.83,0.05,197.44,2026-05-24T22:08:32.114093
4146,1388,80,3,596.68,0.0,1790.04,2026-05-24T22:08:32.114093
4147,1388,111,1,340.18,0.0,340.18,2026-05-24T22:08:32.114093
4148,1389,35,2,1414.87,0.0,2829.74,2026-05-23T06:47:32.114124
4149,1389,14,1,287.84,0.1,259.06,2026-05-23T06:47:32.114124
4150,1389,79,2,219.09,0.1,394.36,2026-05-23T06:47:32.114124
4151,1389,6,3,1554.13,0.05,4429.27,2026-05-23T06:47:32.114124
4152,1389,108,3,407.19,0.0,1221.57,2026-05-23T06:47:32.114124
4153,1390,62,3,1109.18,0.05,3161.16,2026-05-05T18:13:32.114157
4154,1390,15,1,478.17,0.05,454.26,2026-05-05T18:13:32.114157
4155,1391,45,3,610.17,0.0,1830.51,2026-07-30T09:32:32.114177
4156,1391,36,1,97.84,0.0,97.84,2026-07-30T09:32:32.114177
4157,1391,65,3,1979.06,0.0,5937.18,2026-07-30T09:32:32.114177
4158,1391,71,1,684.07,0.0,684.07,2026-07-30T09:32:32.114177
4159,1392,109,3,1094.28,0.05,3118.7,2026-07-15T22:29:32.114205
4160,1392,29,2,205.02,0.0,410.04,2026-07-15T22:29:32.114205
4161,1392,99,3,575.39,0.0,1726.17,2026-07-15T22:29:32.114205
4162,1392,14,2,287.84,0.0,575.68,2026-07-15T22:29:32.114205
4163,1393,69,2,1640.23,0.0,3280.46,2026-07-24T08:45:32.114232
4164,1394,106,3,79.66,0.05,227.03,2026-09-05T03:08:32.114247
4165,1394,86,3,517.65,0.15,1320.01,2026-09-05T03:08:32.114247
4166,1394,103,1,298.36,0.15,253.61,2026-09-05T03:08:32.114247
4167,1395,106,1,79.66,0.0,79.66,2026-08-21T15:51:32.114272
4168,1395,98,1,643.73,0.15,547.17,2026-08-21T15:51:32.114272
4169,1395,113,2,453.18,0.1,815.72,2026-08-21T15:51:32.114272
4170,1395,34,3,1474.08,0.15,3758.9,2026-08-21T15:51:32.114272
4171,1395,18,3,390.89,0.15,996.77,2026-08-21T15:51:32.114272
4172,1396,86,2,517.65,0.15,880.0,2026-09-13T01:36:32.114312
4173,1396,116,1,615.12,0.15,522.85,2026-09-13T01:36:32.114312
4174,1396,40,3,693.12,0.0,2079.36,2026-09-13T01:36:32.114312
4175,1396,46,1,25.75,0.05,24.46,2026-09-13T01:36:32.114312
4176,1397,74,2,377.0,0.1,678.6,2026-03-27T05:01:32.114341
4177,1397,22,3,46.79,0.0,140.37,2026-03-27T05:01:32.114341
4178,1397,108,3,407.19,0.05,1160.49,2026-03-27T05:01:32.114341
4179,1398,111,3,340.18,0.05,969.51,2026-04-03T17:43:32.114366
4180,1399,56,1,780.61,0.15,663.52,2026-06-07T04:59:32.114382
4181,1399,105,1,360.47,0.05,342.45,2026-06-07T04:59:32.114382
4182,1399,12,1,1208.52,0.1,1087.67,2026-06-07T04:59:32.114382
4183,1400,40,3,693.12,0.0,2079.36,2026-06-21T02:45:32.114406
4184,1400,79,1,219.09,0.0,219.09,2026-06-21T02:45:32.114406
4185,1400,93,2,81.1,0.0,162.2,2026-06-21T02:45:32.114406
4186,1400,30,2,539.5,0.05,1025.05,2026-06-21T02:45:32.114406
4187,1400,116,1,615.12,0.0,615.12,2026-06-21T02:45:32.114406
4188,1401,95,2,237.31,0.05,450.89,2026-03-30T03:04:32.114438
4189,1401,115,2,213.29,0.15,362.59,2026-03-30T03:04:32.114438
4190,1401,58,1,936.72,0.15,796.21,2026-03-30T03:04:32.114438
4191,1402,40,2,693.12,0.1,1247.62,2026-06-24T04:30:32.114463
4192,1402,120,1,1388.53,0.15,1180.25,2026-06-24T04:30:32.114463
4193,1402,99,2,575.39,0.1,1035.7,2026-06-24T04:30:32.114463
4194,1403,98,1,643.73,0.0,643.73,2026-05-22T14:49:32.114487
4195,1403,120,1,1388.53,0.0,1388.53,2026-05-22T14:49:32.114487
4196,1403,5,2,1081.58,0.0,2163.16,2026-05-22T14:49:32.114487
4197,1403,45,1,610.17,0.1,549.15,2026-05-22T14:49:32.114487
4198,1403,116,2,615.12,0.0,1230.24,2026-05-22T14:49:32.114487
4199,1404,116,3,615.12,0.15,1568.56,2026-05-17T06:02:32.114519
4200,1404,99,1,575.39,0.0,575.39,2026-05-17T06:02:32.114519
4201,1404,25,1,257.25,0.0,257.25,2026-05-17T06:02:32.114519
4202,1405,40,3,693.12,0.0,2079.36,2026-04-03T23:12:32.114543
4203,1405,86,1,517.65,0.15,440.0,2026-04-03T23:12:32.114543
4204,1405,14,3,287.84,0.0,863.52,2026-04-03T23:12:32.114543
4205,1405,43,2,187.62,0.1,337.72,2026-04-03T23:12:32.114543
4206,1406,93,1,81.1,0.0,81.1,2026-06-25T20:33:32.114571
4207,1406,51,1,1446.49,0.0,1446.49,2026-06-25T20:33:32.114571
4208,1406,78,2,219.47,0.0,438.94,2026-06-25T20:33:32.114571
4209,1406,56,2,780.61,0.15,1327.04,2026-06-25T20:33:32.114571
4210,1407,46,1,25.75,0.05,24.46,2026-06-16T01:00:32.114599
4211,1408,51,3,1446.49,0.0,4339.47,2026-04-06T03:41:32.114615
4212,1408,17,1,1226.38,0.15,1042.42,2026-04-06T03:41:32.114615
4213,1408,86,1,517.65,0.1,465.88,2026-04-06T03:41:32.114615
4214,1408,48,2,733.85,0.0,1467.7,2026-04-06T03:41:32.114615
4215,1408,53,3,1077.0,0.0,3231.0,2026-04-06T03:41:32.114615
4216,1409,46,2,25.75,0.0,51.5,2026-07-23T03:52:32.114648
4217,1409,114,3,48.79,0.0,146.37,2026-07-23T03:52:32.114648
4218,1410,26,2,1615.36,0.05,3069.18,2026-06-22T03:28:32.114668
4219,1410,10,3,858.14,0.05,2445.7,2026-06-22T03:28:32.114668
4220,1410,94,3,115.87,0.05,330.23,2026-06-22T03:28:32.114668
4221,1410,53,3,1077.0,0.0,3231.0,2026-06-22T03:28:32.114668
4222,1410,104,1,1646.45,0.05,1564.13,2026-06-22T03:28:32.114668
4223,1411,95,2,237.31,0.1,427.16,2026-06-11T07:52:32.114699
4224,1411,72,1,856.16,0.05,813.35,2026-06-11T07:52:32.114699
4225,1411,68,1,270.06,0.0,270.06,2026-06-11T07:52:32.114699
4226,1412,50,1,935.89,0.05,889.1,2026-08-29T11:13:32.114723
4227,1412,10,3,858.14,0.15,2188.26,2026-08-29T11:13:32.114723
4228,1412,115,1,213.29,0.0,213.29,2026-08-29T11:13:32.114723
4229,1412,77,1,360.14,0.0,360.14,2026-08-29T11:13:32.114723
4230,1412,5,2,1081.58,0.15,1838.69,2026-08-29T11:13:32.114723
4231,1413,56,3,780.61,0.0,2341.83,2026-05-09T07:13:32.114755
4232,1413,66,1,116.43,0.0,116.43,2026-05-09T07:13:32.114755
4233,1413,86,2,517.65,0.1,931.77,2026-05-09T07:13:32.114755
4234,1414,97,1,1192.46,0.1,1073.21,2026-05-14T16:32:32.114779
4235,1414,42,2,430.69,0.15,732.17,2026-05-14T16:32:32.114779
4236,1415,46,1,25.75,0.0,25.75,2026-05-17T23:19:32.114798
4237,1415,10,1,858.14,0.0,858.14,2026-05-17T23:19:32.114798
4238,1415,65,3,1979.06,0.05,5640.32,2026-05-17T23:19:32.114798
4239,1415,43,3,187.62,0.0,562.86,2026-05-17T23:19:32.114798
4240,1416,77,3,360.14,0.0,1080.42,2026-03-31T02:59:32.114825
4241,1416,100,1,1296.05,0.0,1296.05,2026-03-31T02:59:32.114825
4242,1416,53,1,1077.0,0.15,915.45,2026-03-31T02:59:32.114825
4243,1417,103,2,298.36,0.1,537.05,2026-03-31T18:03:32.114848
4244,1418,32,3,1444.35,0.0,4333.05,2026-05-04T16:15:32.114864
4245,1419,20,3,1533.75,0.0,4601.25,2026-05-22T22:23:32.114881
4246,1419,45,2,610.17,0.0,1220.34,2026-05-22T22:23:32.114881
4247,1419,92,3,551.27,0.0,1653.81,2026-05-22T22:23:32.114881
4248,1419,118,1,31.27,0.1,28.14,2026-05-22T22:23:32.114881
4249,1419,18,2,390.89,0.0,781.78,2026-05-22T22:23:32.114881
4250,1420,50,2,935.89,0.1,1684.6,2026-07-03T10:27:32.114912
4251,1420,114,2,48.79,0.0,97.58,2026-07-03T10:27:32.114912
4252,1420,68,1,270.06,0.0,270.06,2026-07-03T10:27:32.114912
4253,1420,46,1,25.75,0.1,23.18,2026-07-03T10:27:32.114912
4254,1420,7,1,341.85,0.1,307.67,2026-07-03T10:27:32.114912
4255,1421,73,1,721.9,0.1,649.71,2026-06-13T09:09:32.114945
4256,1421,59,2,1201.61,0.05,2283.06,2026-06-13T09:09:32.114945
4257,1421,38,1,1155.34,0.15,982.04,2026-06-13T09:09:32.114945
4258,1421,62,2,1109.18,0.0,2218.36,2026-06-13T09:09:32.114945
4259,1422,73,3,721.9,0.1,1949.13,2026-07-02T06:54:32.114973
4260,1422,83,1,1243.0,0.15,1056.55,2026-07-02T06:54:32.114973
4261,1423,26,1,1615.36,0.0,1615.36,2026-05-08T22:47:32.114993
4262,1423,49,3,342.66,0.0,1027.98,2026-05-08T22:47:32.114993
4263,1423,80,2,596.68,0.05,1133.69,2026-05-08T22:47:32.114993
4264,1423,76,3,747.78,0.15,1906.84,2026-05-08T22:47:32.114993
4265,1424,79,3,219.09,0.05,624.41,2026-06-20T03:24:32.115020
4266,1424,60,2,824.84,0.0,1649.68,2026-06-20T03:24:32.115020
4267,1425,78,2,219.47,0.05,416.99,2026-06-16T01:17:32.115040
4268,1425,89,1,493.15,0.1,443.83,2026-06-16T01:17:32.115040
4269,1425,8,1,104.24,0.1,93.82,2026-06-16T01:17:32.115040
4270,1425,77,2,360.14,0.1,648.25,2026-06-16T01:17:32.115040
4271,1426,40,3,693.12,0.1,1871.42,2026-06-15T14:39:32.115068
4272,1426,100,3,1296.05,0.0,3888.15,2026-06-15T14:39:32.115068
4273,1426,90,3,1214.39,0.05,3461.01,2026-06-15T14:39:32.115068
4274,1427,2,1,439.91,0.0,439.91,2026-07-26T03:33:32.115092
4275,1427,27,3,271.84,0.1,733.97,2026-07-26T03:33:32.115092
4276,1428,93,2,81.1,0.05,154.09,2026-09-16T05:07:32.115111
4277,1428,51,1,1446.49,0.0,1446.49,2026-09-16T05:07:32.115111
4278,1429,14,2,287.84,0.0,575.68,2026-07-24T08:03:32.115131
4279,1429,106,1,79.66,0.0,79.66,2026-07-24T08:03:32.115131
4280,1429,8,2,104.24,0.0,208.48,2026-07-24T08:03:32.115131
4281,1429,51,3,1446.49,0.0,4339.47,2026-07-24T08:03:32.115131
4282,1430,111,3,340.18,0.05,969.51,2026-06-02T22:01:32.115159
4283,1431,119,3,45.9,0.0,137.7,2026-09-10T23:28:32.115174
4284,1432,15,1,478.17,0.1,430.35,2026-07-16T02:04:32.115190
4285,1432,8,1,104.24,0.0,104.24,2026-07-16T02:04:32.115190
4286,1432,29,2,205.02,0.0,410.04,2026-07-16T02:04:32.115190
4287,1432,21,2,579.0,0.0,1158.0,2026-07-16T02:04:32.115190
4288,1432,49,3,342.66,0.1,925.18,2026-07-16T02:04:32.115190
4289,1433,19,1,1096.11,0.15,931.69,2026-05-23T10:28:32.115222
4290,1434,98,2,643.73,0.1,1158.71,2026-06-27T16:15:32.115237
4291,1434,119,1,45.9,0.0,45.9,2026-06-27T16:15:32.115237
4292,1434,71,2,684.07,0.05,1299.73,2026-06-27T16:15:32.115237
4293,1434,59,1,1201.61,0.1,1081.45,2026-06-27T16:15:32.115237
4294,1434,111,1,340.18,0.0,340.18,2026-06-27T16:15:32.115237
4295,1435,31,3,967.29,0.0,2901.87,2026-04-11T22:45:32.115268
4296,1435,81,2,207.83,0.0,415.66,2026-04-11T22:45:32.115268
4297,1436,91,1,1357.23,0.0,1357.23,2026-06-01T22:34:32.115288
4298,1436,86,1,517.65,0.0,517.65,2026-06-01T22:34:32.115288
4299,1436,105,1,360.47,0.0,360.47,2026-06-01T22:34:32.115288
4300,1437,107,2,1503.69,0.15,2556.27,2026-08-08T06:53:32.115312
4301,1437,87,1,1696.52,0.05,1611.69,2026-08-08T06:53:32.115312
4302,1438,58,1,936.72,0.0,936.72,2026-04-03T08:53:32.115332
4303,1438,27,1,271.84,0.0,271.84,2026-04-03T08:53:32.115332
4304,1438,15,3,478.17,0.1,1291.06,2026-04-03T08:53:32.115332
4305,1438,21,3,579.0,0.0,1737.0,2026-04-03T08:53:32.115332
4306,1438,41,3,1658.14,0.15,4228.26,2026-04-03T08:53:32.115332
4307,1439,108,1,407.19,0.15,346.11,2026-07-01T00:07:32.115364
4308,1439,44,3,1108.44,0.0,3325.32,2026-07-01T00:07:32.115364
4309,1440,101,3,1089.31,0.05,3104.53,2026-03-25T15:36:32.115384
4310,1440,35,2,1414.87,0.05,2688.25,2026-03-25T15:36:32.115384
4311,1440,37,3,591.14,0.0,1773.42,2026-03-25T15:36:32.115384
4312,1440,78,1,219.47,0.15,186.55,2026-03-25T15:36:32.115384
4313,1440,76,1,747.78,0.0,747.78,2026-03-25T15:36:32.115384
4314,1441,39,2,486.81,0.1,876.26,2026-06-09T10:37:32.115416
4315,1441,58,2,936.72,0.0,1873.44,2026-06-09T10:37:32.115416
4316,1441,116,2,615.12,0.0,1230.24,2026-06-09T10:37:32.115416
4317,1441,52,1,92.69,0.0,92.69,2026-06-09T10:37:32.115416
4318,1442,34,3,1474.08,0.0,4422.24,2026-06-17T18:50:32.115444
4319,1442,47,1,1270.2,0.15,1079.67,2026-06-17T18:50:32.115444
4320,1442,35,2,1414.87,0.0,2829.74,2026-06-17T18:50:32.115444
4321,1443,73,2,721.9,0.1,1299.42,2026-04-30T18:33:32.115476
4322,1443,14,3,287.84,0.15,733.99,2026-04-30T18:33:32.115476
4323,1443,13,2,2066.14,0.05,3925.67,2026-04-30T18:33:32.115476
4324,1443,27,3,271.84,0.0,815.52,2026-04-30T18:33:32.115476
4325,1443,119,1,45.9,0.1,41.31,2026-04-30T18:33:32.115476
4326,1444,59,2,1201.61,0.0,2403.22,2026-05-04T02:31:32.115509
4327,1444,68,2,270.06,0.1,486.11,2026-05-04T02:31:32.115509
4328,1445,119,1,45.9,0.0,45.9,2026-07-06T04:17:32.115529
4329,1445,34,1,1474.08,0.1,1326.67,2026-07-06T04:17:32.115529
4330,1445,113,2,453.18,0.0,906.36,2026-07-06T04:17:32.115529
4331,1446,60,2,824.84,0.0,1649.68,2026-05-25T09:47:32.115553
4332,1447,100,1,1296.05,0.0,1296.05,2026-07-09T05:13:32.115569
4333,1447,35,2,1414.87,0.0,2829.74,2026-07-09T05:13:32.115569
4334,1447,61,2,1557.98,0.0,3115.96,2026-07-09T05:13:32.115569
4335,1447,113,3,453.18,0.15,1155.61,2026-07-09T05:13:32.115569
4336,1447,21,1,579.0,0.1,521.1,2026-07-09T05:13:32.115569
4337,1448,80,2,596.68,0.0,1193.36,2026-04-17T00:02:32.115601
4338,1448,56,2,780.61,0.0,1561.22,2026-04-17T00:02:32.115601
4339,1448,63,1,1474.96,0.15,1253.72,2026-04-17T00:02:32.115601
4340,1448,79,3,219.09,0.0,657.27,2026-04-17T00:02:32.115601
4341,1449,56,2,780.61,0.05,1483.16,2026-06-13T14:22:32.115629
4342,1449,105,1,360.47,0.0,360.47,2026-06-13T14:22:32.115629
4343,1450,54,2,1652.43,0.1,2974.37,2026-06-02T17:38:32.115649
4344,1450,97,3,1192.46,0.15,3040.77,2026-06-02T17:38:32.115649
4345,1450,28,3,771.64,0.0,2314.92,2026-06-02T17:38:32.115649
4346,1450,25,1,257.25,0.0,257.25,2026-06-02T17:38:32.115649
4347,1450,61,2,1557.98,0.0,3115.96,2026-06-02T17:38:32.115649
4348,1451,26,1,1615.36,0.0,1615.36,2026-05-16T16:24:32.115681
4349,1451,105,1,360.47,0.0,360.47,2026-05-16T16:24:32.115681
4350,1451,38,3,1155.34,0.15,2946.12,2026-05-16T16:24:32.115681
4351,1452,47,1,1270.2,0.0,1270.2,2026-06-12T15:44:32.115705
4352,1452,30,3,539.5,0.0,1618.5,2026-06-12T15:44:32.115705
4353,1452,62,1,1109.18,0.1,998.26,2026-06-12T15:44:32.115705
4354,1452,89,2,493.15,0.15,838.35,2026-06-12T15:44:32.115705
4355,1453,42,3,430.69,0.0,1292.07,2026-07-14T07:54:32.115732
4356,1453,20,1,1533.75,0.05,1457.06,2026-07-14T07:54:32.115732
4357,1454,45,1,610.17,0.15,518.64,2026-05-09T03:19:32.115753
4358,1454,94,2,115.87,0.15,196.98,2026-05-09T03:19:32.115753
4359,1454,28,3,771.64,0.05,2199.17,2026-05-09T03:19:32.115753
4360,1454,65,3,1979.06,0.05,5640.32,2026-05-09T03:19:32.115753
4361,1454,120,2,1388.53,0.0,2777.06,2026-05-09T03:19:32.115753
4362,1455,111,2,340.18,0.0,680.36,2026-07-19T15:26:32.115785
4363,1456,61,3,1557.98,0.0,4673.94,2026-04-11T10:25:32.115801
4364,1456,7,3,341.85,0.15,871.72,2026-04-11T10:25:32.115801
4365,1456,72,1,856.16,0.05,813.35,2026-04-11T10:25:32.115801
4366,1456,43,1,187.62,0.1,168.86,2026-04-11T10:25:32.115801
4367,1457,56,1,780.61,0.0,780.61,2026-09-04T05:02:32.115831
4368,1457,99,3,575.39,0.1,1553.55,2026-09-04T05:02:32.115831
4369,1457,45,2,610.17,0.15,1037.29,2026-09-04T05:02:32.115831
4370,1457,3,2,540.29,0.05,1026.55,2026-09-04T05:02:32.115831
4371,1457,73,3,721.9,0.0,2165.7,2026-09-04T05:02:32.115831
4372,1458,29,2,205.02,0.1,369.04,2026-05-25T04:31:32.115865
4373,1458,3,2,540.29,0.0,1080.58,2026-05-25T04:31:32.115865
4374,1458,58,2,936.72,0.0,1873.44,2026-05-25T04:31:32.115865
4375,1458,74,3,377.0,0.0,1131.0,2026-05-25T04:31:32.115865
4376,1458,99,3,575.39,0.0,1726.17,2026-05-25T04:31:32.115865
4377,1459,40,3,693.12,0.05,1975.39,2026-05-24T08:40:32.115900
4378,1460,63,3,1474.96,0.0,4424.88,2026-03-25T17:07:32.115916
4379,1460,118,3,31.27,0.05,89.12,2026-03-25T17:07:32.115916
4380,1461,114,2,48.79,0.05,92.7,2026-08-25T19:19:32.115935
4381,1462,40,2,693.12,0.1,1247.62,2026-05-15T22:59:32.115951
4382,1462,92,2,551.27,0.0,1102.54,2026-05-15T22:59:32.115951
4383,1462,68,2,270.06,0.1,486.11,2026-05-15T22:59:32.115951
4384,1463,52,1,92.69,0.0,92.69,2026-09-09T13:45:32.115974
4385,1463,34,2,1474.08,0.15,2505.94,2026-09-09T13:45:32.115974
4386,1463,42,1,430.69,0.0,430.69,2026-09-09T13:45:32.115974
4387,1464,95,2,237.31,0.15,403.43,2026-06-18T10:28:32.115997
4388,1464,116,1,615.12,0.05,584.36,2026-06-18T10:28:32.115997
4389,1464,46,1,25.75,0.0,25.75,2026-06-18T10:28:32.115997
4390,1464,74,3,377.0,0.15,961.35,2026-06-18T10:28:32.115997
4391,1465,48,3,733.85,0.05,2091.47,2026-07-22T15:29:32.116024
4392,1465,43,2,187.62,0.1,337.72,2026-07-22T15:29:32.116024
4393,1465,4,1,1063.54,0.0,1063.54,2026-07-22T15:29:32.116024
4394,1466,15,3,478.17,0.15,1219.33,2026-07-28T17:10:32.116048
4395,1467,76,3,747.78,0.15,1906.84,2026-08-11T01:48:32.116063
4396,1467,69,2,1640.23,0.0,3280.46,2026-08-11T01:48:32.116063
4397,1467,34,1,1474.08,0.0,1474.08,2026-08-11T01:48:32.116063
4398,1467,48,3,733.85,0.0,2201.55,2026-08-11T01:48:32.116063
4399,1467,83,1,1243.0,0.15,1056.55,2026-08-11T01:48:32.116063
4400,1468,114,2,48.79,0.15,82.94,2026-05-21T02:06:32.116094
4401,1468,43,1,187.62,0.1,168.86,2026-05-21T02:06:32.116094
4402,1468,104,2,1646.45,0.15,2798.97,2026-05-21T02:06:32.116094
4403,1468,39,2,486.81,0.1,876.26,2026-05-21T02:06:32.116094
4404,1469,45,3,610.17,0.0,1830.51,2026-04-30T00:37:32.116123
4405,1469,23,2,185.54,0.0,371.08,2026-04-30T00:37:32.116123
4406,1470,21,3,579.0,0.1,1563.3,2026-05-03T11:24:32.116149
4407,1470,117,1,1381.28,0.0,1381.28,2026-05-03T11:24:32.116149
4408,1470,90,1,1214.39,0.0,1214.39,2026-05-03T11:24:32.116149
4409,1471,102,1,61.75,0.0,61.75,2026-09-04T05:58:32.116173
4410,1471,115,2,213.29,0.1,383.92,2026-09-04T05:58:32.116173
4411,1471,41,2,1658.14,0.05,3150.47,2026-09-04T05:58:32.116173
4412,1471,43,2,187.62,0.0,375.24,2026-09-04T05:58:32.116173
4413,1472,51,2,1446.49,0.0,2892.98,2026-06-15T18:38:32.116200
4414,1472,68,2,270.06,0.0,540.12,2026-06-15T18:38:32.116200
4415,1472,113,2,453.18,0.05,861.04,2026-06-15T18:38:32.116200
4416,1472,90,2,1214.39,0.0,2428.78,2026-06-15T18:38:32.116200
4417,1473,3,2,540.29,0.1,972.52,2026-04-18T09:29:32.116228
4418,1473,29,2,205.02,0.15,348.53,2026-04-18T09:29:32.116228
4419,1473,84,3,358.51,0.0,1075.53,2026-04-18T09:29:32.116228
4420,1474,71,1,684.07,0.0,684.07,2026-09-02T09:03:32.116252
4421,1475,77,1,360.14,0.05,342.13,2026-06-16T07:22:32.116267
4422,1476,95,3,237.31,0.15,605.14,2026-07-31T18:07:32.116282
4423,1476,5,2,1081.58,0.0,2163.16,2026-07-31T18:07:32.116282
4424,1476,68,2,270.06,0.0,540.12,2026-07-31T18:07:32.116282
4425,1477,3,3,540.29,0.05,1539.83,2026-05-02T12:28:32.116306
4426,1477,31,2,967.29,0.15,1644.39,2026-05-02T12:28:32.116306
4427,1477,71,1,684.07,0.1,615.66,2026-05-02T12:28:32.116306
4428,1477,79,3,219.09,0.0,657.27,2026-05-02T12:28:32.116306
4429,1478,97,3,1192.46,0.15,3040.77,2026-07-10T07:55:32.116334
4430,1478,38,3,1155.34,0.0,3466.02,2026-07-10T07:55:32.116334
4431,1478,13,2,2066.14,0.15,3512.44,2026-07-10T07:55:32.116334
4432,1479,88,1,775.06,0.0,775.06,2026-07-17T22:40:32.116358
4433,1479,68,1,270.06,0.05,256.56,2026-07-17T22:40:32.116358
4434,1479,117,1,1381.28,0.0,1381.28,2026-07-17T22:40:32.116358
4435,1480,53,2,1077.0,0.05,2046.3,2026-06-22T21:15:32.116382
4436,1481,39,1,486.81,0.1,438.13,2026-06-20T03:27:32.116397
4437,1481,113,2,453.18,0.15,770.41,2026-06-20T03:27:32.116397
4438,1482,29,1,205.02,0.15,174.27,2026-06-12T18:26:32.116417
4439,1482,80,3,596.68,0.15,1521.53,2026-06-12T18:26:32.116417
4440,1482,63,3,1474.96,0.0,4424.88,2026-06-12T18:26:32.116417
4441,1482,43,1,187.62,0.0,187.62,2026-06-12T18:26:32.116417
4442,1482,77,1,360.14,0.15,306.12,2026-06-12T18:26:32.116417
4443,1483,88,2,775.06,0.15,1317.6,2026-04-24T11:21:32.116447
4444,1483,18,2,390.89,0.0,781.78,2026-04-24T11:21:32.116447
4445,1483,53,1,1077.0,0.15,915.45,2026-04-24T11:21:32.116447
4446,1483,39,3,486.81,0.05,1387.41,2026-04-24T11:21:32.116447
4447,1483,101,3,1089.31,0.1,2941.14,2026-04-24T11:21:32.116447
4448,1484,111,1,340.18,0.1,306.16,2026-06-17T11:50:32.116479
4449,1484,88,3,775.06,0.15,1976.4,2026-06-17T11:50:32.116479
4450,1484,91,2,1357.23,0.0,2714.46,2026-06-17T11:50:32.116479
4451,1485,81,3,207.83,0.1,561.14,2026-05-03T10:41:32.116503
4452,1486,3,3,540.29,0.15,1377.74,2026-08-29T04:53:32.116518
4453,1486,63,2,1474.96,0.15,2507.43,2026-08-29T04:53:32.116518
4454,1486,32,2,1444.35,0.0,2888.7,2026-08-29T04:53:32.116518
4455,1487,3,3,540.29,0.0,1620.87,2026-05-20T16:40:32.116541
4456,1487,26,1,1615.36,0.0,1615.36,2026-05-20T16:40:32.116541
4457,1487,65,1,1979.06,0.0,1979.06,2026-05-20T16:40:32.116541
4458,1487,51,1,1446.49,0.0,1446.49,2026-05-20T16:40:32.116541
4459,1488,32,1,1444.35,0.0,1444.35,2026-07-04T22:05:32.116570
4460,1488,100,3,1296.05,0.1,3499.33,2026-07-04T22:05:32.116570
4461,1488,113,3,453.18,0.1,1223.59,2026-07-04T22:05:32.116570
4462,1488,48,3,733.85,0.0,2201.55,2026-07-04T22:05:32.116570
4463,1488,63,3,1474.96,0.0,4424.88,2026-07-04T22:05:32.116570
4464,1489,25,3,257.25,0.0,771.75,2026-05-07T14:12:32.116602
4465,1489,30,2,539.5,0.0,1079.0,2026-05-07T14:12:32.116602
4466,1489,36,2,97.84,0.0,195.68,2026-05-07T14:12:32.116602
4467,1490,61,3,1557.98,0.0,4673.94,2026-05-07T22:16:32.116626
4468,1490,40,2,693.12,0.1,1247.62,2026-05-07T22:16:32.116626
4469,1490,84,2,358.51,0.0,717.02,2026-05-07T22:16:32.116626
4470,1490,102,2,61.75,0.0,123.5,2026-05-07T22:16:32.116626
4471,1491,95,3,237.31,0.05,676.33,2026-08-07T07:21:32.116668
4472,1491,26,1,1615.36,0.05,1534.59,2026-08-07T07:21:32.116668
4473,1491,78,2,219.47,0.0,438.94,2026-08-07T07:21:32.116668
4474,1491,35,1,1414.87,0.0,1414.87,2026-08-07T07:21:32.116668
4475,1492,73,2,721.9,0.0,1443.8,2026-05-30T16:22:32.116698
4476,1492,115,3,213.29,0.0,639.87,2026-05-30T16:22:32.116698
4477,1492,46,2,25.75,0.05,48.92,2026-05-30T16:22:32.116698
4478,1493,30,1,539.5,0.05,512.52,2026-09-18T07:51:32.116721
4479,1493,49,2,342.66,0.0,685.32,2026-09-18T07:51:32.116721
4480,1493,115,3,213.29,0.1,575.88,2026-09-18T07:51:32.116721
4481,1494,37,3,591.14,0.0,1773.42,2026-09-15T16:17:32.116746
4482,1494,56,3,780.61,0.05,2224.74,2026-09-15T16:17:32.116746
4483,1494,103,2,298.36,0.15,507.21,2026-09-15T16:17:32.116746
4484,1494,82,3,1537.26,0.1,4150.6,2026-09-15T16:17:32.116746
4485,1494,40,1,693.12,0.0,693.12,2026-09-15T16:17:32.116746
4486,1495,4,1,1063.54,0.05,1010.36,2026-03-24T11:30:32.116777
4487,1495,107,1,1503.69,0.0,1503.69,2026-03-24T11:30:32.116777
4488,1495,105,2,360.47,0.0,720.94,2026-03-24T11:30:32.116777
4489,1495,37,3,591.14,0.0,1773.42,2026-03-24T11:30:32.116777
4490,1496,56,1,780.61,0.05,741.58,2026-08-08T01:15:32.116810
4491,1496,102,2,61.75,0.0,123.5,2026-08-08T01:15:32.116810
4492,1496,23,1,185.54,0.1,166.99,2026-08-08T01:15:32.116810
4493,1497,52,2,92.69,0.0,185.38,2026-06-27T13:28:32.116833
4494,1497,118,2,31.27,0.05,59.41,2026-06-27T13:28:32.116833
4495,1497,80,1,596.68,0.15,507.18,2026-06-27T13:28:32.116833
4496,1497,71,2,684.07,0.15,1162.92,2026-06-27T13:28:32.116833
4497,1498,105,2,360.47,0.0,720.94,2026-08-07T00:09:32.116861
4498,1498,29,3,205.02,0.15,522.8,2026-08-07T00:09:32.116861
4499,1498,76,3,747.78,0.1,2019.01,2026-08-07T00:09:32.116861
4500,1499,18,2,390.89,0.0,781.78,2026-06-17T20:54:32.116886
4501,1499,37,2,591.14,0.0,1182.28,2026-06-17T20:54:32.116886
4502,1499,97,2,1192.46,0.0,2384.92,2026-06-17T20:54:32.116886
4503,1500,55,1,467.36,0.0,467.36,2026-07-24T01:25:32.116909
4504,1500,48,2,733.85,0.15,1247.55,2026-07-24T01:25:32.116909
4505,1500,5,2,1081.58,0.0,2163.16,2026-07-24T01:25:32.116909
4506,1500,115,3,213.29,0.1,575.88,2026-07-24T01:25:32.116909
4507,1500,62,2,1109.18,0.05,2107.44,2026-07-24T01:25:32.116909
4508,1501,28,2,771.64,0.0,1543.28,2026-04-12T21:06:32.116942
4509,1501,79,2,219.09,0.0,438.18,2026-04-12T21:06:32.116942
4510,1502,73,3,721.9,0.15,1840.84,2026-04-05T05:37:32.116962
4511,1503,97,1,1192.46,0.05,1132.84,2026-04-15T22:05:32.116978
4512,1503,59,1,1201.61,0.1,1081.45,2026-04-15T22:05:32.116978
4513,1504,2,1,439.91,0.1,395.92,2026-06-28T18:54:32.117001
4514,1504,60,1,824.84,0.0,824.84,2026-06-28T18:54:32.117001
4515,1504,86,1,517.65,0.1,465.88,2026-06-28T18:54:32.117001
4516,1504,81,2,207.83,0.05,394.88,2026-06-28T18:54:32.117001
4517,1505,95,3,237.31,0.05,676.33,2026-09-05T04:09:32.117029
4518,1505,78,3,219.47,0.0,658.41,2026-09-05T04:09:32.117029
4519,1505,71,1,684.07,0.15,581.46,2026-09-05T04:09:32.117029
4520,1505,99,3,575.39,0.1,1553.55,2026-09-05T04:09:32.117029
4521,1505,20,1,1533.75,0.0,1533.75,2026-09-05T04:09:32.117029
4522,1506,18,3,390.89,0.15,996.77,2026-04-21T11:21:32.117062
4523,1507,2,2,439.91,0.05,835.83,2026-06-10T07:20:32.117078
4524,1507,48,3,733.85,0.0,2201.55,2026-06-10T07:20:32.117078
4525,1507,7,2,341.85,0.15,581.14,2026-06-10T07:20:32.117078
4526,1507,106,1,79.66,0.1,71.69,2026-06-10T07:20:32.117078
4527,1507,92,1,551.27,0.15,468.58,2026-06-10T07:20:32.117078
4528,1508,55,2,467.36,0.0,934.72,2026-09-09T10:38:32.117120
4529,1508,44,3,1108.44,0.05,3159.05,2026-09-09T10:38:32.117120
4530,1508,4,1,1063.54,0.1,957.19,2026-09-09T10:38:32.117120
4531,1508,93,3,81.1,0.1,218.97,2026-09-09T10:38:32.117120
4532,1509,41,1,1658.14,0.15,1409.42,2026-07-09T07:51:32.117149
4533,1509,59,1,1201.61,0.0,1201.61,2026-07-09T07:51:32.117149
4534,1510,35,1,1414.87,0.0,1414.87,2026-08-19T11:32:32.117169
4535,1510,97,1,1192.46,0.05,1132.84,2026-08-19T11:32:32.117169
4536,1510,116,3,615.12,0.05,1753.09,2026-08-19T11:32:32.117169
4537,1510,79,2,219.09,0.0,438.18,2026-08-19T11:32:32.117169
4538,1510,3,3,540.29,0.1,1458.78,2026-08-19T11:32:32.117169
4539,1511,99,3,575.39,0.0,1726.17,2026-05-13T23:10:32.117201
4540,1511,18,1,390.89,0.1,351.8,2026-05-13T23:10:32.117201
4541,1511,22,2,46.79,0.0,93.58,2026-05-13T23:10:32.117201
4542,1512,95,2,237.31,0.1,427.16,2026-05-05T08:41:32.117224
4543,1512,100,2,1296.05,0.15,2203.28,2026-05-05T08:41:32.117224
4544,1512,15,1,478.17,0.0,478.17,2026-05-05T08:41:32.117224
4545,1512,43,2,187.62,0.0,375.24,2026-05-05T08:41:32.117224
4546,1513,89,1,493.15,0.0,493.15,2026-06-19T11:12:32.117253
4547,1513,74,1,377.0,0.05,358.15,2026-06-19T11:12:32.117253
4548,1513,22,3,46.79,0.1,126.33,2026-06-19T11:12:32.117253
4549,1513,43,3,187.62,0.0,562.86,2026-06-19T11:12:32.117253
4550,1513,90,1,1214.39,0.05,1153.67,2026-06-19T11:12:32.117253
4551,1514,98,1,643.73,0.0,643.73,2026-04-22T10:13:32.117285
4552,1514,15,2,478.17,0.05,908.52,2026-04-22T10:13:32.117285
4553,1514,99,2,575.39,0.1,1035.7,2026-04-22T10:13:32.117285
4554,1514,81,3,207.83,0.15,529.97,2026-04-22T10:13:32.117285
4555,1515,74,1,377.0,0.15,320.45,2026-08-10T01:44:32.117314
4556,1515,100,3,1296.05,0.0,3888.15,2026-08-10T01:44:32.117314
4557,1515,99,2,575.39,0.1,1035.7,2026-08-10T01:44:32.117314
4558,1515,48,1,733.85,0.0,733.85,2026-08-10T01:44:32.117314
4559,1516,82,2,1537.26,0.05,2920.79,2026-05-11T21:00:32.117342
4560,1517,65,3,1979.06,0.1,5343.46,2026-09-08T19:49:32.117358
4561,1518,23,2,185.54,0.0,371.08,2026-05-13T09:41:32.117374
4562,1518,38,3,1155.34,0.05,3292.72,2026-05-13T09:41:32.117374
4563,1519,7,2,341.85,0.05,649.51,2026-09-10T03:56:32.117393
4564,1519,53,3,1077.0,0.05,3069.45,2026-09-10T03:56:32.117393
4565,1519,92,3,551.27,0.15,1405.74,2026-09-10T03:56:32.117393
4566,1519,49,3,342.66,0.15,873.78,2026-09-10T03:56:32.117393
4567,1519,2,2,439.91,0.05,835.83,2026-09-10T03:56:32.117393
4568,1520,94,2,115.87,0.15,196.98,2026-09-19T18:33:32.117426
4569,1520,102,2,61.75,0.1,111.15,2026-09-19T18:33:32.117426
4570,1521,114,3,48.79,0.15,124.41,2026-06-05T08:07:32.117452
4571,1521,79,2,219.09,0.05,416.27,2026-06-05T08:07:32.117452
4572,1521,26,1,1615.36,0.0,1615.36,2026-06-05T08:07:32.117452
4573,1521,10,3,858.14,0.0,2574.42,2026-06-05T08:07:32.117452
4574,1522,63,2,1474.96,0.0,2949.92,2026-08-13T15:18:32.117481
4575,1522,2,1,439.91,0.15,373.92,2026-08-13T15:18:32.117481
4576,1523,82,2,1537.26,0.05,2920.79,2026-05-06T22:44:32.117500
4577,1523,78,2,219.47,0.1,395.05,2026-05-06T22:44:32.117500
4578,1523,104,1,1646.45,0.1,1481.81,2026-05-06T22:44:32.117500
4579,1523,90,3,1214.39,0.0,3643.17,2026-05-06T22:44:32.117500
4580,1524,31,3,967.29,0.15,2466.59,2026-03-25T10:19:32.117529
4581,1524,66,1,116.43,0.15,98.97,2026-03-25T10:19:32.117529
4582,1525,42,2,430.69,0.15,732.17,2026-08-02T07:15:32.117551
4583,1525,45,3,610.17,0.05,1738.98,2026-08-02T07:15:32.117551
4584,1525,101,3,1089.31,0.0,3267.93,2026-08-02T07:15:32.117551
4585,1525,62,3,1109.18,0.15,2828.41,2026-08-02T07:15:32.117551
4586,1525,23,3,185.54,0.15,473.13,2026-08-02T07:15:32.117551
4587,1526,73,2,721.9,0.15,1227.23,2026-07-29T01:58:32.117584
4588,1526,107,3,1503.69,0.1,4059.96,2026-07-29T01:58:32.117584
4589,1526,14,3,287.84,0.1,777.17,2026-07-29T01:58:32.117584
4590,1527,20,1,1533.75,0.1,1380.38,2026-04-12T17:25:32.117607
4591,1527,14,1,287.84,0.15,244.66,2026-04-12T17:25:32.117607
4592,1527,46,1,25.75,0.05,24.46,2026-04-12T17:25:32.117607
4593,1527,40,3,693.12,0.15,1767.46,2026-04-12T17:25:32.117607
4594,1527,99,2,575.39,0.1,1035.7,2026-04-12T17:25:32.117607
4595,1528,8,3,104.24,0.15,265.81,2026-04-07T13:25:32.117639
4596,1529,107,3,1503.69,0.0,4511.07,2026-08-26T00:36:32.117655
4597,1529,14,3,287.84,0.0,863.52,2026-08-26T00:36:32.117655
4598,1529,77,3,360.14,0.15,918.36,2026-08-26T00:36:32.117655
4599,1529,23,3,185.54,0.0,556.62,2026-08-26T00:36:32.117655
4600,1530,115,3,213.29,0.05,607.88,2026-06-05T10:28:32.117682
4601,1530,38,2,1155.34,0.0,2310.68,2026-06-05T10:28:32.117682
4602,1530,22,1,46.79,0.1,42.11,2026-06-05T10:28:32.117682
4603,1530,54,1,1652.43,0.0,1652.43,2026-06-05T10:28:32.117682
4604,1530,60,3,824.84,0.05,2350.79,2026-06-05T10:28:32.117682
4605,1531,115,3,213.29,0.1,575.88,2026-08-27T23:06:32.117713
4606,1531,17,2,1226.38,0.1,2207.48,2026-08-27T23:06:32.117713
4607,1531,68,3,270.06,0.05,769.67,2026-08-27T23:06:32.117713
4608,1532,74,1,377.0,0.15,320.45,2026-04-16T02:58:32.117738
4609,1532,35,3,1414.87,0.15,3607.92,2026-04-16T02:58:32.117738
4610,1532,82,2,1537.26,0.0,3074.52,2026-04-16T02:58:32.117738
4611,1532,38,1,1155.34,0.15,982.04,2026-04-16T02:58:32.117738
4612,1533,90,2,1214.39,0.1,2185.9,2026-06-26T00:58:32.117765
4613,1533,23,2,185.54,0.0,371.08,2026-06-26T00:58:32.117765
4614,1533,68,1,270.06,0.0,270.06,2026-06-26T00:58:32.117765
4615,1533,46,2,25.75,0.0,51.5,2026-06-26T00:58:32.117765
4616,1533,26,3,1615.36,0.0,4846.08,2026-06-26T00:58:32.117765
4617,1534,68,2,270.06,0.1,486.11,2026-03-27T21:12:32.117798
4618,1534,102,2,61.75,0.0,123.5,2026-03-27T21:12:32.117798
4619,1535,20,3,1533.75,0.1,4141.12,2026-09-13T12:55:32.117819
4620,1535,98,1,643.73,0.0,643.73,2026-09-13T12:55:32.117819
4621,1536,39,3,486.81,0.05,1387.41,2026-04-16T19:08:32.117839
4622,1536,54,3,1652.43,0.05,4709.43,2026-04-16T19:08:32.117839
4623,1537,46,1,25.75,0.0,25.75,2026-08-30T11:31:32.117859
4624,1537,55,2,467.36,0.1,841.25,2026-08-30T11:31:32.117859
4625,1537,73,3,721.9,0.0,2165.7,2026-08-30T11:31:32.117859
4626,1537,83,3,1243.0,0.05,3542.55,2026-08-30T11:31:32.117859
4627,1537,52,3,92.69,0.15,236.36,2026-08-30T11:31:32.117859
4628,1538,84,2,358.51,0.15,609.47,2026-08-28T02:00:32.117893
4629,1538,53,1,1077.0,0.05,1023.15,2026-08-28T02:00:32.117893
4630,1538,62,2,1109.18,0.1,1996.52,2026-08-28T02:00:32.117893
4631,1539,101,3,1089.31,0.0,3267.93,2026-09-03T04:43:32.117918
4632,1539,98,2,643.73,0.15,1094.34,2026-09-03T04:43:32.117918
4633,1539,88,2,775.06,0.15,1317.6,2026-09-03T04:43:32.117918
4634,1539,73,2,721.9,0.05,1371.61,2026-09-03T04:43:32.117918
4635,1539,117,3,1381.28,0.0,4143.84,2026-09-03T04:43:32.117918
4636,1540,5,1,1081.58,0.05,1027.5,2026-07-04T18:21:32.117951
4637,1540,77,2,360.14,0.1,648.25,2026-07-04T18:21:32.117951
4638,1540,37,3,591.14,0.1,1596.08,2026-07-04T18:21:32.117951
4639,1541,90,3,1214.39,0.1,3278.85,2026-05-24T21:52:32.117976
4640,1541,31,1,967.29,0.1,870.56,2026-05-24T21:52:32.117976
4641,1541,34,1,1474.08,0.0,1474.08,2026-05-24T21:52:32.117976
4642,1541,18,1,390.89,0.0,390.89,2026-05-24T21:52:32.117976
4643,1542,84,2,358.51,0.05,681.17,2026-08-24T23:34:32.118003
4644,1542,30,3,539.5,0.15,1375.72,2026-08-24T23:34:32.118003
4645,1542,27,2,271.84,0.15,462.13,2026-08-24T23:34:32.118003
4646,1542,68,1,270.06,0.05,256.56,2026-08-24T23:34:32.118003
4647,1542,72,2,856.16,0.0,1712.32,2026-08-24T23:34:32.118003
4648,1543,55,3,467.36,0.0,1402.08,2026-04-29T22:40:32.118046
4649,1543,42,3,430.69,0.1,1162.86,2026-04-29T22:40:32.118046
4650,1543,20,3,1533.75,0.0,4601.25,2026-04-29T22:40:32.118046
4651,1543,22,3,46.79,0.05,133.35,2026-04-29T22:40:32.118046
4652,1543,109,2,1094.28,0.0,2188.56,2026-04-29T22:40:32.118046
4653,1544,45,1,610.17,0.05,579.66,2026-08-08T20:00:32.118079
4654,1544,43,1,187.62,0.0,187.62,2026-08-08T20:00:32.118079
4655,1544,22,1,46.79,0.15,39.77,2026-08-08T20:00:32.118079
4656,1545,44,3,1108.44,0.0,3325.32,2026-04-12T08:06:32.118104
4657,1545,38,1,1155.34,0.15,982.04,2026-04-12T08:06:32.118104
4658,1545,94,1,115.87,0.15,98.49,2026-04-12T08:06:32.118104
4659,1545,39,1,486.81,0.15,413.79,2026-04-12T08:06:32.118104
4660,1546,29,2,205.02,0.1,369.04,2026-08-18T12:27:32.118139
4661,1546,65,3,1979.06,0.0,5937.18,2026-08-18T12:27:32.118139
4662,1546,53,2,1077.0,0.15,1830.9,2026-08-18T12:27:32.118139
4663,1546,88,2,775.06,0.15,1317.6,2026-08-18T12:27:32.118139
4664,1547,62,3,1109.18,0.05,3161.16,2026-08-31T22:13:32.118172
4665,1547,37,1,591.14,0.0,591.14,2026-08-31T22:13:32.118172
4666,1547,71,1,684.07,0.0,684.07,2026-08-31T22:13:32.118172
4667,1547,29,3,205.02,0.05,584.31,2026-08-31T22:13:32.118172
4668,1547,99,1,575.39,0.05,546.62,2026-08-31T22:13:32.118172
4669,1548,106,3,79.66,0.0,238.98,2026-04-25T15:23:32.118204
4670,1549,108,3,407.19,0.0,1221.57,2026-06-11T03:56:32.118220
4671,1549,60,2,824.84,0.05,1567.2,2026-06-11T03:56:32.118220
4672,1549,45,3,610.17,0.0,1830.51,2026-06-11T03:56:32.118220
4673,1549,84,1,358.51,0.0,358.51,2026-06-11T03:56:32.118220
4674,1550,15,2,478.17,0.05,908.52,2026-07-25T21:01:32.118248
4675,1550,42,3,430.69,0.0,1292.07,2026-07-25T21:01:32.118248
4676,1551,54,3,1652.43,0.0,4957.29,2026-04-20T01:52:32.118270
4677,1551,8,1,104.24,0.05,99.03,2026-04-20T01:52:32.118270
4678,1551,56,2,780.61,0.1,1405.1,2026-04-20T01:52:32.118270
4679,1551,77,2,360.14,0.0,720.28,2026-04-20T01:52:32.118270
4680,1551,20,2,1533.75,0.0,3067.5,2026-04-20T01:52:32.118270
4681,1552,60,3,824.84,0.0,2474.52,2026-06-15T07:36:32.118301
4682,1552,63,2,1474.96,0.15,2507.43,2026-06-15T07:36:32.118301
4683,1552,43,1,187.62,0.0,187.62,2026-06-15T07:36:32.118301
4684,1552,27,1,271.84,0.05,258.25,2026-06-15T07:36:32.118301
4685,1553,5,3,1081.58,0.0,3244.74,2026-03-29T22:15:32.118330
4686,1554,15,3,478.17,0.0,1434.51,2026-03-28T03:57:32.118346
4687,1555,54,2,1652.43,0.0,3304.86,2026-07-30T09:50:32.118361
4688,1555,41,1,1658.14,0.0,1658.14,2026-07-30T09:50:32.118361
4689,1555,102,1,61.75,0.05,58.66,2026-07-30T09:50:32.118361
4690,1555,20,1,1533.75,0.0,1533.75,2026-07-30T09:50:32.118361
4691,1555,89,2,493.15,0.0,986.3,2026-07-30T09:50:32.118361
4692,1556,46,2,25.75,0.0,51.5,2026-05-01T14:01:32.118396
4693,1556,44,2,1108.44,0.15,1884.35,2026-05-01T14:01:32.118396
4694,1556,14,1,287.84,0.15,244.66,2026-05-01T14:01:32.118396
4695,1556,84,2,358.51,0.05,681.17,2026-05-01T14:01:32.118396
4696,1557,6,2,1554.13,0.1,2797.43,2026-08-30T08:36:32.118425
4697,1557,8,2,104.24,0.1,187.63,2026-08-30T08:36:32.118425
4698,1558,42,2,430.69,0.1,775.24,2026-04-09T18:15:32.118446
4699,1558,23,3,185.54,0.1,500.96,2026-04-09T18:15:32.118446
4700,1558,19,2,1096.11,0.0,2192.22,2026-04-09T18:15:32.118446
4701,1559,88,3,775.06,0.0,2325.18,2026-05-20T13:13:32.118471
4702,1559,20,2,1533.75,0.15,2607.38,2026-05-20T13:13:32.118471
4703,1559,49,3,342.66,0.05,976.58,2026-05-20T13:13:32.118471
4704,1559,83,1,1243.0,0.0,1243.0,2026-05-20T13:13:32.118471
4705,1559,74,3,377.0,0.05,1074.45,2026-05-20T13:13:32.118471
4706,1560,30,2,539.5,0.0,1079.0,2026-06-26T08:57:32.118506
4707,1560,21,3,579.0,0.05,1650.15,2026-06-26T08:57:32.118506
4708,1560,111,2,340.18,0.0,680.36,2026-06-26T08:57:32.118506
4709,1560,78,3,219.47,0.0,658.41,2026-06-26T08:57:32.118506
4710,1560,83,1,1243.0,0.1,1118.7,2026-06-26T08:57:32.118506
4711,1561,36,3,97.84,0.0,293.52,2026-06-09T01:21:32.118541
4712,1562,34,2,1474.08,0.1,2653.34,2026-03-24T12:19:32.118557
4713,1562,7,1,341.85,0.1,307.67,2026-03-24T12:19:32.118557
4714,1562,14,2,287.84,0.0,575.68,2026-03-24T12:19:32.118557
4715,1562,5,3,1081.58,0.15,2758.03,2026-03-24T12:19:32.118557
4716,1563,71,1,684.07,0.15,581.46,2026-08-04T14:43:32.118587
4717,1563,4,1,1063.54,0.1,957.19,2026-08-04T14:43:32.118587
4718,1564,66,1,116.43,0.0,116.43,2026-07-29T17:12:32.118607
4719,1565,105,3,360.47,0.15,919.2,2026-07-06T14:28:32.118623
4720,1565,29,2,205.02,0.1,369.04,2026-07-06T14:28:32.118623
4721,1565,34,1,1474.08,0.0,1474.08,2026-07-06T14:28:32.118623
4722,1565,25,2,257.25,0.0,514.5,2026-07-06T14:28:32.118623
4723,1565,32,3,1444.35,0.15,3683.09,2026-07-06T14:28:32.118623
4724,1566,105,2,360.47,0.0,720.94,2026-05-26T05:01:32.118660
4725,1566,82,2,1537.26,0.0,3074.52,2026-05-26T05:01:32.118660
4726,1566,72,2,856.16,0.0,1712.32,2026-05-26T05:01:32.118660
4727,1566,102,2,61.75,0.05,117.32,2026-05-26T05:01:32.118660
4728,1567,101,3,1089.31,0.05,3104.53,2026-04-22T08:37:32.118688
4729,1567,77,2,360.14,0.0,720.28,2026-04-22T08:37:32.118688
4730,1567,113,3,453.18,0.05,1291.56,2026-04-22T08:37:32.118688
4731,1567,52,2,92.69,0.1,166.84,2026-04-22T08:37:32.118688
4732,1568,90,1,1214.39,0.0,1214.39,2026-07-04T00:02:32.118716
4733,1568,50,2,935.89,0.0,1871.78,2026-07-04T00:02:32.118716
4734,1568,113,1,453.18,0.05,430.52,2026-07-04T00:02:32.118716
4735,1568,80,3,596.68,0.0,1790.04,2026-07-04T00:02:32.118716
4736,1569,105,3,360.47,0.0,1081.41,2026-09-19T20:22:32.118747
4737,1569,93,1,81.1,0.15,68.93,2026-09-19T20:22:32.118747
4738,1569,40,3,693.12,0.15,1767.46,2026-09-19T20:22:32.118747
4739,1570,63,2,1474.96,0.0,2949.92,2026-07-27T23:32:32.118771
4740,1570,78,1,219.47,0.0,219.47,2026-07-27T23:32:32.118771
4741,1570,21,2,579.0,0.0,1158.0,2026-07-27T23:32:32.118771
4742,1570,46,3,25.75,0.1,69.53,2026-07-27T23:32:32.118771
4743,1570,94,1,115.87,0.15,98.49,2026-07-27T23:32:32.118771
4744,1571,28,2,771.64,0.05,1466.12,2026-08-28T06:52:32.118803
4745,1571,61,1,1557.98,0.1,1402.18,2026-08-28T06:52:32.118803
4746,1571,82,2,1537.26,0.05,2920.79,2026-08-28T06:52:32.118803
4747,1571,38,2,1155.34,0.05,2195.15,2026-08-28T06:52:32.118803
4748,1572,50,3,935.89,0.15,2386.52,2026-08-22T14:35:32.118831
4749,1573,47,3,1270.2,0.0,3810.6,2026-05-12T07:45:32.118847
4750,1574,6,3,1554.13,0.1,4196.15,2026-07-26T11:32:32.118864
4751,1574,94,2,115.87,0.0,231.74,2026-07-26T11:32:32.118864
4752,1575,101,3,1089.31,0.15,2777.74,2026-09-20T00:20:32.118885
4753,1575,19,1,1096.11,0.0,1096.11,2026-09-20T00:20:32.118885
4754,1575,114,3,48.79,0.15,124.41,2026-09-20T00:20:32.118885
4755,1575,109,2,1094.28,0.0,2188.56,2026-09-20T00:20:32.118885
4756,1575,92,3,551.27,0.0,1653.81,2026-09-20T00:20:32.118885
4757,1576,115,1,213.29,0.1,191.96,2026-04-09T04:01:32.118917
4758,1576,79,1,219.09,0.0,219.09,2026-04-09T04:01:32.118917
4759,1576,34,3,1474.08,0.0,4422.24,2026-04-09T04:01:32.118917
4760,1576,5,1,1081.58,0.05,1027.5,2026-04-09T04:01:32.118917
4761,1576,95,3,237.31,0.0,711.93,2026-04-09T04:01:32.118917
4762,1577,15,3,478.17,0.0,1434.51,2026-04-11T02:50:32.118952
4763,1578,40,1,693.12,0.0,693.12,2026-07-20T01:11:32.118968
4764,1578,91,3,1357.23,0.15,3460.94,2026-07-20T01:11:32.118968
4765,1578,20,1,1533.75,0.0,1533.75,2026-07-20T01:11:32.118968
4766,1578,120,1,1388.53,0.05,1319.1,2026-07-20T01:11:32.118968
4767,1579,91,2,1357.23,0.0,2714.46,2026-06-27T16:30:32.118998
4768,1580,19,1,1096.11,0.0,1096.11,2026-04-09T19:21:32.119015
4769,1580,113,3,453.18,0.15,1155.61,2026-04-09T19:21:32.119015
4770,1580,12,3,1208.52,0.1,3263.0,2026-04-09T19:21:32.119015
4771,1581,70,2,518.03,0.15,880.65,2026-04-25T14:25:32.119040
4772,1581,88,2,775.06,0.0,1550.12,2026-04-25T14:25:32.119040
4773,1581,118,2,31.27,0.1,56.29,2026-04-25T14:25:32.119040
4774,1581,6,1,1554.13,0.0,1554.13,2026-04-25T14:25:32.119040
4775,1582,19,3,1096.11,0.0,3288.33,2026-09-03T23:12:32.119068
4776,1582,46,2,25.75,0.15,43.77,2026-09-03T23:12:32.119068
4777,1582,108,1,407.19,0.0,407.19,2026-09-03T23:12:32.119068
4778,1582,53,3,1077.0,0.05,3069.45,2026-09-03T23:12:32.119068
4779,1583,52,3,92.69,0.0,278.07,2026-03-26T19:30:32.119098
4780,1583,8,3,104.24,0.0,312.72,2026-03-26T19:30:32.119098
4781,1583,49,3,342.66,0.0,1027.98,2026-03-26T19:30:32.119098
4782,1583,90,2,1214.39,0.0,2428.78,2026-03-26T19:30:32.119098
4783,1583,108,3,407.19,0.0,1221.57,2026-03-26T19:30:32.119098
4784,1584,111,2,340.18,0.0,680.36,2026-07-19T10:17:32.119130
4785,1584,88,1,775.06,0.0,775.06,2026-07-19T10:17:32.119130
4786,1584,29,2,205.02,0.05,389.54,2026-07-19T10:17:32.119130
4787,1585,107,2,1503.69,0.0,3007.38,2026-06-01T14:00:32.119154
4788,1585,18,3,390.89,0.0,1172.67,2026-06-01T14:00:32.119154
4789,1585,93,3,81.1,0.05,231.13,2026-06-01T14:00:32.119154
4790,1586,29,1,205.02,0.15,174.27,2026-05-01T09:05:32.119180
4791,1586,91,3,1357.23,0.05,3868.11,2026-05-01T09:05:32.119180
4792,1586,19,3,1096.11,0.0,3288.33,2026-05-01T09:05:32.119180
4793,1587,13,1,2066.14,0.1,1859.53,2026-04-10T09:22:32.119204
4794,1587,107,1,1503.69,0.15,1278.14,2026-04-10T09:22:32.119204
4795,1588,102,2,61.75,0.0,123.5,2026-07-11T10:19:32.119226
4796,1588,92,2,551.27,0.0,1102.54,2026-07-11T10:19:32.119226
4797,1588,32,3,1444.35,0.15,3683.09,2026-07-11T10:19:32.119226
4798,1589,2,1,439.91,0.0,439.91,2026-06-27T22:11:32.119251
4799,1589,6,3,1554.13,0.0,4662.39,2026-06-27T22:11:32.119251
4800,1589,34,1,1474.08,0.0,1474.08,2026-06-27T22:11:32.119251
4801,1589,115,2,213.29,0.0,426.58,2026-06-27T22:11:32.119251
4802,1589,78,3,219.47,0.0,658.41,2026-06-27T22:11:32.119251
4803,1590,34,3,1474.08,0.0,4422.24,2026-04-08T20:08:32.119288
4804,1590,21,2,579.0,0.0,1158.0,2026-04-08T20:08:32.119288
4805,1590,43,2,187.62,0.1,337.72,2026-04-08T20:08:32.119288
4806,1591,31,3,967.29,0.15,2466.59,2026-06-10T21:10:32.119317
4807,1591,91,3,1357.23,0.0,4071.69,2026-06-10T21:10:32.119317
4808,1591,65,1,1979.06,0.05,1880.11,2026-06-10T21:10:32.119317
4809,1591,73,3,721.9,0.0,2165.7,2026-06-10T21:10:32.119317
4810,1592,97,3,1192.46,0.15,3040.77,2026-08-27T00:47:32.119350
4811,1593,42,3,430.69,0.1,1162.86,2026-09-16T10:35:32.119366
4812,1593,97,1,1192.46,0.0,1192.46,2026-09-16T10:35:32.119366
4813,1593,65,1,1979.06,0.0,1979.06,2026-09-16T10:35:32.119366
4814,1593,14,2,287.84,0.0,575.68,2026-09-16T10:35:32.119366
4815,1593,62,2,1109.18,0.0,2218.36,2026-09-16T10:35:32.119366
4816,1594,90,3,1214.39,0.0,3643.17,2026-04-22T23:44:32.119398
4817,1595,73,3,721.9,0.05,2057.41,2026-08-31T04:56:32.119414
4818,1595,6,3,1554.13,0.0,4662.39,2026-08-31T04:56:32.119414
4819,1596,95,2,237.31,0.0,474.62,2026-09-19T02:35:32.119436
4820,1596,88,2,775.06,0.1,1395.11,2026-09-19T02:35:32.119436
4821,1596,14,2,287.84,0.1,518.11,2026-09-19T02:35:32.119436
4822,1596,73,1,721.9,0.1,649.71,2026-09-19T02:35:32.119436
4823,1596,83,2,1243.0,0.05,2361.7,2026-09-19T02:35:32.119436
4824,1597,6,1,1554.13,0.0,1554.13,2026-07-09T05:31:32.119470
4825,1597,99,2,575.39,0.0,1150.78,2026-07-09T05:31:32.119470
4826,1597,4,3,1063.54,0.05,3031.09,2026-07-09T05:31:32.119470
4827,1597,74,2,377.0,0.15,640.9,2026-07-09T05:31:32.119470
4828,1597,97,1,1192.46,0.0,1192.46,2026-07-09T05:31:32.119470
4829,1598,3,2,540.29,0.0,1080.58,2026-08-03T11:00:32.119502
4830,1598,65,1,1979.06,0.0,1979.06,2026-08-03T11:00:32.119502
4831,1599,116,1,615.12,0.0,615.12,2026-08-23T17:57:32.119523
4832,1599,103,3,298.36,0.1,805.57,2026-08-23T17:57:32.119523
4833,1599,106,3,79.66,0.0,238.98,2026-08-23T17:57:32.119523
4834,1599,102,3,61.75,0.0,185.25,2026-08-23T17:57:32.119523
4835,1599,114,2,48.79,0.0,97.58,2026-08-23T17:57:32.119523
4836,1600,87,2,1696.52,0.0,3393.04,2026-06-16T08:47:32.119555
4837,1600,14,2,287.84,0.1,518.11,2026-06-16T08:47:32.119555
4838,1600,80,1,596.68,0.0,596.68,2026-06-16T08:47:32.119555
4839,1601,108,3,407.19,0.0,1221.57,2026-07-03T03:26:32.119581
4840,1601,12,3,1208.52,0.0,3625.56,2026-07-03T03:26:32.119581
4841,1602,60,3,824.84,0.0,2474.52,2026-07-07T21:42:32.119601
4842,1603,104,3,1646.45,0.05,4692.38,2026-09-12T04:37:32.119617
4843,1603,23,2,185.54,0.1,333.97,2026-09-12T04:37:32.119617
4844,1603,53,1,1077.0,0.1,969.3,2026-09-12T04:37:32.119617
4845,1604,21,1,579.0,0.1,521.1,2026-06-14T12:10:32.119641
4846,1604,91,3,1357.23,0.0,4071.69,2026-06-14T12:10:32.119641
4847,1605,86,1,517.65,0.0,517.65,2026-09-19T11:12:32.119660
4848,1605,23,1,185.54,0.0,185.54,2026-09-19T11:12:32.119660
4849,1605,55,1,467.36,0.05,443.99,2026-09-19T11:12:32.119660
4850,1606,74,3,377.0,0.1,1017.9,2026-09-06T17:41:32.119685
4851,1607,21,1,579.0,0.15,492.15,2026-06-20T06:37:32.119700
4852,1608,89,1,493.15,0.0,493.15,2026-05-22T10:21:32.119718
4853,1608,82,2,1537.26,0.15,2613.34,2026-05-22T10:21:32.119718
4854,1608,106,1,79.66,0.0,79.66,2026-05-22T10:21:32.119718
4855,1608,5,2,1081.58,0.1,1946.84,2026-05-22T10:21:32.119718
4856,1609,66,1,116.43,0.15,98.97,2026-04-22T16:07:32.119746
4857,1609,74,2,377.0,0.15,640.9,2026-04-22T16:07:32.119746
4858,1609,88,2,775.06,0.0,1550.12,2026-04-22T16:07:32.119746
4859,1610,4,3,1063.54,0.0,3190.62,2026-05-22T09:40:32.119772
4860,1610,26,2,1615.36,0.0,3230.72,2026-05-22T09:40:32.119772
4861,1610,27,1,271.84,0.05,258.25,2026-05-22T09:40:32.119772
4862,1610,6,1,1554.13,0.05,1476.42,2026-05-22T09:40:32.119772
4863,1611,30,2,539.5,0.0,1079.0,2026-09-01T19:45:32.119800
4864,1611,43,2,187.62,0.05,356.48,2026-09-01T19:45:32.119800
4865,1611,88,2,775.06,0.0,1550.12,2026-09-01T19:45:32.119800
4866,1611,52,1,92.69,0.0,92.69,2026-09-01T19:45:32.119800
4867,1611,70,3,518.03,0.05,1476.39,2026-09-01T19:45:32.119800
4868,1612,6,3,1554.13,0.0,4662.39,2026-04-06T23:05:32.119835
4869,1612,95,1,237.31,0.0,237.31,2026-04-06T23:05:32.119835
4870,1612,42,2,430.69,0.0,861.38,2026-04-06T23:05:32.119835
4871,1612,113,1,453.18,0.15,385.2,2026-04-06T23:05:32.119835
4872,1613,53,3,1077.0,0.05,3069.45,2026-09-19T17:04:32.119863
4873,1614,92,3,551.27,0.05,1571.12,2026-09-12T15:19:32.119879
4874,1614,43,1,187.62,0.0,187.62,2026-09-12T15:19:32.119879
4875,1614,71,1,684.07,0.15,581.46,2026-09-12T15:19:32.119879
4876,1615,68,1,270.06,0.0,270.06,2026-04-12T19:02:32.119903
4877,1615,72,3,856.16,0.1,2311.63,2026-04-12T19:02:32.119903
4878,1616,71,3,684.07,0.05,1949.6,2026-06-14T04:00:32.119923
4879,1617,93,1,81.1,0.15,68.93,2026-05-28T09:01:32.119939
4880,1617,13,2,2066.14,0.1,3719.05,2026-05-28T09:01:32.119939
4881,1617,78,3,219.47,0.1,592.57,2026-05-28T09:01:32.119939
4882,1618,61,3,1557.98,0.0,4673.94,2026-06-10T16:18:32.119965
4883,1619,71,1,684.07,0.1,615.66,2026-05-06T22:57:32.119981
4884,1619,28,1,771.64,0.0,771.64,2026-05-06T22:57:32.119981
4885,1620,42,1,430.69,0.15,366.09,2026-07-07T15:28:32.120000
4886,1620,15,3,478.17,0.0,1434.51,2026-07-07T15:28:32.120000
4887,1620,44,2,1108.44,0.0,2216.88,2026-07-07T15:28:32.120000
4888,1620,30,2,539.5,0.0,1079.0,2026-07-07T15:28:32.120000
4889,1621,113,3,453.18,0.0,1359.54,2026-06-06T03:11:32.120029
4890,1621,86,3,517.65,0.1,1397.65,2026-06-06T03:11:32.120029
4891,1621,20,3,1533.75,0.1,4141.12,2026-06-06T03:11:32.120029
4892,1621,101,1,1089.31,0.0,1089.31,2026-06-06T03:11:32.120029
4893,1622,106,3,79.66,0.0,238.98,2026-03-31T03:11:32.120058
4894,1622,31,1,967.29,0.1,870.56,2026-03-31T03:11:32.120058
4895,1622,105,3,360.47,0.05,1027.34,2026-03-31T03:11:32.120058
4896,1623,19,3,1096.11,0.15,2795.08,2026-09-14T17:58:32.120083
4897,1623,31,1,967.29,0.0,967.29,2026-09-14T17:58:32.120083
4898,1624,114,1,48.79,0.0,48.79,2026-04-21T04:59:32.120102
4899,1624,71,1,684.07,0.1,615.66,2026-04-21T04:59:32.120102
4900,1624,81,3,207.83,0.0,623.49,2026-04-21T04:59:32.120102
4901,1624,31,3,967.29,0.15,2466.59,2026-04-21T04:59:32.120102
4902,1625,63,3,1474.96,0.05,4203.64,2026-04-02T01:21:32.120131
4903,1625,19,3,1096.11,0.0,3288.33,2026-04-02T01:21:32.120131
4904,1626,73,3,721.9,0.15,1840.84,2026-06-28T23:17:32.120151
4905,1626,100,1,1296.05,0.0,1296.05,2026-06-28T23:17:32.120151
4906,1626,115,1,213.29,0.1,191.96,2026-06-28T23:17:32.120151
4907,1627,108,2,407.19,0.0,814.38,2026-04-17T14:42:32.120175
4908,1627,43,1,187.62,0.0,187.62,2026-04-17T14:42:32.120175
4909,1628,113,1,453.18,0.0,453.18,2026-05-22T08:45:32.120194
4910,1629,86,1,517.65,0.0,517.65,2026-06-18T09:06:32.120211
4911,1629,58,3,936.72,0.1,2529.14,2026-06-18T09:06:32.120211
4912,1630,46,1,25.75,0.15,21.89,2026-08-17T08:21:32.120233
4913,1630,48,2,733.85,0.05,1394.32,2026-08-17T08:21:32.120233
4914,1631,100,2,1296.05,0.0,2592.1,2026-06-30T16:02:32.120252
4915,1631,15,2,478.17,0.0,956.34,2026-06-30T16:02:32.120252
4916,1631,14,3,287.84,0.0,863.52,2026-06-30T16:02:32.120252
4917,1631,80,3,596.68,0.0,1790.04,2026-06-30T16:02:32.120252
4918,1632,49,2,342.66,0.0,685.32,2026-04-27T12:27:32.120281
4919,1632,92,1,551.27,0.15,468.58,2026-04-27T12:27:32.120281
4920,1632,22,2,46.79,0.0,93.58,2026-04-27T12:27:32.120281
4921,1632,29,1,205.02,0.0,205.02,2026-04-27T12:27:32.120281
4922,1632,19,2,1096.11,0.1,1973.0,2026-04-27T12:27:32.120281
4923,1633,101,1,1089.31,0.0,1089.31,2026-04-17T08:32:32.120313
4924,1633,58,3,936.72,0.15,2388.64,2026-04-17T08:32:32.120313
4925,1633,111,2,340.18,0.05,646.34,2026-04-17T08:32:32.120313
4926,1634,83,3,1243.0,0.0,3729.0,2026-08-21T15:36:32.120338
4927,1634,28,3,771.64,0.05,2199.17,2026-08-21T15:36:32.120338
4928,1635,32,3,1444.35,0.0,4333.05,2026-08-23T19:48:32.120358
4929,1635,20,2,1533.75,0.05,2914.12,2026-08-23T19:48:32.120358
4930,1635,104,1,1646.45,0.0,1646.45,2026-08-23T19:48:32.120358
4931,1636,99,1,575.39,0.15,489.08,2026-04-22T19:46:32.120381
4932,1636,34,3,1474.08,0.05,4201.13,2026-04-22T19:46:32.120381
4933,1636,80,1,596.68,0.0,596.68,2026-04-22T19:46:32.120381
4934,1636,53,1,1077.0,0.0,1077.0,2026-04-22T19:46:32.120381
4935,1637,100,1,1296.05,0.0,1296.05,2026-07-20T01:58:32.120409
4936,1637,108,3,407.19,0.05,1160.49,2026-07-20T01:58:32.120409
4937,1637,74,2,377.0,0.15,640.9,2026-07-20T01:58:32.120409
4938,1637,2,1,439.91,0.15,373.92,2026-07-20T01:58:32.120409
4939,1638,21,3,579.0,0.0,1737.0,2026-06-05T20:12:32.120439
4940,1638,4,3,1063.54,0.05,3031.09,2026-06-05T20:12:32.120439
4941,1638,111,1,340.18,0.0,340.18,2026-06-05T20:12:32.120439
4942,1639,71,2,684.07,0.0,1368.14,2026-06-17T00:05:32.120463
4943,1640,13,2,2066.14,0.0,4132.28,2026-04-15T21:56:32.120479
4944,1640,35,1,1414.87,0.1,1273.38,2026-04-15T21:56:32.120479
4945,1641,119,2,45.9,0.15,78.03,2026-08-01T04:14:32.120498
4946,1641,45,3,610.17,0.05,1738.98,2026-08-01T04:14:32.120498
4947,1641,27,2,271.84,0.15,462.13,2026-08-01T04:14:32.120498
4948,1641,70,3,518.03,0.15,1320.98,2026-08-01T04:14:32.120498
4949,1641,8,3,104.24,0.15,265.81,2026-08-01T04:14:32.120498
4950,1642,3,2,540.29,0.05,1026.55,2026-07-21T20:40:32.120534
4951,1643,61,3,1557.98,0.15,3972.85,2026-06-04T12:56:32.120555
4952,1643,58,1,936.72,0.0,936.72,2026-06-04T12:56:32.120555
4953,1643,117,1,1381.28,0.0,1381.28,2026-06-04T12:56:32.120555
4954,1643,7,1,341.85,0.0,341.85,2026-06-04T12:56:32.120555
4955,1643,83,1,1243.0,0.1,1118.7,2026-06-04T12:56:32.120555
4956,1644,63,2,1474.96,0.0,2949.92,2026-05-24T16:53:32.120595
4957,1644,19,3,1096.11,0.0,3288.33,2026-05-24T16:53:32.120595
4958,1644,103,1,298.36,0.0,298.36,2026-05-24T16:53:32.120595
4959,1645,86,1,517.65,0.05,491.77,2026-05-24T02:39:32.120622
4960,1645,66,1,116.43,0.0,116.43,2026-05-24T02:39:32.120622
4961,1646,43,1,187.62,0.05,178.24,2026-05-21T05:54:32.120644
4962,1646,120,2,1388.53,0.15,2360.5,2026-05-21T05:54:32.120644
4963,1647,43,1,187.62,0.05,178.24,2026-08-24T00:43:32.120664
4964,1647,99,1,575.39,0.0,575.39,2026-08-24T00:43:32.120664
4965,1647,46,3,25.75,0.05,73.39,2026-08-24T00:43:32.120664
4966,1647,61,3,1557.98,0.0,4673.94,2026-08-24T00:43:32.120664
4967,1648,5,3,1081.58,0.0,3244.74,2026-06-14T13:02:32.120692
4968,1648,12,3,1208.52,0.15,3081.73,2026-06-14T13:02:32.120692
4969,1648,87,3,1696.52,0.0,5089.56,2026-06-14T13:02:32.120692
4970,1648,26,3,1615.36,0.1,4361.47,2026-06-14T13:02:32.120692
4971,1648,42,1,430.69,0.15,366.09,2026-06-14T13:02:32.120692
4972,1649,103,1,298.36,0.1,268.52,2026-05-10T22:41:32.120726
4973,1649,63,3,1474.96,0.0,4424.88,2026-05-10T22:41:32.120726
4974,1649,50,2,935.89,0.1,1684.6,2026-05-10T22:41:32.120726
4975,1650,50,2,935.89,0.0,1871.78,2026-07-06T18:40:32.120750
4976,1650,19,1,1096.11,0.0,1096.11,2026-07-06T18:40:32.120750
4977,1650,86,3,517.65,0.0,1552.95,2026-07-06T18:40:32.120750
4978,1650,102,1,61.75,0.0,61.75,2026-07-06T18:40:32.120750
4979,1650,18,3,390.89,0.15,996.77,2026-07-06T18:40:32.120750
4980,1651,81,3,207.83,0.0,623.49,2026-05-08T06:42:32.120783
4981,1651,93,3,81.1,0.15,206.8,2026-05-08T06:42:32.120783
4982,1651,32,1,1444.35,0.0,1444.35,2026-05-08T06:42:32.120783
4983,1651,79,3,219.09,0.0,657.27,2026-05-08T06:42:32.120783
4984,1651,20,2,1533.75,0.0,3067.5,2026-05-08T06:42:32.120783
4985,1652,42,1,430.69,0.05,409.16,2026-09-10T15:10:32.120819
4986,1652,48,2,733.85,0.0,1467.7,2026-09-10T15:10:32.120819
4987,1653,2,3,439.91,0.0,1319.73,2026-03-28T11:28:32.120840
4988,1653,37,1,591.14,0.0,591.14,2026-03-28T11:28:32.120840
4989,1653,115,2,213.29,0.05,405.25,2026-03-28T11:28:32.120840
4990,1654,99,2,575.39,0.0,1150.78,2026-06-16T21:09:32.120865
4991,1654,77,3,360.14,0.1,972.38,2026-06-16T21:09:32.120865
4992,1654,109,2,1094.28,0.1,1969.7,2026-06-16T21:09:32.120865
4993,1655,97,1,1192.46,0.05,1132.84,2026-06-25T22:12:32.120890
4994,1655,113,2,453.18,0.0,906.36,2026-06-25T22:12:32.120890
4995,1655,107,1,1503.69,0.05,1428.51,2026-06-25T22:12:32.120890
4996,1656,41,3,1658.14,0.0,4974.42,2026-08-19T20:26:32.120916
4997,1657,58,3,936.72,0.1,2529.14,2026-05-03T09:10:32.120934
4998,1658,48,1,733.85,0.15,623.77,2026-09-04T09:50:32.120951
4999,1658,65,3,1979.06,0.0,5937.18,2026-09-04T09:50:32.120951
5000,1659,101,3,1089.31,0.05,3104.53,2026-05-13T14:32:32.120972
5001,1659,47,3,1270.2,0.1,3429.54,2026-05-13T14:32:32.120972
5002,1659,114,2,48.79,0.0,97.58,2026-05-13T14:32:32.120972
5003,1659,3,3,540.29,0.1,1458.78,2026-05-13T14:32:32.120972
5004,1660,34,3,1474.08,0.15,3758.9,2026-07-13T21:55:32.120999
5005,1660,36,2,97.84,0.05,185.9,2026-07-13T21:55:32.120999
5006,1660,51,1,1446.49,0.0,1446.49,2026-07-13T21:55:32.120999
5007,1660,63,1,1474.96,0.0,1474.96,2026-07-13T21:55:32.120999
5008,1661,76,3,747.78,0.05,2131.17,2026-08-12T06:34:32.121029
5009,1662,61,1,1557.98,0.15,1324.28,2026-08-03T08:18:32.121045
5010,1662,54,3,1652.43,0.15,4213.7,2026-08-03T08:18:32.121045
5011,1662,71,1,684.07,0.0,684.07,2026-08-03T08:18:32.121045
5012,1662,42,2,430.69,0.05,818.31,2026-08-03T08:18:32.121045
5013,1662,50,1,935.89,0.0,935.89,2026-08-03T08:18:32.121045
5014,1663,69,1,1640.23,0.0,1640.23,2026-04-04T14:16:32.121081
5015,1663,63,2,1474.96,0.0,2949.92,2026-04-04T14:16:32.121081
5016,1664,63,2,1474.96,0.05,2802.42,2026-07-06T13:54:32.121102
5017,1664,87,2,1696.52,0.0,3393.04,2026-07-06T13:54:32.121102
5018,1664,109,1,1094.28,0.05,1039.57,2026-07-06T13:54:32.121102
5019,1664,62,2,1109.18,0.0,2218.36,2026-07-06T13:54:32.121102
5020,1664,104,2,1646.45,0.1,2963.61,2026-07-06T13:54:32.121102
5021,1665,55,2,467.36,0.0,934.72,2026-04-22T08:03:32.121222
5022,1666,61,1,1557.98,0.0,1557.98,2026-08-25T15:29:32.121239
5023,1666,79,3,219.09,0.15,558.68,2026-08-25T15:29:32.121239
5024,1666,102,2,61.75,0.05,117.32,2026-08-25T15:29:32.121239
5025,1666,10,1,858.14,0.0,858.14,2026-08-25T15:29:32.121239
5026,1666,25,3,257.25,0.0,771.75,2026-08-25T15:29:32.121239
5027,1667,91,3,1357.23,0.0,4071.69,2026-06-11T10:56:32.121272
5028,1667,68,1,270.06,0.1,243.05,2026-06-11T10:56:32.121272
5029,1667,103,3,298.36,0.05,850.33,2026-06-11T10:56:32.121272
5030,1667,29,3,205.02,0.15,522.8,2026-06-11T10:56:32.121272
5031,1668,30,3,539.5,0.05,1537.57,2026-07-02T23:47:32.121300
5032,1668,113,1,453.18,0.0,453.18,2026-07-02T23:47:32.121300
5033,1668,5,3,1081.58,0.0,3244.74,2026-07-02T23:47:32.121300
5034,1668,43,2,187.62,0.0,375.24,2026-07-02T23:47:32.121300
5035,1669,71,3,684.07,0.0,2052.21,2026-09-09T16:40:32.121328
5036,1669,78,3,219.47,0.0,658.41,2026-09-09T16:40:32.121328
5037,1670,22,2,46.79,0.05,88.9,2026-05-16T10:09:32.121348
5038,1670,63,2,1474.96,0.15,2507.43,2026-05-16T10:09:32.121348
5039,1670,71,1,684.07,0.0,684.07,2026-05-16T10:09:32.121348
5040,1670,43,3,187.62,0.0,562.86,2026-05-16T10:09:32.121348
5041,1671,55,1,467.36,0.05,443.99,2026-08-20T19:47:32.121375
5042,1671,68,3,270.06,0.15,688.65,2026-08-20T19:47:32.121375
5043,1672,52,2,92.69,0.15,157.57,2026-07-29T14:59:32.121398
5044,1672,23,3,185.54,0.0,556.62,2026-07-29T14:59:32.121398
5045,1672,13,1,2066.14,0.15,1756.22,2026-07-29T14:59:32.121398
5046,1672,40,1,693.12,0.0,693.12,2026-07-29T14:59:32.121398
5047,1673,82,1,1537.26,0.1,1383.53,2026-06-22T12:54:32.121428
5048,1673,61,1,1557.98,0.0,1557.98,2026-06-22T12:54:32.121428
5049,1674,80,3,596.68,0.0,1790.04,2026-09-04T05:08:32.121448
5050,1674,18,3,390.89,0.0,1172.67,2026-09-04T05:08:32.121448
5051,1674,30,2,539.5,0.0,1079.0,2026-09-04T05:08:32.121448
5052,1674,52,2,92.69,0.0,185.38,2026-09-04T05:08:32.121448
5053,1675,88,2,775.06,0.0,1550.12,2026-05-10T21:39:32.121476
5054,1675,3,1,540.29,0.0,540.29,2026-05-10T21:39:32.121476
5055,1676,61,2,1557.98,0.05,2960.16,2026-07-07T19:49:32.121496
5056,1676,48,2,733.85,0.05,1394.32,2026-07-07T19:49:32.121496
5057,1676,76,1,747.78,0.15,635.61,2026-07-07T19:49:32.121496
5058,1676,18,3,390.89,0.0,1172.67,2026-07-07T19:49:32.121496
5059,1677,83,3,1243.0,0.0,3729.0,2026-09-12T17:22:32.121527
5060,1677,106,2,79.66,0.0,159.32,2026-09-12T17:22:32.121527
5061,1678,49,2,342.66,0.05,651.05,2026-06-30T05:48:32.121547
5062,1678,32,1,1444.35,0.0,1444.35,2026-06-30T05:48:32.121547
5063,1678,116,3,615.12,0.0,1845.36,2026-06-30T05:48:32.121547
5064,1678,30,3,539.5,0.1,1456.65,2026-06-30T05:48:32.121547
5065,1678,12,2,1208.52,0.05,2296.19,2026-06-30T05:48:32.121547
5066,1679,90,3,1214.39,0.0,3643.17,2026-09-13T04:34:32.121580
5067,1680,90,1,1214.39,0.0,1214.39,2026-06-10T14:33:32.121596
5068,1680,30,1,539.5,0.05,512.52,2026-06-10T14:33:32.121596
5069,1680,8,1,104.24,0.05,99.03,2026-06-10T14:33:32.121596
5070,1680,65,3,1979.06,0.0,5937.18,2026-06-10T14:33:32.121596
5071,1681,2,2,439.91,0.15,747.85,2026-07-22T18:15:32.121627
5072,1681,56,3,780.61,0.0,2341.83,2026-07-22T18:15:32.121627
5073,1681,21,1,579.0,0.1,521.1,2026-07-22T18:15:32.121627
5074,1681,48,1,733.85,0.05,697.16,2026-07-22T18:15:32.121627
5075,1682,61,1,1557.98,0.1,1402.18,2026-04-26T17:02:32.121657
5076,1682,94,2,115.87,0.0,231.74,2026-04-26T17:02:32.121657
5077,1682,95,2,237.31,0.15,403.43,2026-04-26T17:02:32.121657
5078,1682,99,3,575.39,0.15,1467.24,2026-04-26T17:02:32.121657
5079,1682,82,2,1537.26,0.15,2613.34,2026-04-26T17:02:32.121657
5080,1683,23,2,185.54,0.0,371.08,2026-08-18T12:22:32.121689
5081,1683,30,1,539.5,0.1,485.55,2026-08-18T12:22:32.121689
5082,1683,41,3,1658.14,0.0,4974.42,2026-08-18T12:22:32.121689
5083,1683,114,2,48.79,0.0,97.58,2026-08-18T12:22:32.121689
5084,1684,34,3,1474.08,0.05,4201.13,2026-06-29T18:21:32.121717
5085,1684,51,3,1446.49,0.1,3905.52,2026-06-29T18:21:32.121717
5086,1685,120,2,1388.53,0.0,2777.06,2026-07-20T21:58:32.121736
5087,1686,101,3,1089.31,0.0,3267.93,2026-05-26T21:21:32.121753
5088,1686,5,3,1081.58,0.0,3244.74,2026-05-26T21:21:32.121753
5089,1686,115,1,213.29,0.0,213.29,2026-05-26T21:21:32.121753
5090,1687,50,3,935.89,0.1,2526.9,2026-06-26T10:36:32.121776
5091,1688,45,2,610.17,0.0,1220.34,2026-04-22T14:02:32.121792
5092,1688,90,1,1214.39,0.0,1214.39,2026-04-22T14:02:32.121792
5093,1688,51,3,1446.49,0.15,3688.55,2026-04-22T14:02:32.121792
5094,1688,83,2,1243.0,0.15,2113.1,2026-04-22T14:02:32.121792
5095,1688,6,1,1554.13,0.05,1476.42,2026-04-22T14:02:32.121792
5096,1689,53,2,1077.0,0.0,2154.0,2026-07-27T20:08:32.121825
5097,1689,47,3,1270.2,0.05,3620.07,2026-07-27T20:08:32.121825
5098,1689,106,2,79.66,0.0,159.32,2026-07-27T20:08:32.121825
5099,1690,65,2,1979.06,0.0,3958.12,2026-08-21T12:35:32.121849
5100,1691,89,3,493.15,0.1,1331.5,2026-05-22T01:57:32.121866
5101,1692,83,3,1243.0,0.0,3729.0,2026-08-10T16:56:32.121882
5102,1692,22,2,46.79,0.0,93.58,2026-08-10T16:56:32.121882
5103,1692,106,3,79.66,0.0,238.98,2026-08-10T16:56:32.121882
5104,1692,43,2,187.62,0.15,318.95,2026-08-10T16:56:32.121882
5105,1693,36,1,97.84,0.15,83.16,2026-09-20T10:53:32.121922
5106,1693,82,3,1537.26,0.1,4150.6,2026-09-20T10:53:32.121922
5107,1694,17,1,1226.38,0.0,1226.38,2026-05-18T17:58:32.121951
5108,1694,54,2,1652.43,0.1,2974.37,2026-05-18T17:58:32.121951
5109,1694,70,2,518.03,0.1,932.45,2026-05-18T17:58:32.121951
5110,1694,18,3,390.89,0.0,1172.67,2026-05-18T17:58:32.121951
5111,1694,115,3,213.29,0.15,543.89,2026-05-18T17:58:32.121951
5112,1695,76,1,747.78,0.05,710.39,2026-07-28T04:14:32.121995
5113,1695,63,1,1474.96,0.1,1327.46,2026-07-28T04:14:32.121995
5114,1696,55,1,467.36,0.0,467.36,2026-05-16T15:37:32.122025
5115,1696,61,1,1557.98,0.15,1324.28,2026-05-16T15:37:32.122025
5116,1696,102,3,61.75,0.15,157.46,2026-05-16T15:37:32.122025
5117,1696,32,1,1444.35,0.0,1444.35,2026-05-16T15:37:32.122025
5118,1696,78,1,219.47,0.0,219.47,2026-05-16T15:37:32.122025
5119,1697,66,1,116.43,0.1,104.79,2026-05-15T03:27:32.122077
5120,1697,94,1,115.87,0.0,115.87,2026-05-15T03:27:32.122077
5121,1697,37,1,591.14,0.15,502.47,2026-05-15T03:27:32.122077
5122,1698,15,3,478.17,0.05,1362.78,2026-06-17T05:28:32.122115
5123,1698,17,1,1226.38,0.0,1226.38,2026-06-17T05:28:32.122115
5124,1698,8,1,104.24,0.05,99.03,2026-06-17T05:28:32.122115
5125,1698,116,1,615.12,0.05,584.36,2026-06-17T05:28:32.122115
5126,1698,37,2,591.14,0.15,1004.94,2026-06-17T05:28:32.122115
5127,1699,91,2,1357.23,0.1,2443.01,2026-04-01T17:52:32.122156
5128,1699,89,3,493.15,0.0,1479.45,2026-04-01T17:52:32.122156
5129,1699,59,2,1201.61,0.1,2162.9,2026-04-01T17:52:32.122156
5130,1699,61,3,1557.98,0.05,4440.24,2026-04-01T17:52:32.122156
5131,1700,6,2,1554.13,0.15,2642.02,2026-07-06T03:52:32.122188
5132,1700,61,3,1557.98,0.1,4206.55,2026-07-06T03:52:32.122188
5133,1700,116,3,615.12,0.05,1753.09,2026-07-06T03:52:32.122188
5134,1700,72,3,856.16,0.0,2568.48,2026-07-06T03:52:32.122188
5135,1701,84,3,358.51,0.0,1075.53,2026-08-16T16:01:32.122216
5136,1701,17,3,1226.38,0.0,3679.14,2026-08-16T16:01:32.122216
5137,1702,34,1,1474.08,0.15,1252.97,2026-06-14T14:51:32.122238
5138,1703,92,3,551.27,0.0,1653.81,2026-07-08T12:31:32.122254
5139,1703,6,1,1554.13,0.0,1554.13,2026-07-08T12:31:32.122254
5140,1703,30,1,539.5,0.05,512.52,2026-07-08T12:31:32.122254
5141,1704,34,1,1474.08,0.05,1400.38,2026-04-17T09:02:32.122279
5142,1704,17,1,1226.38,0.1,1103.74,2026-04-17T09:02:32.122279
5143,1704,87,3,1696.52,0.0,5089.56,2026-04-17T09:02:32.122279
5144,1704,41,2,1658.14,0.0,3316.28,2026-04-17T09:02:32.122279
5145,1705,4,3,1063.54,0.1,2871.56,2026-06-23T20:34:32.122311
5146,1705,77,2,360.14,0.1,648.25,2026-06-23T20:34:32.122311
5147,1705,100,2,1296.05,0.0,2592.1,2026-06-23T20:34:32.122311
5148,1705,6,3,1554.13,0.05,4429.27,2026-06-23T20:34:32.122311
5149,1706,49,1,342.66,0.0,342.66,2026-07-08T00:22:32.122339
5150,1706,118,1,31.27,0.1,28.14,2026-07-08T00:22:32.122339
5151,1706,97,3,1192.46,0.0,3577.38,2026-07-08T00:22:32.122339
5152,1707,97,1,1192.46,0.0,1192.46,2026-07-06T20:00:32.122368
5153,1707,77,3,360.14,0.0,1080.42,2026-07-06T20:00:32.122368
5154,1707,28,2,771.64,0.0,1543.28,2026-07-06T20:00:32.122368
5155,1708,37,1,591.14,0.0,591.14,2026-06-11T02:18:32.122392
5156,1708,29,2,205.02,0.0,410.04,2026-06-11T02:18:32.122392
5157,1708,73,1,721.9,0.05,685.8,2026-06-11T02:18:32.122392
5158,1709,101,1,1089.31,0.0,1089.31,2026-07-27T07:56:32.122416
5159,1709,47,3,1270.2,0.1,3429.54,2026-07-27T07:56:32.122416
5160,1709,82,2,1537.26,0.0,3074.52,2026-07-27T07:56:32.122416
5161,1709,100,1,1296.05,0.0,1296.05,2026-07-27T07:56:32.122416
5162,1710,100,2,1296.05,0.0,2592.1,2026-09-10T17:51:32.122446
5163,1711,38,3,1155.34,0.1,3119.42,2026-06-16T09:14:32.122462
5164,1711,6,2,1554.13,0.05,2952.85,2026-06-16T09:14:32.122462
5165,1711,93,3,81.1,0.0,243.3,2026-06-16T09:14:32.122462
5166,1712,46,2,25.75,0.0,51.5,2026-08-12T02:51:32.122487
5167,1712,118,3,31.27,0.05,89.12,2026-08-12T02:51:32.122487
5168,1712,54,2,1652.43,0.0,3304.86,2026-08-12T02:51:32.122487
5169,1713,89,1,493.15,0.15,419.18,2026-05-18T16:00:32.122514
5170,1713,61,1,1557.98,0.15,1324.28,2026-05-18T16:00:32.122514
5171,1713,10,1,858.14,0.0,858.14,2026-05-18T16:00:32.122514
5172,1714,109,2,1094.28,0.1,1969.7,2026-06-27T02:15:32.122538
5173,1715,120,1,1388.53,0.0,1388.53,2026-07-02T02:43:32.122556
5174,1715,99,2,575.39,0.0,1150.78,2026-07-02T02:43:32.122556
5175,1715,117,1,1381.28,0.0,1381.28,2026-07-02T02:43:32.122556
5176,1715,23,2,185.54,0.05,352.53,2026-07-02T02:43:32.122556
5177,1716,42,2,430.69,0.05,818.31,2026-08-04T06:52:32.122587
5178,1716,114,2,48.79,0.0,97.58,2026-08-04T06:52:32.122587
5179,1716,119,3,45.9,0.15,117.04,2026-08-04T06:52:32.122587
5180,1717,87,2,1696.52,0.05,3223.39,2026-08-05T20:07:32.122613
5181,1717,29,1,205.02,0.05,194.77,2026-08-05T20:07:32.122613
5182,1717,111,3,340.18,0.05,969.51,2026-08-05T20:07:32.122613
5183,1718,53,1,1077.0,0.0,1077.0,2026-08-26T12:08:32.122636
5184,1719,84,2,358.51,0.0,717.02,2026-08-15T09:16:32.122653
5185,1720,63,3,1474.96,0.1,3982.39,2026-06-14T00:05:32.122669
5186,1721,100,3,1296.05,0.15,3304.93,2026-03-27T23:31:32.122684
5187,1721,69,3,1640.23,0.1,4428.62,2026-03-27T23:31:32.122684
5188,1722,51,3,1446.49,0.0,4339.47,2026-06-13T02:22:32.122707
5189,1722,115,3,213.29,0.1,575.88,2026-06-13T02:22:32.122707
5190,1722,10,1,858.14,0.0,858.14,2026-06-13T02:22:32.122707
5191,1722,79,3,219.09,0.05,624.41,2026-06-13T02:22:32.122707
5192,1723,4,2,1063.54,0.0,2127.08,2026-09-14T02:38:32.122736
5193,1723,17,2,1226.38,0.1,2207.48,2026-09-14T02:38:32.122736
5194,1723,76,2,747.78,0.0,1495.56,2026-09-14T02:38:32.122736
5195,1724,117,2,1381.28,0.0,2762.56,2026-06-11T08:46:32.122761
5196,1725,102,2,61.75,0.15,104.97,2026-07-01T11:32:32.122778
5197,1725,84,3,358.51,0.1,967.98,2026-07-01T11:32:32.122778
5198,1725,6,1,1554.13,0.0,1554.13,2026-07-01T11:32:32.122778
5199,1726,25,2,257.25,0.0,514.5,2026-08-17T08:56:32.122804
5200,1726,19,3,1096.11,0.0,3288.33,2026-08-17T08:56:32.122804
5201,1726,3,3,540.29,0.0,1620.87,2026-08-17T08:56:32.122804
5202,1726,23,3,185.54,0.0,556.62,2026-08-17T08:56:32.122804
5203,1726,54,2,1652.43,0.0,3304.86,2026-08-17T08:56:32.122804
5204,1727,52,3,92.69,0.15,236.36,2026-06-28T23:18:32.122837
5205,1727,28,2,771.64,0.1,1388.95,2026-06-28T23:18:32.122837
5206,1727,108,3,407.19,0.0,1221.57,2026-06-28T23:18:32.122837
5207,1727,89,3,493.15,0.15,1257.53,2026-06-28T23:18:32.122837
5208,1727,27,3,271.84,0.0,815.52,2026-06-28T23:18:32.122837
5209,1728,105,2,360.47,0.1,648.85,2026-06-20T07:00:32.122869
5210,1728,58,2,936.72,0.0,1873.44,2026-06-20T07:00:32.122869
5211,1728,93,2,81.1,0.0,162.2,2026-06-20T07:00:32.122869
5212,1728,109,2,1094.28,0.0,2188.56,2026-06-20T07:00:32.122869
5213,1729,52,1,92.69,0.0,92.69,2026-04-15T14:35:32.122899
5214,1730,76,2,747.78,0.1,1346.0,2026-09-06T03:47:32.122915
5215,1731,39,3,486.81,0.0,1460.43,2026-07-11T17:28:32.122934
5216,1732,8,1,104.24,0.05,99.03,2026-05-22T08:26:32.122951
5217,1732,88,3,775.06,0.15,1976.4,2026-05-22T08:26:32.122951
5218,1732,48,2,733.85,0.0,1467.7,2026-05-22T08:26:32.122951
5219,1732,77,1,360.14,0.0,360.14,2026-05-22T08:26:32.122951
5220,1733,86,2,517.65,0.0,1035.3,2026-04-18T08:31:32.122980
5221,1733,35,3,1414.87,0.0,4244.61,2026-04-18T08:31:32.122980
5222,1734,27,1,271.84,0.1,244.66,2026-09-03T11:57:32.123003
5223,1735,97,3,1192.46,0.0,3577.38,2026-04-14T16:22:32.123020
5224,1735,58,1,936.72,0.15,796.21,2026-04-14T16:22:32.123020
5225,1735,46,2,25.75,0.15,43.77,2026-04-14T16:22:32.123020
5226,1735,107,1,1503.69,0.15,1278.14,2026-04-14T16:22:32.123020
5227,1735,15,1,478.17,0.0,478.17,2026-04-14T16:22:32.123020
5228,1736,115,1,213.29,0.1,191.96,2026-05-29T20:19:32.123051
5229,1737,15,1,478.17,0.1,430.35,2026-09-15T04:21:32.123067
5230,1737,100,2,1296.05,0.05,2462.49,2026-09-15T04:21:32.123067
5231,1738,81,1,207.83,0.1,187.05,2026-06-14T07:31:32.123091
5232,1738,36,2,97.84,0.0,195.68,2026-06-14T07:31:32.123091
5233,1738,15,3,478.17,0.0,1434.51,2026-06-14T07:31:32.123091
5234,1738,34,3,1474.08,0.15,3758.9,2026-06-14T07:31:32.123091
5235,1738,22,3,46.79,0.1,126.33,2026-06-14T07:31:32.123091
5236,1739,56,1,780.61,0.0,780.61,2026-04-08T07:50:32.123125
5237,1739,55,1,467.36,0.0,467.36,2026-04-08T07:50:32.123125
5238,1739,72,3,856.16,0.0,2568.48,2026-04-08T07:50:32.123125
5239,1739,10,2,858.14,0.1,1544.65,2026-04-08T07:50:32.123125
5240,1740,95,1,237.31,0.15,201.71,2026-05-13T01:46:32.123153
5241,1740,35,1,1414.87,0.0,1414.87,2026-05-13T01:46:32.123153
5242,1741,19,2,1096.11,0.0,2192.22,2026-03-31T07:36:32.123173
5243,1741,49,3,342.66,0.15,873.78,2026-03-31T07:36:32.123173
5244,1741,109,3,1094.28,0.0,3282.84,2026-03-31T07:36:32.123173
5245,1741,30,2,539.5,0.1,971.1,2026-03-31T07:36:32.123173
5246,1742,2,1,439.91,0.05,417.91,2026-09-07T17:16:32.123204
5247,1742,118,3,31.27,0.0,93.81,2026-09-07T17:16:32.123204
5248,1742,108,2,407.19,0.0,814.38,2026-09-07T17:16:32.123204
5249,1742,54,2,1652.43,0.1,2974.37,2026-09-07T17:16:32.123204
5250,1743,113,2,453.18,0.05,861.04,2026-05-23T09:33:32.123232
5251,1743,115,1,213.29,0.15,181.3,2026-05-23T09:33:32.123232
5252,1743,91,2,1357.23,0.1,2443.01,2026-05-23T09:33:32.123232
5253,1743,3,1,540.29,0.0,540.29,2026-05-23T09:33:32.123232
5254,1744,52,1,92.69,0.1,83.42,2026-06-01T23:39:32.123261
5255,1745,7,1,341.85,0.1,307.67,2026-08-17T08:43:32.123278
5256,1746,41,3,1658.14,0.0,4974.42,2026-04-17T13:04:32.123293
5257,1747,34,1,1474.08,0.0,1474.08,2026-09-15T01:48:32.123310
5258,1747,108,1,407.19,0.1,366.47,2026-09-15T01:48:32.123310
5259,1747,15,3,478.17,0.05,1362.78,2026-09-15T01:48:32.123310
5260,1747,70,3,518.03,0.0,1554.09,2026-09-15T01:48:32.123310
5261,1747,77,3,360.14,0.05,1026.4,2026-09-15T01:48:32.123310
5262,1748,42,1,430.69,0.05,409.16,2026-06-18T03:59:32.123344
5263,1748,41,3,1658.14,0.0,4974.42,2026-06-18T03:59:32.123344
5264,1748,108,1,407.19,0.15,346.11,2026-06-18T03:59:32.123344
5265,1748,40,2,693.12,0.15,1178.3,2026-06-18T03:59:32.123344
5266,1749,120,1,1388.53,0.1,1249.68,2026-05-06T23:16:32.123372
5267,1749,82,1,1537.26,0.1,1383.53,2026-05-06T23:16:32.123372
5268,1749,74,1,377.0,0.0,377.0,2026-05-06T23:16:32.123372
5269,1749,42,1,430.69,0.0,430.69,2026-05-06T23:16:32.123372
5270,1750,45,1,610.17,0.05,579.66,2026-07-06T20:40:32.123401
5271,1750,39,3,486.81,0.0,1460.43,2026-07-06T20:40:32.123401
5272,1750,18,3,390.89,0.15,996.77,2026-07-06T20:40:32.123401
5273,1751,113,2,453.18,0.05,861.04,2026-09-07T02:44:32.123426
5274,1751,47,3,1270.2,0.1,3429.54,2026-09-07T02:44:32.123426
5275,1752,53,1,1077.0,0.0,1077.0,2026-07-20T07:47:32.123447
5276,1753,35,3,1414.87,0.15,3607.92,2026-06-13T22:01:32.123463
5277,1753,18,1,390.89,0.05,371.35,2026-06-13T22:01:32.123463
5278,1753,20,2,1533.75,0.15,2607.38,2026-06-13T22:01:32.123463
5279,1753,90,2,1214.39,0.05,2307.34,2026-06-13T22:01:32.123463
5280,1754,119,2,45.9,0.15,78.03,2026-07-19T08:40:32.123491
5281,1754,21,2,579.0,0.15,984.3,2026-07-19T08:40:32.123491
5282,1754,52,2,92.69,0.1,166.84,2026-07-19T08:40:32.123491
5283,1755,12,2,1208.52,0.0,2417.04,2026-08-06T12:15:32.123517
5284,1755,60,3,824.84,0.0,2474.52,2026-08-06T12:15:32.123517
5285,1755,83,1,1243.0,0.0,1243.0,2026-08-06T12:15:32.123517
5286,1755,106,2,79.66,0.15,135.42,2026-08-06T12:15:32.123517
5287,1756,13,1,2066.14,0.0,2066.14,2026-06-29T15:25:32.123545
5288,1757,54,2,1652.43,0.0,3304.86,2026-08-22T08:55:32.123562
5289,1757,95,3,237.31,0.15,605.14,2026-08-22T08:55:32.123562
5290,1757,120,1,1388.53,0.15,1180.25,2026-08-22T08:55:32.123562
5291,1758,93,1,81.1,0.1,72.99,2026-04-24T18:27:32.123586
5292,1759,37,1,591.14,0.0,591.14,2026-06-29T20:34:32.123602
5293,1759,86,3,517.65,0.0,1552.95,2026-06-29T20:34:32.123602
5294,1759,26,2,1615.36,0.15,2746.11,2026-06-29T20:34:32.123602
5295,1759,2,2,439.91,0.1,791.84,2026-06-29T20:34:32.123602
5296,1759,88,1,775.06,0.0,775.06,2026-06-29T20:34:32.123602
5297,1760,66,3,116.43,0.0,349.29,2026-06-21T13:38:32.123635
5298,1760,74,3,377.0,0.1,1017.9,2026-06-21T13:38:32.123635
5299,1760,90,2,1214.39,0.0,2428.78,2026-06-21T13:38:32.123635
5300,1760,106,3,79.66,0.0,238.98,2026-06-21T13:38:32.123635
5301,1761,71,1,684.07,0.0,684.07,2026-04-10T13:02:32.123663
5302,1761,10,2,858.14,0.15,1458.84,2026-04-10T13:02:32.123663
5303,1762,3,1,540.29,0.0,540.29,2026-04-21T14:47:32.123684
5304,1762,102,3,61.75,0.0,185.25,2026-04-21T14:47:32.123684
5305,1762,29,2,205.02,0.15,348.53,2026-04-21T14:47:32.123684
5306,1762,76,1,747.78,0.15,635.61,2026-04-21T14:47:32.123684
5307,1763,17,1,1226.38,0.15,1042.42,2026-08-30T13:16:32.123711
5308,1763,105,2,360.47,0.05,684.89,2026-08-30T13:16:32.123711
5309,1764,22,1,46.79,0.15,39.77,2026-04-24T12:10:32.123730
5310,1764,59,3,1201.61,0.0,3604.83,2026-04-24T12:10:32.123730
5311,1765,15,1,478.17,0.0,478.17,2026-07-15T13:53:32.123750
5312,1765,14,1,287.84,0.0,287.84,2026-07-15T13:53:32.123750
5313,1765,42,3,430.69,0.0,1292.07,2026-07-15T13:53:32.123750
5314,1766,22,3,46.79,0.0,140.37,2026-05-20T16:15:32.123774
5315,1766,28,1,771.64,0.0,771.64,2026-05-20T16:15:32.123774
5316,1766,74,1,377.0,0.0,377.0,2026-05-20T16:15:32.123774
5317,1766,99,2,575.39,0.15,978.16,2026-05-20T16:15:32.123774
5318,1767,98,1,643.73,0.0,643.73,2026-04-05T06:37:32.123803
5319,1768,69,3,1640.23,0.05,4674.66,2026-04-15T20:29:32.123820
5320,1768,65,3,1979.06,0.1,5343.46,2026-04-15T20:29:32.123820
5321,1768,49,2,342.66,0.0,685.32,2026-04-15T20:29:32.123820
5322,1768,47,3,1270.2,0.15,3239.01,2026-04-15T20:29:32.123820
5323,1769,111,1,340.18,0.0,340.18,2026-04-30T17:28:32.123847
5324,1769,26,2,1615.36,0.0,3230.72,2026-04-30T17:28:32.123847
5325,1769,46,1,25.75,0.0,25.75,2026-04-30T17:28:32.123847
5326,1769,109,3,1094.28,0.0,3282.84,2026-04-30T17:28:32.123847
5327,1770,13,3,2066.14,0.0,6198.42,2026-09-04T18:15:32.123874
5328,1770,88,1,775.06,0.0,775.06,2026-09-04T18:15:32.123874
5329,1770,73,2,721.9,0.1,1299.42,2026-09-04T18:15:32.123874
5330,1770,44,2,1108.44,0.15,1884.35,2026-09-04T18:15:32.123874
5331,1771,2,3,439.91,0.0,1319.73,2026-05-15T04:18:32.123908
5332,1772,61,1,1557.98,0.15,1324.28,2026-08-08T23:46:32.123925
5333,1772,21,3,579.0,0.15,1476.45,2026-08-08T23:46:32.123925
5334,1772,26,1,1615.36,0.15,1373.06,2026-08-08T23:46:32.123925
5335,1772,15,2,478.17,0.0,956.34,2026-08-08T23:46:32.123925
5336,1773,6,3,1554.13,0.05,4429.27,2026-09-09T01:05:32.123952
5337,1773,92,2,551.27,0.0,1102.54,2026-09-09T01:05:32.123952
5338,1774,98,2,643.73,0.05,1223.09,2026-07-19T15:31:32.123972
5339,1774,61,1,1557.98,0.0,1557.98,2026-07-19T15:31:32.123972
5340,1775,55,1,467.36,0.05,443.99,2026-08-01T17:49:32.123994
5341,1776,63,1,1474.96,0.1,1327.46,2026-08-13T00:31:32.124010
5342,1776,41,2,1658.14,0.0,3316.28,2026-08-13T00:31:32.124010
5343,1776,88,2,775.06,0.1,1395.11,2026-08-13T00:31:32.124010
5344,1776,4,1,1063.54,0.05,1010.36,2026-08-13T00:31:32.124010
5345,1776,78,3,219.47,0.0,658.41,2026-08-13T00:31:32.124010
5346,1777,97,2,1192.46,0.05,2265.67,2026-08-22T12:25:32.124047
5347,1777,47,2,1270.2,0.15,2159.34,2026-08-22T12:25:32.124047
5348,1777,22,1,46.79,0.15,39.77,2026-08-22T12:25:32.124047
5349,1778,32,1,1444.35,0.0,1444.35,2026-07-03T04:28:32.124079
5350,1778,7,2,341.85,0.0,683.7,2026-07-03T04:28:32.124079
5351,1778,97,1,1192.46,0.15,1013.59,2026-07-03T04:28:32.124079
5352,1778,14,1,287.84,0.15,244.66,2026-07-03T04:28:32.124079
5353,1779,30,1,539.5,0.15,458.57,2026-09-09T09:51:32.124111
5354,1779,47,3,1270.2,0.0,3810.6,2026-09-09T09:51:32.124111
5355,1779,98,3,643.73,0.0,1931.19,2026-09-09T09:51:32.124111
5356,1779,79,3,219.09,0.05,624.41,2026-09-09T09:51:32.124111
5357,1780,106,2,79.66,0.05,151.35,2026-05-18T03:09:32.124139
5358,1781,80,3,596.68,0.1,1611.04,2026-05-12T00:02:32.124155
5359,1781,81,2,207.83,0.15,353.31,2026-05-12T00:02:32.124155
5360,1782,58,1,936.72,0.0,936.72,2026-07-18T21:34:32.124176
5361,1782,83,2,1243.0,0.0,2486.0,2026-07-18T21:34:32.124176
5362,1783,2,3,439.91,0.1,1187.76,2026-05-29T07:44:32.124196
5363,1783,45,2,610.17,0.15,1037.29,2026-05-29T07:44:32.124196
5364,1783,55,1,467.36,0.1,420.62,2026-05-29T07:44:32.124196
5365,1783,61,2,1557.98,0.15,2648.57,2026-05-29T07:44:32.124196
5366,1783,80,1,596.68,0.05,566.85,2026-05-29T07:44:32.124196
5367,1784,30,2,539.5,0.05,1025.05,2026-04-01T03:48:32.124229
5368,1784,27,1,271.84,0.0,271.84,2026-04-01T03:48:32.124229
5369,1784,51,2,1446.49,0.05,2748.33,2026-04-01T03:48:32.124229
5370,1784,53,2,1077.0,0.0,2154.0,2026-04-01T03:48:32.124229
5371,1784,21,1,579.0,0.0,579.0,2026-04-01T03:48:32.124229
5372,1785,53,3,1077.0,0.0,3231.0,2026-06-23T01:28:32.124261
5373,1785,19,1,1096.11,0.0,1096.11,2026-06-23T01:28:32.124261
5374,1786,80,3,596.68,0.15,1521.53,2026-04-07T12:23:32.124284
5375,1787,6,1,1554.13,0.0,1554.13,2026-07-04T00:48:32.124301
5376,1787,118,3,31.27,0.0,93.81,2026-07-04T00:48:32.124301
5377,1787,27,3,271.84,0.15,693.19,2026-07-04T00:48:32.124301
5378,1788,41,3,1658.14,0.0,4974.42,2026-08-13T15:06:32.124327
5379,1788,18,2,390.89,0.1,703.6,2026-08-13T15:06:32.124327
5380,1788,82,2,1537.26,0.0,3074.52,2026-08-13T15:06:32.124327
5381,1788,4,1,1063.54,0.1,957.19,2026-08-13T15:06:32.124327
5382,1789,59,2,1201.61,0.15,2042.74,2026-03-29T07:11:32.124355
5383,1790,63,2,1474.96,0.1,2654.93,2026-08-25T04:54:32.124371
5384,1790,29,2,205.02,0.1,369.04,2026-08-25T04:54:32.124371
5385,1790,47,1,1270.2,0.15,1079.67,2026-08-25T04:54:32.124371
5386,1790,25,3,257.25,0.15,655.99,2026-08-25T04:54:32.124371
5387,1790,31,3,967.29,0.0,2901.87,2026-08-25T04:54:32.124371
5388,1791,82,3,1537.26,0.0,4611.78,2026-05-16T13:10:32.124407
5389,1791,98,1,643.73,0.05,611.54,2026-05-16T13:10:32.124407
5390,1791,81,2,207.83,0.1,374.09,2026-05-16T13:10:32.124407
5391,1792,6,1,1554.13,0.0,1554.13,2026-08-18T04:05:32.124432
5392,1793,50,1,935.89,0.15,795.51,2026-04-09T19:52:32.124451
5393,1793,66,3,116.43,0.0,349.29,2026-04-09T19:52:32.124451
5394,1794,82,2,1537.26,0.0,3074.52,2026-07-22T22:51:32.124470
5395,1794,5,1,1081.58,0.0,1081.58,2026-07-22T22:51:32.124470
5396,1794,17,2,1226.38,0.05,2330.12,2026-07-22T22:51:32.124470
5397,1795,77,3,360.14,0.1,972.38,2026-06-23T23:34:32.124495
5398,1796,21,3,579.0,0.0,1737.0,2026-09-06T07:59:32.124511
5399,1796,27,1,271.84,0.15,231.06,2026-09-06T07:59:32.124511
5400,1797,22,2,46.79,0.05,88.9,2026-09-05T05:58:32.124532
5401,1797,88,1,775.06,0.05,736.31,2026-09-05T05:58:32.124532
5402,1797,117,3,1381.28,0.05,3936.65,2026-09-05T05:58:32.124532
5403,1797,70,3,518.03,0.0,1554.09,2026-09-05T05:58:32.124532
5404,1797,94,2,115.87,0.0,231.74,2026-09-05T05:58:32.124532
5405,1798,60,3,824.84,0.0,2474.52,2026-06-04T19:51:32.124569
5406,1798,93,3,81.1,0.1,218.97,2026-06-04T19:51:32.124569
5407,1798,54,3,1652.43,0.1,4461.56,2026-06-04T19:51:32.124569
5408,1799,100,3,1296.05,0.05,3693.74,2026-08-23T03:57:32.124597
5409,1800,59,1,1201.61,0.0,1201.61,2026-09-06T03:08:32.124613
5410,1801,26,1,1615.36,0.15,1373.06,2026-09-14T20:58:32.124629
5411,1801,63,2,1474.96,0.15,2507.43,2026-09-14T20:58:32.124629
5412,1802,103,1,298.36,0.0,298.36,2026-05-10T20:37:32.124648
5413,1802,13,3,2066.14,0.05,5888.5,2026-05-10T20:37:32.124648
5414,1803,2,3,439.91,0.15,1121.77,2026-08-20T17:16:32.124667
5415,1804,108,1,407.19,0.05,386.83,2026-09-11T21:42:32.124682
5416,1804,99,2,575.39,0.1,1035.7,2026-09-11T21:42:32.124682
5417,1805,109,3,1094.28,0.0,3282.84,2026-04-03T20:15:32.124704
5418,1805,99,2,575.39,0.05,1093.24,2026-04-03T20:15:32.124704
5419,1806,111,2,340.18,0.15,578.31,2026-05-13T07:26:32.124723
5420,1807,56,2,780.61,0.15,1327.04,2026-08-11T04:54:32.124739
5421,1808,77,3,360.14,0.0,1080.42,2026-08-29T09:24:32.124757
5422,1808,49,1,342.66,0.0,342.66,2026-08-29T09:24:32.124757
5423,1809,17,2,1226.38,0.0,2452.76,2026-04-11T03:56:32.124777
5424,1809,103,2,298.36,0.1,537.05,2026-04-11T03:56:32.124777
5425,1809,89,1,493.15,0.1,443.83,2026-04-11T03:56:32.124777
5426,1809,38,3,1155.34,0.0,3466.02,2026-04-11T03:56:32.124777
5427,1809,98,3,643.73,0.1,1738.07,2026-04-11T03:56:32.124777
5428,1810,60,1,824.84,0.15,701.11,2026-07-01T00:43:32.124811
5429,1810,76,3,747.78,0.0,2243.34,2026-07-01T00:43:32.124811
5430,1810,36,2,97.84,0.15,166.33,2026-07-01T00:43:32.124811
5431,1811,105,1,360.47,0.0,360.47,2026-05-24T18:39:32.124837
5432,1811,32,3,1444.35,0.05,4116.4,2026-05-24T18:39:32.124837
5433,1811,94,1,115.87,0.0,115.87,2026-05-24T18:39:32.124837
5434,1811,48,1,733.85,0.0,733.85,2026-05-24T18:39:32.124837
5435,1811,95,3,237.31,0.1,640.74,2026-05-24T18:39:32.124837
5436,1812,89,3,493.15,0.0,1479.45,2026-06-24T08:54:32.124869
5437,1812,117,3,1381.28,0.0,4143.84,2026-06-24T08:54:32.124869
5438,1812,73,3,721.9,0.05,2057.41,2026-06-24T08:54:32.124869
5439,1812,86,2,517.65,0.05,983.53,2026-06-24T08:54:32.124869
5440,1812,84,1,358.51,0.05,340.58,2026-06-24T08:54:32.124869
5441,1813,44,1,1108.44,0.0,1108.44,2026-05-09T04:59:32.124903
5442,1813,40,3,693.12,0.1,1871.42,2026-05-09T04:59:32.124903
5443,1813,107,2,1503.69,0.15,2556.27,2026-05-09T04:59:32.124903
5444,1813,59,1,1201.61,0.1,1081.45,2026-05-09T04:59:32.124903
5445,1813,63,1,1474.96,0.0,1474.96,2026-05-09T04:59:32.124903
5446,1814,21,3,579.0,0.1,1563.3,2026-09-17T05:13:32.124937
5447,1814,76,1,747.78,0.05,710.39,2026-09-17T05:13:32.124937
5448,1814,70,2,518.03,0.1,932.45,2026-09-17T05:13:32.124937
5449,1814,48,1,733.85,0.0,733.85,2026-09-17T05:13:32.124937
5450,1815,13,2,2066.14,0.0,4132.28,2026-05-10T18:09:32.124965
5451,1815,41,2,1658.14,0.1,2984.65,2026-05-10T18:09:32.124965
5452,1815,2,2,439.91,0.05,835.83,2026-05-10T18:09:32.124965
5453,1816,38,1,1155.34,0.15,982.04,2026-05-21T18:54:32.124989
5454,1816,4,1,1063.54,0.0,1063.54,2026-05-21T18:54:32.124989
5455,1816,80,2,596.68,0.15,1014.36,2026-05-21T18:54:32.124989
5456,1816,83,1,1243.0,0.1,1118.7,2026-05-21T18:54:32.124989
5457,1816,2,2,439.91,0.1,791.84,2026-05-21T18:54:32.124989
5458,1817,47,2,1270.2,0.15,2159.34,2026-08-06T08:29:32.125020
5459,1817,61,3,1557.98,0.0,4673.94,2026-08-06T08:29:32.125020
5460,1817,114,3,48.79,0.0,146.37,2026-08-06T08:29:32.125020
5461,1817,63,3,1474.96,0.1,3982.39,2026-08-06T08:29:32.125020
5462,1817,107,1,1503.69,0.1,1353.32,2026-08-06T08:29:32.125020
5463,1818,52,1,92.69,0.05,88.06,2026-08-19T21:35:32.125055
5464,1819,46,3,25.75,0.1,69.53,2026-04-21T13:43:32.125071
5465,1819,74,3,377.0,0.1,1017.9,2026-04-21T13:43:32.125071
5466,1819,86,2,517.65,0.0,1035.3,2026-04-21T13:43:32.125071
5467,1820,114,2,48.79,0.1,87.82,2026-05-26T23:49:32.125095
5468,1820,120,1,1388.53,0.1,1249.68,2026-05-26T23:49:32.125095
5469,1821,12,3,1208.52,0.05,3444.28,2026-05-11T15:25:32.125114
5470,1821,14,2,287.84,0.15,489.33,2026-05-11T15:25:32.125114
5471,1822,115,1,213.29,0.0,213.29,2026-07-04T14:50:32.125135
5472,1822,99,1,575.39,0.15,489.08,2026-07-04T14:50:32.125135
5473,1822,88,2,775.06,0.0,1550.12,2026-07-04T14:50:32.125135
5474,1823,88,2,775.06,0.0,1550.12,2026-06-18T10:41:32.125159
5475,1823,108,3,407.19,0.0,1221.57,2026-06-18T10:41:32.125159
5476,1823,89,2,493.15,0.0,986.3,2026-06-18T10:41:32.125159
5477,1824,45,3,610.17,0.0,1830.51,2026-06-25T01:10:32.125184
5478,1824,116,3,615.12,0.0,1845.36,2026-06-25T01:10:32.125184
5479,1824,87,1,1696.52,0.0,1696.52,2026-06-25T01:10:32.125184
5480,1824,118,3,31.27,0.0,93.81,2026-06-25T01:10:32.125184
5481,1825,77,1,360.14,0.15,306.12,2026-07-27T14:53:32.125214
5482,1825,56,2,780.61,0.05,1483.16,2026-07-27T14:53:32.125214
5483,1825,48,2,733.85,0.0,1467.7,2026-07-27T14:53:32.125214
5484,1825,10,1,858.14,0.1,772.33,2026-07-27T14:53:32.125214
5485,1826,91,3,1357.23,0.15,3460.94,2026-04-16T20:44:32.125241
5486,1826,12,2,1208.52,0.15,2054.48,2026-04-16T20:44:32.125241
5487,1827,51,2,1446.49,0.0,2892.98,2026-06-25T20:01:32.125260
5488,1828,61,3,1557.98,0.0,4673.94,2026-04-18T23:47:32.125276
5489,1828,43,3,187.62,0.0,562.86,2026-04-18T23:47:32.125276
5490,1828,68,2,270.06,0.1,486.11,2026-04-18T23:47:32.125276
5491,1828,78,2,219.47,0.15,373.1,2026-04-18T23:47:32.125276
5492,1829,41,2,1658.14,0.1,2984.65,2026-07-26T17:41:32.125306
5493,1829,53,1,1077.0,0.05,1023.15,2026-07-26T17:41:32.125306
5494,1829,84,1,358.51,0.0,358.51,2026-07-26T17:41:32.125306
5495,1829,113,2,453.18,0.0,906.36,2026-07-26T17:41:32.125306
5496,1830,113,2,453.18,0.0,906.36,2026-08-16T20:25:32.125334
5497,1830,32,1,1444.35,0.0,1444.35,2026-08-16T20:25:32.125334
5498,1830,93,1,81.1,0.05,77.04,2026-08-16T20:25:32.125334
5499,1830,79,1,219.09,0.0,219.09,2026-08-16T20:25:32.125334
5500,1831,59,1,1201.61,0.0,1201.61,2026-06-01T03:01:32.125361
5501,1831,102,2,61.75,0.0,123.5,2026-06-01T03:01:32.125361
5502,1831,98,3,643.73,0.0,1931.19,2026-06-01T03:01:32.125361
5503,1831,12,1,1208.52,0.0,1208.52,2026-06-01T03:01:32.125361
5504,1831,52,1,92.69,0.0,92.69,2026-06-01T03:01:32.125361
5505,1832,117,3,1381.28,0.0,4143.84,2026-04-23T07:00:32.125395
5506,1833,15,3,478.17,0.0,1434.51,2026-03-29T21:27:32.125411
5507,1833,104,1,1646.45,0.05,1564.13,2026-03-29T21:27:32.125411
5508,1833,87,2,1696.52,0.0,3393.04,2026-03-29T21:27:32.125411
5509,1833,2,3,439.91,0.05,1253.74,2026-03-29T21:27:32.125411
5510,1833,90,1,1214.39,0.1,1092.95,2026-03-29T21:27:32.125411
5511,1834,70,2,518.03,0.0,1036.06,2026-07-13T01:19:32.125442
5512,1834,69,3,1640.23,0.05,4674.66,2026-07-13T01:19:32.125442
5513,1834,21,3,579.0,0.0,1737.0,2026-07-13T01:19:32.125442
5514,1834,58,1,936.72,0.0,936.72,2026-07-13T01:19:32.125442
5515,1834,108,2,407.19,0.0,814.38,2026-07-13T01:19:32.125442
5516,1835,49,2,342.66,0.15,582.52,2026-04-22T17:41:32.125474
5517,1835,104,2,1646.45,0.0,3292.9,2026-04-22T17:41:32.125474
5518,1835,76,3,747.78,0.0,2243.34,2026-04-22T17:41:32.125474
5519,1835,46,3,25.75,0.0,77.25,2026-04-22T17:41:32.125474
5520,1835,8,1,104.24,0.1,93.82,2026-04-22T17:41:32.125474
5521,1836,97,2,1192.46,0.1,2146.43,2026-05-26T05:00:32.125508
5522,1836,103,1,298.36,0.05,283.44,2026-05-26T05:00:32.125508
5523,1836,45,1,610.17,0.15,518.64,2026-05-26T05:00:32.125508
5524,1836,99,1,575.39,0.0,575.39,2026-05-26T05:00:32.125508
5525,1837,111,3,340.18,0.1,918.49,2026-04-06T11:55:32.125535
5526,1838,54,3,1652.43,0.05,4709.43,2026-08-15T15:13:32.125553
5527,1838,102,1,61.75,0.0,61.75,2026-08-15T15:13:32.125553
5528,1838,52,1,92.69,0.15,78.79,2026-08-15T15:13:32.125553
5529,1839,46,3,25.75,0.05,73.39,2026-04-06T03:46:32.125576
5530,1839,42,3,430.69,0.0,1292.07,2026-04-06T03:46:32.125576
5531,1840,32,3,1444.35,0.1,3899.74,2026-04-05T00:13:32.125597
5532,1840,97,1,1192.46,0.05,1132.84,2026-04-05T00:13:32.125597
5533,1840,119,1,45.9,0.15,39.02,2026-04-05T00:13:32.125597
5534,1840,43,2,187.62,0.05,356.48,2026-04-05T00:13:32.125597
5535,1840,70,1,518.03,0.1,466.23,2026-04-05T00:13:32.125597
5536,1841,105,3,360.47,0.1,973.27,2026-05-26T14:23:32.125630
5537,1841,60,3,824.84,0.0,2474.52,2026-05-26T14:23:32.125630
5538,1841,101,1,1089.31,0.0,1089.31,2026-05-26T14:23:32.125630
5539,1841,51,1,1446.49,0.0,1446.49,2026-05-26T14:23:32.125630
5540,1841,14,3,287.84,0.0,863.52,2026-05-26T14:23:32.125630
5541,1842,61,1,1557.98,0.1,1402.18,2026-03-25T03:50:32.125662
5542,1843,23,1,185.54,0.05,176.26,2026-08-19T13:20:32.125678
5543,1843,22,1,46.79,0.1,42.11,2026-08-19T13:20:32.125678
5544,1844,71,2,684.07,0.0,1368.14,2026-04-22T15:35:32.125696
5545,1844,79,3,219.09,0.0,657.27,2026-04-22T15:35:32.125696
5546,1844,55,2,467.36,0.0,934.72,2026-04-22T15:35:32.125696
5547,1845,77,1,360.14,0.05,342.13,2026-05-24T17:27:32.125720
5548,1845,36,1,97.84,0.05,92.95,2026-05-24T17:27:32.125720
5549,1845,51,2,1446.49,0.0,2892.98,2026-05-24T17:27:32.125720
5550,1845,37,3,591.14,0.05,1684.75,2026-05-24T17:27:32.125720
5551,1846,6,2,1554.13,0.1,2797.43,2026-09-17T02:10:32.125749
5552,1846,12,1,1208.52,0.0,1208.52,2026-09-17T02:10:32.125749
5553,1847,93,2,81.1,0.0,162.2,2026-08-31T14:08:32.125769
5554,1848,22,2,46.79,0.0,93.58,2026-05-19T14:00:32.125785
5555,1848,76,3,747.78,0.05,2131.17,2026-05-19T14:00:32.125785
5556,1849,114,3,48.79,0.0,146.37,2026-08-30T19:30:32.125806
5557,1849,15,2,478.17,0.05,908.52,2026-08-30T19:30:32.125806
5558,1849,107,3,1503.69,0.15,3834.41,2026-08-30T19:30:32.125806
5559,1849,102,3,61.75,0.15,157.46,2026-08-30T19:30:32.125806
5560,1849,4,2,1063.54,0.0,2127.08,2026-08-30T19:30:32.125806
5561,1850,41,3,1658.14,0.1,4476.98,2026-05-22T23:05:32.125838
5562,1850,50,2,935.89,0.0,1871.78,2026-05-22T23:05:32.125838
5563,1850,39,3,486.81,0.0,1460.43,2026-05-22T23:05:32.125838
5564,1850,106,1,79.66,0.05,75.68,2026-05-22T23:05:32.125838
5565,1850,119,1,45.9,0.0,45.9,2026-05-22T23:05:32.125838
5566,1851,25,1,257.25,0.05,244.39,2026-03-31T04:18:32.125871
5567,1852,61,2,1557.98,0.0,3115.96,2026-05-29T02:59:32.125890
5568,1852,15,2,478.17,0.1,860.71,2026-05-29T02:59:32.125890
5569,1852,117,1,1381.28,0.15,1174.09,2026-05-29T02:59:32.125890
5570,1853,111,2,340.18,0.0,680.36,2026-08-30T07:04:32.125914
5571,1854,20,2,1533.75,0.05,2914.12,2026-08-13T03:20:32.125929
5572,1854,117,3,1381.28,0.0,4143.84,2026-08-13T03:20:32.125929
5573,1855,88,1,775.06,0.0,775.06,2026-08-27T00:19:32.125948
5574,1855,87,1,1696.52,0.05,1611.69,2026-08-27T00:19:32.125948
5575,1855,26,2,1615.36,0.1,2907.65,2026-08-27T00:19:32.125948
5576,1856,2,1,439.91,0.0,439.91,2026-08-16T16:03:32.125973
5577,1856,41,2,1658.14,0.0,3316.28,2026-08-16T16:03:32.125973
5578,1856,101,2,1089.31,0.05,2069.69,2026-08-16T16:03:32.125973
5579,1857,43,3,187.62,0.0,562.86,2026-08-24T06:13:32.125999
5580,1857,63,2,1474.96,0.15,2507.43,2026-08-24T06:13:32.125999
5581,1857,77,3,360.14,0.15,918.36,2026-08-24T06:13:32.125999
5582,1857,32,2,1444.35,0.0,2888.7,2026-08-24T06:13:32.125999
5583,1857,72,1,856.16,0.1,770.54,2026-08-24T06:13:32.125999
5584,1858,15,2,478.17,0.0,956.34,2026-05-29T04:18:32.126031
5585,1858,55,3,467.36,0.05,1331.98,2026-05-29T04:18:32.126031
5586,1858,39,2,486.81,0.1,876.26,2026-05-29T04:18:32.126031
5587,1858,51,2,1446.49,0.0,2892.98,2026-05-29T04:18:32.126031
5588,1859,88,1,775.06,0.1,697.55,2026-06-11T22:35:32.126062
5589,1859,62,3,1109.18,0.1,2994.79,2026-06-11T22:35:32.126062
5590,1859,34,1,1474.08,0.1,1326.67,2026-06-11T22:35:32.126062
5591,1860,28,3,771.64,0.15,1967.68,2026-09-06T07:59:32.126085
5592,1860,104,2,1646.45,0.1,2963.61,2026-09-06T07:59:32.126085
5593,1861,80,2,596.68,0.05,1133.69,2026-07-26T19:00:32.126106
5594,1862,15,3,478.17,0.0,1434.51,2026-09-04T01:51:32.126123
5595,1862,40,2,693.12,0.15,1178.3,2026-09-04T01:51:32.126123
5596,1863,14,2,287.84,0.0,575.68,2026-07-10T12:09:32.126143
5597,1863,60,2,824.84,0.0,1649.68,2026-07-10T12:09:32.126143
5598,1864,50,1,935.89,0.0,935.89,2026-05-31T20:03:32.126163
5599,1864,34,2,1474.08,0.0,2948.16,2026-05-31T20:03:32.126163
5600,1864,102,3,61.75,0.15,157.46,2026-05-31T20:03:32.126163
5601,1864,120,2,1388.53,0.0,2777.06,2026-05-31T20:03:32.126163
5602,1865,88,1,775.06,0.1,697.55,2026-07-10T08:20:32.126191
5603,1865,4,2,1063.54,0.05,2020.73,2026-07-10T08:20:32.126191
5604,1865,120,1,1388.53,0.0,1388.53,2026-07-10T08:20:32.126191
5605,1865,107,1,1503.69,0.15,1278.14,2026-07-10T08:20:32.126191
5606,1866,78,3,219.47,0.0,658.41,2026-07-28T22:31:32.126224
5607,1866,20,2,1533.75,0.0,3067.5,2026-07-28T22:31:32.126224
5608,1866,42,1,430.69,0.05,409.16,2026-07-28T22:31:32.126224
5609,1867,7,2,341.85,0.0,683.7,2026-06-28T21:10:32.126250
5610,1868,56,2,780.61,0.05,1483.16,2026-06-19T04:13:32.126265
5611,1868,74,3,377.0,0.1,1017.9,2026-06-19T04:13:32.126265
5612,1869,94,3,115.87,0.0,347.61,2026-05-13T22:58:32.126284
5613,1870,22,2,46.79,0.05,88.9,2026-05-09T18:16:32.126302
5614,1870,46,3,25.75,0.1,69.53,2026-05-09T18:16:32.126302
5615,1870,34,1,1474.08,0.15,1252.97,2026-05-09T18:16:32.126302
5616,1871,63,2,1474.96,0.0,2949.92,2026-07-04T02:50:32.126328
5617,1871,115,1,213.29,0.15,181.3,2026-07-04T02:50:32.126328
5618,1871,2,3,439.91,0.0,1319.73,2026-07-04T02:50:32.126328
5619,1871,21,1,579.0,0.0,579.0,2026-07-04T02:50:32.126328
5620,1871,102,3,61.75,0.0,185.25,2026-07-04T02:50:32.126328
5621,1872,46,1,25.75,0.05,24.46,2026-05-04T21:06:32.126362
5622,1872,105,3,360.47,0.1,973.27,2026-05-04T21:06:32.126362
5623,1873,23,1,185.54,0.15,157.71,2026-05-24T01:12:32.126382
5624,1873,41,2,1658.14,0.05,3150.47,2026-05-24T01:12:32.126382
5625,1873,10,3,858.14,0.15,2188.26,2026-05-24T01:12:32.126382
5626,1873,26,2,1615.36,0.05,3069.18,2026-05-24T01:12:32.126382
5627,1873,99,3,575.39,0.1,1553.55,2026-05-24T01:12:32.126382
5628,1874,104,3,1646.45,0.0,4939.35,2026-07-22T23:53:32.126416
5629,1874,115,1,213.29,0.15,181.3,2026-07-22T23:53:32.126416
5630,1874,87,2,1696.52,0.0,3393.04,2026-07-22T23:53:32.126416
5631,1875,79,2,219.09,0.05,416.27,2026-04-03T01:32:32.126440
5632,1876,105,2,360.47,0.1,648.85,2026-07-17T17:12:32.126461
5633,1876,31,1,967.29,0.0,967.29,2026-07-17T17:12:32.126461
5634,1876,42,3,430.69,0.0,1292.07,2026-07-17T17:12:32.126461
5635,1876,34,2,1474.08,0.0,2948.16,2026-07-17T17:12:32.126461
5636,1877,42,2,430.69,0.05,818.31,2026-04-07T08:53:32.126491
5637,1877,6,3,1554.13,0.05,4429.27,2026-04-07T08:53:32.126491
5638,1877,62,1,1109.18,0.05,1053.72,2026-04-07T08:53:32.126491
5639,1877,100,1,1296.05,0.1,1166.44,2026-04-07T08:53:32.126491
5640,1878,93,3,81.1,0.0,243.3,2026-05-09T00:38:32.126521
5641,1878,102,1,61.75,0.05,58.66,2026-05-09T00:38:32.126521
5642,1879,52,2,92.69,0.05,176.11,2026-08-31T09:39:32.126543
5643,1879,106,3,79.66,0.0,238.98,2026-08-31T09:39:32.126543
5644,1879,119,3,45.9,0.0,137.7,2026-08-31T09:39:32.126543
5645,1879,49,3,342.66,0.15,873.78,2026-08-31T09:39:32.126543
5646,1879,12,3,1208.52,0.1,3263.0,2026-08-31T09:39:32.126543
5647,1880,36,2,97.84,0.15,166.33,2026-05-01T22:06:32.126580
5648,1881,41,1,1658.14,0.1,1492.33,2026-04-10T02:53:32.126602
5649,1881,10,3,858.14,0.1,2316.98,2026-04-10T02:53:32.126602
5650,1881,93,3,81.1,0.0,243.3,2026-04-10T02:53:32.126602
5651,1881,42,1,430.69,0.0,430.69,2026-04-10T02:53:32.126602
5652,1882,119,2,45.9,0.05,87.21,2026-06-02T23:42:32.126633
5653,1882,80,1,596.68,0.05,566.85,2026-06-02T23:42:32.126633
5654,1883,3,3,540.29,0.1,1458.78,2026-09-17T09:35:32.126654
5655,1883,58,2,936.72,0.1,1686.1,2026-09-17T09:35:32.126654
5656,1884,100,2,1296.05,0.0,2592.1,2026-05-16T12:08:32.126674
5657,1884,41,3,1658.14,0.15,4228.26,2026-05-16T12:08:32.126674
5658,1885,118,1,31.27,0.0,31.27,2026-07-23T05:47:32.126695
5659,1885,17,1,1226.38,0.0,1226.38,2026-07-23T05:47:32.126695
5660,1885,104,2,1646.45,0.0,3292.9,2026-07-23T05:47:32.126695
5661,1886,76,3,747.78,0.1,2019.01,2026-05-03T08:33:32.126723
5662,1886,55,3,467.36,0.05,1331.98,2026-05-03T08:33:32.126723
5663,1886,70,2,518.03,0.0,1036.06,2026-05-03T08:33:32.126723
5664,1886,92,2,551.27,0.05,1047.41,2026-05-03T08:33:32.126723
5665,1887,95,1,237.31,0.0,237.31,2026-06-21T15:59:32.126753
5666,1887,53,1,1077.0,0.0,1077.0,2026-06-21T15:59:32.126753
5667,1887,20,1,1533.75,0.15,1303.69,2026-06-21T15:59:32.126753
5668,1888,72,2,856.16,0.0,1712.32,2026-07-13T14:19:32.126778
5669,1888,52,1,92.69,0.15,78.79,2026-07-13T14:19:32.126778
5670,1888,27,3,271.84,0.0,815.52,2026-07-13T14:19:32.126778
5671,1888,44,2,1108.44,0.0,2216.88,2026-07-13T14:19:32.126778
5672,1888,117,2,1381.28,0.15,2348.18,2026-07-13T14:19:32.126778
5673,1889,32,3,1444.35,0.1,3899.74,2026-08-08T19:24:32.126811
5674,1889,63,3,1474.96,0.1,3982.39,2026-08-08T19:24:32.126811
5675,1889,111,1,340.18,0.0,340.18,2026-08-08T19:24:32.126811
5676,1890,111,1,340.18,0.0,340.18,2026-07-23T22:23:32.126837
5677,1890,95,2,237.31,0.05,450.89,2026-07-23T22:23:32.126837
5678,1890,36,1,97.84,0.15,83.16,2026-07-23T22:23:32.126837
5679,1890,89,3,493.15,0.0,1479.45,2026-07-23T22:23:32.126837
5680,1891,20,1,1533.75,0.15,1303.69,2026-05-10T04:04:32.126871
5681,1892,103,3,298.36,0.0,895.08,2026-06-11T17:53:32.126889
5682,1892,55,3,467.36,0.15,1191.77,2026-06-11T17:53:32.126889
5683,1892,5,1,1081.58,0.05,1027.5,2026-06-11T17:53:32.126889
5684,1893,2,1,439.91,0.05,417.91,2026-05-08T17:56:32.126912
5685,1893,8,2,104.24,0.05,198.06,2026-05-08T17:56:32.126912
5686,1893,55,2,467.36,0.0,934.72,2026-05-08T17:56:32.126912
5687,1893,92,1,551.27,0.15,468.58,2026-05-08T17:56:32.126912
5688,1894,18,2,390.89,0.1,703.6,2026-04-21T22:57:32.126939
5689,1894,23,3,185.54,0.0,556.62,2026-04-21T22:57:32.126939
5690,1895,93,2,81.1,0.15,137.87,2026-08-31T08:53:32.126960
5691,1895,13,2,2066.14,0.0,4132.28,2026-08-31T08:53:32.126960
5692,1895,88,3,775.06,0.1,2092.66,2026-08-31T08:53:32.126960
5693,1895,84,1,358.51,0.0,358.51,2026-08-31T08:53:32.126960
5694,1895,107,2,1503.69,0.05,2857.01,2026-08-31T08:53:32.126960
5695,1896,18,2,390.89,0.0,781.78,2026-07-25T02:11:32.126995
5696,1896,98,3,643.73,0.1,1738.07,2026-07-25T02:11:32.126995
5697,1896,79,2,219.09,0.15,372.45,2026-07-25T02:11:32.126995
5698,1896,28,3,771.64,0.15,1967.68,2026-07-25T02:11:32.126995
5699,1897,86,1,517.65,0.05,491.77,2026-03-26T07:23:32.127025
5700,1897,65,1,1979.06,0.0,1979.06,2026-03-26T07:23:32.127025
5701,1897,39,3,486.81,0.15,1241.37,2026-03-26T07:23:32.127025
5702,1897,116,3,615.12,0.15,1568.56,2026-03-26T07:23:32.127025
5703,1898,6,3,1554.13,0.1,4196.15,2026-05-03T08:58:32.127053
5704,1898,39,2,486.81,0.05,924.94,2026-05-03T08:58:32.127053
5705,1898,54,3,1652.43,0.0,4957.29,2026-05-03T08:58:32.127053
5706,1898,113,1,453.18,0.05,430.52,2026-05-03T08:58:32.127053
5707,1899,56,1,780.61,0.0,780.61,2026-07-01T08:23:32.127080
5708,1899,55,1,467.36,0.1,420.62,2026-07-01T08:23:32.127080
5709,1899,27,1,271.84,0.0,271.84,2026-07-01T08:23:32.127080
5710,1899,29,3,205.02,0.05,584.31,2026-07-01T08:23:32.127080
5711,1899,92,3,551.27,0.1,1488.43,2026-07-01T08:23:32.127080
5712,1900,23,3,185.54,0.05,528.79,2026-08-21T02:59:32.127115
5713,1900,7,1,341.85,0.15,290.57,2026-08-21T02:59:32.127115
5714,1900,116,3,615.12,0.15,1568.56,2026-08-21T02:59:32.127115
5715,1901,106,1,79.66,0.05,75.68,2026-04-29T18:41:32.127139
5716,1901,4,2,1063.54,0.1,1914.37,2026-04-29T18:41:32.127139
5717,1901,66,2,116.43,0.0,232.86,2026-04-29T18:41:32.127139
5718,1902,115,1,213.29,0.0,213.29,2026-08-17T02:28:32.127165
5719,1902,4,3,1063.54,0.0,3190.62,2026-08-17T02:28:32.127165
5720,1902,10,1,858.14,0.15,729.42,2026-08-17T02:28:32.127165
5721,1902,97,3,1192.46,0.15,3040.77,2026-08-17T02:28:32.127165
5722,1902,44,3,1108.44,0.1,2992.79,2026-08-17T02:28:32.127165
5723,1903,114,3,48.79,0.0,146.37,2026-06-12T19:54:32.127199
5724,1903,4,2,1063.54,0.15,1808.02,2026-06-12T19:54:32.127199
5725,1903,43,3,187.62,0.1,506.57,2026-06-12T19:54:32.127199
5726,1903,42,1,430.69,0.0,430.69,2026-06-12T19:54:32.127199
5727,1903,39,1,486.81,0.15,413.79,2026-06-12T19:54:32.127199
5728,1904,35,1,1414.87,0.0,1414.87,2026-07-30T04:34:32.127233
5729,1904,46,2,25.75,0.0,51.5,2026-07-30T04:34:32.127233
5730,1905,36,1,97.84,0.15,83.16,2026-04-03T13:58:32.127253
5731,1905,47,2,1270.2,0.0,2540.4,2026-04-03T13:58:32.127253
5732,1905,90,2,1214.39,0.15,2064.46,2026-04-03T13:58:32.127253
5733,1905,99,3,575.39,0.0,1726.17,2026-04-03T13:58:32.127253
5734,1906,19,1,1096.11,0.15,931.69,2026-08-09T06:26:32.127280
5735,1906,93,1,81.1,0.1,72.99,2026-08-09T06:26:32.127280
5736,1906,15,1,478.17,0.0,478.17,2026-08-09T06:26:32.127280
5737,1907,73,2,721.9,0.0,1443.8,2026-09-18T13:24:32.127305
5738,1908,4,1,1063.54,0.1,957.19,2026-07-11T10:14:32.127320
5739,1908,120,2,1388.53,0.0,2777.06,2026-07-11T10:14:32.127320
5740,1908,91,2,1357.23,0.15,2307.29,2026-07-11T10:14:32.127320
5741,1909,106,2,79.66,0.15,135.42,2026-08-08T00:29:32.127345
5742,1909,88,2,775.06,0.0,1550.12,2026-08-08T00:29:32.127345
5743,1910,109,1,1094.28,0.0,1094.28,2026-07-10T20:11:32.127365
5744,1910,72,3,856.16,0.0,2568.48,2026-07-10T20:11:32.127365
5745,1910,104,3,1646.45,0.0,4939.35,2026-07-10T20:11:32.127365
5746,1911,53,2,1077.0,0.15,1830.9,2026-05-10T05:07:32.127388
5747,1911,32,3,1444.35,0.0,4333.05,2026-05-10T05:07:32.127388
5748,1911,103,3,298.36,0.05,850.33,2026-05-10T05:07:32.127388
5749,1911,71,2,684.07,0.0,1368.14,2026-05-10T05:07:32.127388
5750,1911,30,3,539.5,0.1,1456.65,2026-05-10T05:07:32.127388
5751,1912,102,2,61.75,0.0,123.5,2026-08-19T22:09:32.127420
5752,1912,66,3,116.43,0.0,349.29,2026-08-19T22:09:32.127420
5753,1912,58,1,936.72,0.05,889.88,2026-08-19T22:09:32.127420
5754,1912,42,3,430.69,0.0,1292.07,2026-08-19T22:09:32.127420
5755,1913,99,2,575.39,0.0,1150.78,2026-09-09T07:22:32.127447
5756,1913,53,2,1077.0,0.0,2154.0,2026-09-09T07:22:32.127447
5757,1914,68,3,270.06,0.0,810.18,2026-07-17T15:36:32.127469
5758,1914,80,2,596.68,0.05,1133.69,2026-07-17T15:36:32.127469
5759,1915,97,3,1192.46,0.0,3577.38,2026-04-03T04:50:32.127490
5760,1915,117,3,1381.28,0.0,4143.84,2026-04-03T04:50:32.127490
5761,1915,49,1,342.66,0.0,342.66,2026-04-03T04:50:32.127490
5762,1915,113,2,453.18,0.0,906.36,2026-04-03T04:50:32.127490
5763,1915,34,2,1474.08,0.15,2505.94,2026-04-03T04:50:32.127490
5764,1916,101,3,1089.31,0.15,2777.74,2026-04-03T10:27:32.127523
5765,1916,36,3,97.84,0.05,278.84,2026-04-03T10:27:32.127523
5766,1916,41,1,1658.14,0.0,1658.14,2026-04-03T10:27:32.127523
5767,1916,40,1,693.12,0.0,693.12,2026-04-03T10:27:32.127523
5768,1916,37,3,591.14,0.0,1773.42,2026-04-03T10:27:32.127523
5769,1917,29,3,205.02,0.15,522.8,2026-05-27T08:02:32.127555
5770,1918,60,2,824.84,0.15,1402.23,2026-04-29T19:31:32.127574
5771,1918,94,3,115.87,0.0,347.61,2026-04-29T19:31:32.127574
5772,1918,120,3,1388.53,0.15,3540.75,2026-04-29T19:31:32.127574
5773,1918,25,3,257.25,0.0,771.75,2026-04-29T19:31:32.127574
5774,1919,88,2,775.06,0.0,1550.12,2026-04-29T05:25:32.127605
5775,1919,42,3,430.69,0.0,1292.07,2026-04-29T05:25:32.127605
5776,1920,40,1,693.12,0.1,623.81,2026-06-12T10:31:32.127625
5777,1921,113,1,453.18,0.0,453.18,2026-06-09T23:35:32.127641
5778,1922,88,1,775.06,0.0,775.06,2026-05-13T00:43:32.127656
5779,1922,26,1,1615.36,0.05,1534.59,2026-05-13T00:43:32.127656
5780,1922,74,3,377.0,0.0,1131.0,2026-05-13T00:43:32.127656
5781,1922,80,1,596.68,0.0,596.68,2026-05-13T00:43:32.127656
5782,1922,44,3,1108.44,0.15,2826.52,2026-05-13T00:43:32.127656
5783,1923,73,2,721.9,0.0,1443.8,2026-05-28T02:19:32.127688
5784,1923,103,2,298.36,0.0,596.72,2026-05-28T02:19:32.127688
5785,1924,73,1,721.9,0.0,721.9,2026-05-22T23:11:32.127712
5786,1924,6,1,1554.13,0.1,1398.72,2026-05-22T23:11:32.127712
5787,1925,13,1,2066.14,0.05,1962.83,2026-08-06T00:31:32.127731
5788,1926,102,2,61.75,0.0,123.5,2026-07-31T12:22:32.127747
5789,1926,108,1,407.19,0.05,386.83,2026-07-31T12:22:32.127747
5790,1926,50,3,935.89,0.0,2807.67,2026-07-31T12:22:32.127747
5791,1927,40,3,693.12,0.0,2079.36,2026-06-26T07:32:32.127771
5792,1927,56,3,780.61,0.15,1990.56,2026-06-26T07:32:32.127771
5793,1927,108,2,407.19,0.0,814.38,2026-06-26T07:32:32.127771
5794,1927,111,1,340.18,0.05,323.17,2026-06-26T07:32:32.127771
5795,1928,41,2,1658.14,0.0,3316.28,2026-04-10T23:56:32.127802
5796,1928,39,3,486.81,0.1,1314.39,2026-04-10T23:56:32.127802
5797,1929,2,2,439.91,0.0,879.82,2026-05-05T23:45:32.127825
5798,1929,28,2,771.64,0.0,1543.28,2026-05-05T23:45:32.127825
5799,1929,55,3,467.36,0.0,1402.08,2026-05-05T23:45:32.127825
5800,1930,36,2,97.84,0.0,195.68,2026-07-09T18:22:32.127854
5801,1930,61,2,1557.98,0.1,2804.36,2026-07-09T18:22:32.127854
5802,1930,87,1,1696.52,0.15,1442.04,2026-07-09T18:22:32.127854
5803,1931,104,2,1646.45,0.15,2798.97,2026-09-04T13:01:32.127877
5804,1931,77,2,360.14,0.15,612.24,2026-09-04T13:01:32.127877
5805,1931,38,1,1155.34,0.0,1155.34,2026-09-04T13:01:32.127877
5806,1931,86,3,517.65,0.0,1552.95,2026-09-04T13:01:32.127877
5807,1932,117,2,1381.28,0.15,2348.18,2026-05-16T04:26:32.127908
5808,1933,35,3,1414.87,0.0,4244.61,2026-08-06T17:09:32.127924
5809,1933,6,1,1554.13,0.0,1554.13,2026-08-06T17:09:32.127924
5810,1933,98,2,643.73,0.0,1287.46,2026-08-06T17:09:32.127924
5811,1934,116,2,615.12,0.0,1230.24,2026-04-18T12:22:32.127948
5812,1934,61,1,1557.98,0.15,1324.28,2026-04-18T12:22:32.127948
5813,1935,109,1,1094.28,0.1,984.85,2026-03-31T23:57:32.127970
5814,1935,80,3,596.68,0.0,1790.04,2026-03-31T23:57:32.127970
5815,1936,71,1,684.07,0.0,684.07,2026-05-10T01:41:32.127991
5816,1936,40,3,693.12,0.0,2079.36,2026-05-10T01:41:32.127991
5817,1937,3,2,540.29,0.0,1080.58,2026-03-24T08:08:32.128012
5818,1937,114,2,48.79,0.15,82.94,2026-03-24T08:08:32.128012
5819,1937,14,1,287.84,0.15,244.66,2026-03-24T08:08:32.128012
5820,1938,55,1,467.36,0.0,467.36,2026-06-30T23:08:32.128036
5821,1938,38,1,1155.34,0.05,1097.57,2026-06-30T23:08:32.128036
5822,1938,90,1,1214.39,0.0,1214.39,2026-06-30T23:08:32.128036
5823,1938,59,1,1201.61,0.0,1201.61,2026-06-30T23:08:32.128036
5824,1939,92,2,551.27,0.0,1102.54,2026-06-21T02:31:32.128064
5825,1939,99,2,575.39,0.15,978.16,2026-06-21T02:31:32.128064
5826,1939,119,1,45.9,0.0,45.9,2026-06-21T02:31:32.128064
5827,1939,115,2,213.29,0.0,426.58,2026-06-21T02:31:32.128064
5828,1939,54,2,1652.43,0.05,3139.62,2026-06-21T02:31:32.128064
5829,1940,97,3,1192.46,0.0,3577.38,2026-06-07T21:51:32.128097
5830,1940,5,1,1081.58,0.0,1081.58,2026-06-07T21:51:32.128097
5831,1941,21,3,579.0,0.1,1563.3,2026-09-07T03:29:32.128118
5832,1941,53,1,1077.0,0.1,969.3,2026-09-07T03:29:32.128118
5833,1941,14,2,287.84,0.1,518.11,2026-09-07T03:29:32.128118
5834,1941,117,2,1381.28,0.15,2348.18,2026-09-07T03:29:32.128118
5835,1941,8,2,104.24,0.1,187.63,2026-09-07T03:29:32.128118
5836,1942,101,3,1089.31,0.0,3267.93,2026-08-12T02:16:32.128149
5837,1943,78,1,219.47,0.0,219.47,2026-08-31T02:36:32.128164
5838,1943,5,2,1081.58,0.0,2163.16,2026-08-31T02:36:32.128164
5839,1943,55,2,467.36,0.0,934.72,2026-08-31T02:36:32.128164
5840,1944,111,3,340.18,0.0,1020.54,2026-03-29T10:24:32.128188
5841,1944,80,2,596.68,0.15,1014.36,2026-03-29T10:24:32.128188
5842,1944,94,3,115.87,0.0,347.61,2026-03-29T10:24:32.128188
5843,1944,105,2,360.47,0.05,684.89,2026-03-29T10:24:32.128188
5844,1944,8,1,104.24,0.0,104.24,2026-03-29T10:24:32.128188
5845,1945,97,2,1192.46,0.0,2384.92,2026-06-01T09:33:32.128221
5846,1945,77,2,360.14,0.0,720.28,2026-06-01T09:33:32.128221
5847,1945,99,1,575.39,0.0,575.39,2026-06-01T09:33:32.128221
5848,1946,80,1,596.68,0.0,596.68,2026-04-08T07:37:32.128246
5849,1946,50,1,935.89,0.1,842.3,2026-04-08T07:37:32.128246
5850,1946,83,3,1243.0,0.15,3169.65,2026-04-08T07:37:32.128246
5851,1946,22,2,46.79,0.0,93.58,2026-04-08T07:37:32.128246
5852,1946,103,3,298.36,0.0,895.08,2026-04-08T07:37:32.128246
5853,1947,83,3,1243.0,0.1,3356.1,2026-08-04T14:21:32.128278
5854,1947,59,1,1201.61,0.0,1201.61,2026-08-04T14:21:32.128278
5855,1948,49,3,342.66,0.0,1027.98,2026-07-25T18:38:32.128301
5856,1948,92,2,551.27,0.05,1047.41,2026-07-25T18:38:32.128301
5857,1948,26,2,1615.36,0.05,3069.18,2026-07-25T18:38:32.128301
5858,1948,70,3,518.03,0.0,1554.09,2026-07-25T18:38:32.128301
5859,1949,73,1,721.9,0.15,613.62,2026-04-22T15:09:32.128330
5860,1949,84,1,358.51,0.1,322.66,2026-04-22T15:09:32.128330
5861,1949,36,2,97.84,0.1,176.11,2026-04-22T15:09:32.128330
5862,1949,103,3,298.36,0.15,760.82,2026-04-22T15:09:32.128330
5863,1949,34,3,1474.08,0.0,4422.24,2026-04-22T15:09:32.128330
5864,1950,116,2,615.12,0.05,1168.73,2026-07-29T00:42:32.128366
5865,1950,100,2,1296.05,0.15,2203.28,2026-07-29T00:42:32.128366
5866,1951,58,2,936.72,0.0,1873.44,2026-03-26T03:59:32.128389
5867,1951,60,1,824.84,0.15,701.11,2026-03-26T03:59:32.128389
5868,1951,45,1,610.17,0.15,518.64,2026-03-26T03:59:32.128389
5869,1951,37,1,591.14,0.1,532.03,2026-03-26T03:59:32.128389
5870,1951,92,3,551.27,0.15,1405.74,2026-03-26T03:59:32.128389
5871,1952,69,1,1640.23,0.0,1640.23,2026-07-10T20:21:32.128421
5872,1952,46,2,25.75,0.1,46.35,2026-07-10T20:21:32.128421
5873,1953,25,3,257.25,0.0,771.75,2026-08-11T06:21:32.128443
5874,1953,29,1,205.02,0.05,194.77,2026-08-11T06:21:32.128443
5875,1953,102,1,61.75,0.05,58.66,2026-08-11T06:21:32.128443
5876,1954,90,1,1214.39,0.05,1153.67,2026-06-15T11:13:32.128467
5877,1954,46,3,25.75,0.0,77.25,2026-06-15T11:13:32.128467
5878,1954,111,2,340.18,0.0,680.36,2026-06-15T11:13:32.128467
5879,1954,25,1,257.25,0.1,231.53,2026-06-15T11:13:32.128467
5880,1954,102,2,61.75,0.0,123.5,2026-06-15T11:13:32.128467
5881,1955,53,2,1077.0,0.0,2154.0,2026-04-22T10:28:32.128499
5882,1955,51,1,1446.49,0.05,1374.17,2026-04-22T10:28:32.128499
5883,1955,111,1,340.18,0.15,289.15,2026-04-22T10:28:32.128499
5884,1955,84,2,358.51,0.0,717.02,2026-04-22T10:28:32.128499
5885,1956,105,2,360.47,0.0,720.94,2026-05-07T02:27:32.128532
5886,1957,36,1,97.84,0.15,83.16,2026-08-10T18:43:32.128549
5887,1957,61,1,1557.98,0.0,1557.98,2026-08-10T18:43:32.128549
5888,1957,38,1,1155.34,0.05,1097.57,2026-08-10T18:43:32.128549
5889,1958,113,1,453.18,0.15,385.2,2026-09-15T04:30:32.128574
5890,1958,56,1,780.61,0.1,702.55,2026-09-15T04:30:32.128574
5891,1959,100,2,1296.05,0.0,2592.1,2026-09-14T23:00:32.128602
5892,1960,12,3,1208.52,0.0,3625.56,2026-03-29T22:12:32.128623
5893,1960,35,3,1414.87,0.15,3607.92,2026-03-29T22:12:32.128623
5894,1960,37,3,591.14,0.0,1773.42,2026-03-29T22:12:32.128623
5895,1960,62,1,1109.18,0.1,998.26,2026-03-29T22:12:32.128623
5896,1961,50,2,935.89,0.1,1684.6,2026-06-16T23:28:32.128652
5897,1961,19,3,1096.11,0.05,3123.91,2026-06-16T23:28:32.128652
5898,1961,8,3,104.24,0.0,312.72,2026-06-16T23:28:32.128652
5899,1961,12,1,1208.52,0.1,1087.67,2026-06-16T23:28:32.128652
5900,1961,34,1,1474.08,0.0,1474.08,2026-06-16T23:28:32.128652
5901,1962,115,3,213.29,0.05,607.88,2026-06-04T21:47:32.128684
5902,1962,107,3,1503.69,0.1,4059.96,2026-06-04T21:47:32.128684
5903,1963,95,1,237.31,0.0,237.31,2026-06-30T10:12:32.128706
5904,1964,69,2,1640.23,0.0,3280.46,2026-08-14T10:53:32.128723
5905,1964,108,3,407.19,0.1,1099.41,2026-08-14T10:53:32.128723
5906,1964,8,3,104.24,0.15,265.81,2026-08-14T10:53:32.128723
5907,1964,10,2,858.14,0.1,1544.65,2026-08-14T10:53:32.128723
5908,1964,13,1,2066.14,0.0,2066.14,2026-08-14T10:53:32.128723
5909,1965,29,1,205.02,0.15,174.27,2026-05-11T08:55:32.128755
5910,1965,108,1,407.19,0.15,346.11,2026-05-11T08:55:32.128755
5911,1965,3,3,540.29,0.0,1620.87,2026-05-11T08:55:32.128755
5912,1965,49,1,342.66,0.0,342.66,2026-05-11T08:55:32.128755
5913,1965,116,1,615.12,0.0,615.12,2026-05-11T08:55:32.128755
5914,1966,109,2,1094.28,0.1,1969.7,2026-08-29T21:36:32.128789
5915,1966,102,3,61.75,0.05,175.99,2026-08-29T21:36:32.128789
5916,1967,115,1,213.29,0.05,202.63,2026-05-18T19:24:32.128818
5917,1967,87,3,1696.52,0.05,4835.08,2026-05-18T19:24:32.128818
5918,1967,105,1,360.47,0.0,360.47,2026-05-18T19:24:32.128818
5919,1967,3,3,540.29,0.0,1620.87,2026-05-18T19:24:32.128818
5920,1968,79,2,219.09,0.15,372.45,2026-04-13T13:13:32.128846
5921,1968,84,1,358.51,0.0,358.51,2026-04-13T13:13:32.128846
5922,1969,27,2,271.84,0.1,489.31,2026-04-06T09:13:32.128865
5923,1969,84,3,358.51,0.15,914.2,2026-04-06T09:13:32.128865
5924,1969,10,3,858.14,0.15,2188.26,2026-04-06T09:13:32.128865
5925,1969,48,3,733.85,0.15,1871.32,2026-04-06T09:13:32.128865
5926,1969,61,2,1557.98,0.0,3115.96,2026-04-06T09:13:32.128865
5927,1970,18,2,390.89,0.05,742.69,2026-04-12T18:39:32.128900
5928,1971,118,2,31.27,0.05,59.41,2026-08-11T07:29:32.128915
5929,1971,56,3,780.61,0.0,2341.83,2026-08-11T07:29:32.128915
5930,1971,42,2,430.69,0.15,732.17,2026-08-11T07:29:32.128915
5931,1971,79,1,219.09,0.0,219.09,2026-08-11T07:29:32.128915
5932,1971,101,2,1089.31,0.0,2178.62,2026-08-11T07:29:32.128915
5933,1972,118,1,31.27,0.0,31.27,2026-05-13T18:11:32.128949
5934,1972,105,3,360.47,0.0,1081.41,2026-05-13T18:11:32.128949
5935,1973,109,2,1094.28,0.1,1969.7,2026-04-28T16:59:32.128969
5936,1973,76,2,747.78,0.0,1495.56,2026-04-28T16:59:32.128969
5937,1973,7,1,341.85,0.15,290.57,2026-04-28T16:59:32.128969
5938,1973,35,2,1414.87,0.05,2688.25,2026-04-28T16:59:32.128969
5939,1973,87,3,1696.52,0.0,5089.56,2026-04-28T16:59:32.128969
5940,1974,73,1,721.9,0.05,685.8,2026-05-04T01:13:32.128999
5941,1974,95,2,237.31,0.1,427.16,2026-05-04T01:13:32.128999
5942,1974,106,2,79.66,0.0,159.32,2026-05-04T01:13:32.128999
5943,1975,36,1,97.84,0.0,97.84,2026-09-11T22:06:32.129024
5944,1975,72,2,856.16,0.0,1712.32,2026-09-11T22:06:32.129024
5945,1976,18,1,390.89,0.05,371.35,2026-06-29T23:16:32.129045
5946,1976,103,1,298.36,0.0,298.36,2026-06-29T23:16:32.129045
5947,1976,35,1,1414.87,0.0,1414.87,2026-06-29T23:16:32.129045
5948,1976,48,2,733.85,0.1,1320.93,2026-06-29T23:16:32.129045
5949,1976,91,2,1357.23,0.0,2714.46,2026-06-29T23:16:32.129045
5950,1977,48,2,733.85,0.05,1394.32,2026-05-14T12:41:32.129077
5951,1978,52,2,92.69,0.0,185.38,2026-04-06T09:01:32.129097
5952,1978,15,1,478.17,0.0,478.17,2026-04-06T09:01:32.129097
5953,1978,22,1,46.79,0.1,42.11,2026-04-06T09:01:32.129097
5954,1979,55,2,467.36,0.05,887.98,2026-08-17T01:02:32.129120
5955,1979,27,1,271.84,0.05,258.25,2026-08-17T01:02:32.129120
5956,1980,5,1,1081.58,0.1,973.42,2026-09-15T04:54:32.129143
5957,1981,68,2,270.06,0.0,540.12,2026-07-25T18:37:32.129161
5958,1981,105,3,360.47,0.0,1081.41,2026-07-25T18:37:32.129161
5959,1981,19,1,1096.11,0.05,1041.3,2026-07-25T18:37:32.129161
5960,1981,54,3,1652.43,0.15,4213.7,2026-07-25T18:37:32.129161
5961,1982,34,3,1474.08,0.1,3980.02,2026-06-26T01:00:32.129191
5962,1982,118,1,31.27,0.05,29.71,2026-06-26T01:00:32.129191
5963,1983,94,2,115.87,0.0,231.74,2026-05-15T01:24:32.129211
5964,1983,54,3,1652.43,0.1,4461.56,2026-05-15T01:24:32.129211
5965,1984,95,1,237.31,0.0,237.31,2026-04-05T09:41:32.129231
5966,1985,71,3,684.07,0.05,1949.6,2026-07-07T18:32:32.129247
5967,1986,26,2,1615.36,0.05,3069.18,2026-05-08T19:14:32.129263
5968,1987,71,2,684.07,0.1,1231.33,2026-06-22T15:54:32.129278
5969,1987,14,3,287.84,0.0,863.52,2026-06-22T15:54:32.129278
5970,1987,69,2,1640.23,0.0,3280.46,2026-06-22T15:54:32.129278
5971,1987,86,3,517.65,0.15,1320.01,2026-06-22T15:54:32.129278
5972,1987,81,3,207.83,0.0,623.49,2026-06-22T15:54:32.129278
5973,1988,65,1,1979.06,0.15,1682.2,2026-06-15T16:14:32.129310
5974,1988,4,1,1063.54,0.0,1063.54,2026-06-15T16:14:32.129310
5975,1989,23,1,185.54,0.1,166.99,2026-07-25T07:25:32.129329
5976,1989,70,3,518.03,0.0,1554.09,2026-07-25T07:25:32.129329
5977,1989,4,2,1063.54,0.05,2020.73,2026-07-25T07:25:32.129329
5978,1990,106,2,79.66,0.05,151.35,2026-08-03T19:48:32.129354
5979,1990,21,3,579.0,0.0,1737.0,2026-08-03T19:48:32.129354
5980,1991,95,1,237.31,0.05,225.44,2026-05-20T13:05:32.129373
5981,1992,37,3,591.14,0.0,1773.42,2026-06-23T04:39:32.129388
5982,1992,86,3,517.65,0.0,1552.95,2026-06-23T04:39:32.129388
5983,1992,120,1,1388.53,0.0,1388.53,2026-06-23T04:39:32.129388
5984,1992,100,2,1296.05,0.05,2462.49,2026-06-23T04:39:32.129388
5985,1993,70,3,518.03,0.1,1398.68,2026-09-01T06:35:32.129420
5986,1993,41,2,1658.14,0.0,3316.28,2026-09-01T06:35:32.129420
5987,1993,109,2,1094.28,0.15,1860.28,2026-09-01T06:35:32.129420
5988,1993,74,3,377.0,0.15,961.35,2026-09-01T06:35:32.129420
5989,1994,86,1,517.65,0.0,517.65,2026-07-22T12:58:32.129449
5990,1994,36,2,97.84,0.0,195.68,2026-07-22T12:58:32.129449
5991,1994,98,3,643.73,0.0,1931.19,2026-07-22T12:58:32.129449
5992,1994,45,3,610.17,0.1,1647.46,2026-07-22T12:58:32.129449
5993,1994,6,2,1554.13,0.15,2642.02,2026-07-22T12:58:32.129449
5994,1995,74,3,377.0,0.15,961.35,2026-06-11T10:10:32.129481
5995,1995,12,3,1208.52,0.0,3625.56,2026-06-11T10:10:32.129481
5996,1996,115,3,213.29,0.0,639.87,2026-07-27T03:27:32.129500
5997,1996,120,3,1388.53,0.0,4165.59,2026-07-27T03:27:32.129500
5998,1996,29,3,205.02,0.0,615.06,2026-07-27T03:27:32.129500
5999,1996,83,1,1243.0,0.1,1118.7,2026-07-27T03:27:32.129500
6000,1997,28,2,771.64,0.0,1543.28,2026-09-17T05:29:32.129529
6001,1997,10,2,858.14,0.0,1716.28,2026-09-17T05:29:32.129529
6002,1997,39,3,486.81,0.0,1460.43,2026-09-17T05:29:32.129529
6003,1997,35,1,1414.87,0.05,1344.13,2026-09-17T05:29:32.129529
6004,1998,93,2,81.1,0.0,162.2,2026-04-28T07:51:32.129558
6005,1998,51,1,1446.49,0.0,1446.49,2026-04-28T07:51:32.129558
6006,1998,90,3,1214.39,0.1,3278.85,2026-04-28T07:51:32.129558
6007,1999,70,1,518.03,0.1,466.23,2026-06-08T08:40:32.129582
6008,1999,76,3,747.78,0.05,2131.17,2026-06-08T08:40:32.129582
6009,1999,54,1,1652.43,0.0,1652.43,2026-06-08T08:40:32.129582
6010,1999,23,1,185.54,0.1,166.99,2026-06-08T08:40:32.129582
6011,2000,27,3,271.84,0.0,815.52,2026-08-17T12:28:32.129611
6012,2000,18,2,390.89,0.0,781.78,2026-08-17T12:28:32.129611
6013,2000,34,3,1474.08,0.0,4422.24,2026-08-17T12:28:32.129611
6014,2000,39,1,486.81,0.05,462.47,2026-08-17T12:28:32.129611
