order_id,customer_id,order_ts,status,payment_method,order_total,updated_at
1,221,2026-05-17T08:06:32.079232,cancelled,pix,4143.84,2026-05-17T08:06:32.079232
2,422,2026-03-27T08:27:32.079287,completed,boleto,4467.76,2026-03-27T08:27:32.079287
3,127,2026-06-08T10:24:32.079326,completed,debit_card,7635.07,2026-06-08T10:24:32.079326
4,89,2026-07-23T08:39:32.079363,cancelled,pix,8363.4,2026-07-23T08:39:32.079363
5,127,2026-08-04T05:50:32.079400,completed,boleto,9469.12,2026-08-04T05:50:32.079400
6,3,2026-05-22T05:12:32.079437,cancelled,boleto,1108.44,2026-05-22T05:12:32.079437
7,26,2026-08-02T17:13:32.079455,refunded,pix,4957.29,2026-08-02T17:13:32.079455
8,230,2026-04-19T04:16:32.079471,completed,credit_card,8690.14,2026-04-19T04:16:32.079471
9,468,2026-07-30T12:13:32.079504,completed,debit_card,1567.78,2026-07-30T12:13:32.079504
10,33,2026-06-08T09:15:32.079528,cancelled,pix,5484.57,2026-06-08T09:15:32.079528
11,453,2026-06-20T23:39:32.079564,completed,boleto,1949.12,2026-06-20T23:39:32.079564
12,462,2026-08-10T23:58:32.079585,completed,debit_card,6369.56,2026-08-10T23:58:32.079585
13,378,2026-05-14T07:56:32.079618,completed,boleto,876.64,2026-05-14T07:56:32.079618
14,386,2026-08-01T03:57:32.079640,completed,debit_card,1783.28,2026-08-01T03:57:32.079640
15,328,2026-07-25T17:40:32.079667,refunded,pix,4839.9,2026-07-25T17:40:32.079667
16,497,2026-08-02T11:09:32.079697,refunded,credit_card,7311.5,2026-08-02T11:09:32.079697
17,158,2026-04-24T05:38:32.079721,cancelled,boleto,7863.66,2026-04-24T05:38:32.079721
18,429,2026-08-05T21:40:32.079750,completed,credit_card,2840.31,2026-08-05T21:40:32.079750
19,262,2026-04-05T12:03:32.079770,completed,credit_card,3319.47,2026-04-05T12:03:32.079770
20,14,2026-09-03T17:19:32.079796,completed,pix,1290.6,2026-09-03T17:19:32.079796
21,34,2026-06-22T17:17:32.079817,completed,pix,3295.82,2026-06-22T17:17:32.079817
22,304,2026-07-14T17:33:32.079843,completed,boleto,6625.19,2026-07-14T17:33:32.079843
23,459,2026-06-16T07:15:32.079867,completed,credit_card,7406.96,2026-06-16T07:15:32.079867
24,136,2026-06-16T01:29:32.079904,completed,boleto,3053.23,2026-06-16T01:29:32.079904
25,420,2026-05-11T04:46:32.079932,refunded,boleto,407.19,2026-05-11T04:46:32.079932
26,77,2026-07-07T17:25:32.079949,cancelled,debit_card,6193.75,2026-07-07T17:25:32.079949
27,268,2026-06-20T19:51:32.079982,cancelled,boleto,7876.93,2026-06-20T19:51:32.079982
28,75,2026-04-03T04:40:32.080014,completed,credit_card,347.61,2026-04-03T04:40:32.080014
29,305,2026-04-07T18:37:32.080030,refunded,debit_card,1591.57,2026-04-07T18:37:32.080030
30,208,2026-08-04T05:55:32.080052,completed,credit_card,3096.69,2026-08-04T05:55:32.080052
31,482,2026-08-01T08:39:32.080068,completed,debit_card,6701.0,2026-08-01T08:39:32.080068
32,468,2026-05-24T10:18:32.080102,cancelled,pix,1025.38,2026-05-24T10:18:32.080102
33,172,2026-03-27T04:20:32.080122,completed,boleto,7675.67,2026-03-27T04:20:32.080122
34,431,2026-07-31T07:18:32.080157,completed,pix,5281.38,2026-07-31T07:18:32.080157
35,4,2026-09-13T23:19:32.080189,completed,boleto,6881.85,2026-09-13T23:19:32.080189
36,75,2026-09-12T12:58:32.080209,completed,pix,2996.06,2026-09-12T12:58:32.080209
37,22,2026-03-26T10:18:32.080234,completed,credit_card,5322.27,2026-03-26T10:18:32.080234
38,18,2026-04-11T10:13:32.080267,completed,debit_card,492.15,2026-04-11T10:13:32.080267
39,105,2026-07-07T02:44:32.080283,cancelled,boleto,2892.98,2026-07-07T02:44:32.080283
40,25,2026-06-18T02:16:32.080300,refunded,debit_card,4528.98,2026-06-18T02:16:32.080300
41,241,2026-03-24T11:31:32.080325,refunded,pix,717.02,2026-03-24T11:31:32.080325
42,224,2026-09-19T20:53:32.080340,completed,credit_card,2892.98,2026-09-19T20:53:32.080340
43,252,2026-03-27T07:34:32.080356,refunded,boleto,3185.98,2026-03-27T07:34:32.080356
44,288,2026-08-24T16:45:32.080391,completed,credit_card,6577.4,2026-08-24T16:45:32.080391
45,257,2026-08-08T00:09:32.080422,completed,debit_card,2916.72,2026-08-08T00:09:32.080422
46,179,2026-04-25T02:32:32.080443,completed,debit_card,15710.03,2026-04-25T02:32:32.080443
47,260,2026-08-02T04:46:32.080475,refunded,pix,3161.02,2026-08-02T04:46:32.080475
48,83,2026-07-22T02:53:32.080495,completed,credit_card,1523.73,2026-07-22T02:53:32.080495
49,407,2026-07-04T13:46:32.080515,cancelled,boleto,467.93,2026-07-04T13:46:32.080515
50,238,2026-09-12T12:40:32.080536,cancelled,pix,7056.86,2026-09-12T12:40:32.080536
51,301,2026-04-07T23:11:32.080570,completed,pix,3287.65,2026-04-07T23:11:32.080570
52,322,2026-03-25T09:08:32.080591,cancelled,pix,10075.95,2026-03-25T09:08:32.080591
53,339,2026-08-04T16:45:32.080619,completed,debit_card,7050.72,2026-08-04T16:45:32.080619
54,234,2026-05-05T06:20:32.080650,cancelled,credit_card,2605.51,2026-05-05T06:20:32.080650
55,264,2026-08-19T13:26:32.080677,completed,credit_card,2917.42,2026-08-19T13:26:32.080677
56,358,2026-04-01T01:28:32.080700,completed,credit_card,2526.82,2026-04-01T01:28:32.080700
57,237,2026-07-28T07:57:32.080720,completed,pix,7267.54,2026-07-28T07:57:32.080720
58,333,2026-08-18T21:43:32.080751,completed,boleto,4352.48,2026-08-18T21:43:32.080751
59,155,2026-06-29T21:34:32.080782,cancelled,credit_card,2790.31,2026-06-29T21:34:32.080782
60,426,2026-06-23T16:28:32.080806,completed,credit_card,4844.21,2026-06-23T16:28:32.080806
61,297,2026-08-15T05:54:32.080826,cancelled,boleto,7397.16,2026-08-15T05:54:32.080826
62,312,2026-08-27T15:08:32.080846,refunded,boleto,1575.62,2026-08-27T15:08:32.080846
63,430,2026-05-30T15:09:32.080866,completed,credit_card,2975.29,2026-05-30T15:09:32.080866
64,240,2026-08-14T14:34:32.080890,completed,debit_card,2565.1,2026-08-14T14:34:32.080890
65,240,2026-03-25T18:34:32.080912,completed,debit_card,7250.36,2026-03-25T18:34:32.080912
66,15,2026-09-14T18:03:32.080938,completed,credit_card,6397.18,2026-09-14T18:03:32.080938
67,243,2026-05-08T19:16:32.080972,completed,boleto,4453.28,2026-05-08T19:16:32.080972
68,140,2026-05-14T01:52:32.081001,cancelled,credit_card,5964.46,2026-05-14T01:52:32.081001
69,205,2026-05-02T00:31:32.081030,refunded,credit_card,2895.35,2026-05-02T00:31:32.081030
70,193,2026-04-16T08:25:32.081062,refunded,credit_card,2905.46,2026-04-16T08:25:32.081062
71,52,2026-04-04T07:10:32.081083,completed,debit_card,237.31,2026-04-04T07:10:32.081083
72,447,2026-08-16T03:30:32.081099,completed,boleto,5913.39,2026-08-16T03:30:32.081099
73,329,2026-04-25T11:34:32.081119,refunded,credit_card,87.82,2026-04-25T11:34:32.081119
74,357,2026-06-08T23:01:32.081135,completed,debit_card,6856.93,2026-06-08T23:01:32.081135
75,219,2026-09-19T12:22:32.081169,completed,credit_card,4051.8,2026-09-19T12:22:32.081169
76,292,2026-07-19T22:19:32.081193,completed,credit_card,4166.91,2026-07-19T22:19:32.081193
77,286,2026-05-15T22:23:32.081217,completed,credit_card,540.29,2026-05-15T22:23:32.081217
78,453,2026-04-06T15:13:32.081234,refunded,credit_card,2295.86,2026-04-06T15:13:32.081234
79,241,2026-03-31T07:56:32.081262,completed,boleto,3671.84,2026-03-31T07:56:32.081262
80,484,2026-07-12T18:44:32.081282,completed,boleto,3460.94,2026-07-12T18:44:32.081282
81,411,2026-04-20T02:10:32.081299,refunded,credit_card,2233.38,2026-04-20T02:10:32.081299
82,199,2026-03-29T00:27:32.081319,completed,debit_card,5259.99,2026-03-29T00:27:32.081319
83,148,2026-08-14T18:56:32.081344,completed,debit_card,2990.13,2026-08-14T18:56:32.081344
84,159,2026-04-18T11:22:32.081369,cancelled,debit_card,3516.21,2026-04-18T11:22:32.081369
85,45,2026-05-06T01:16:32.081389,completed,pix,3439.16,2026-05-06T01:16:32.081389
86,93,2026-03-25T03:42:32.081419,refunded,boleto,3514.63,2026-03-25T03:42:32.081419
87,80,2026-07-01T18:04:32.081452,completed,boleto,9828.4,2026-07-01T18:04:32.081452
88,393,2026-04-21T17:57:32.081487,completed,credit_card,2574.39,2026-04-21T17:57:32.081487
89,446,2026-03-23T22:34:32.081512,completed,debit_card,298.36,2026-03-23T22:34:32.081512
90,164,2026-04-29T05:24:32.081529,completed,debit_card,5078.94,2026-04-29T05:24:32.081529
91,89,2026-09-11T04:43:32.081554,completed,credit_card,1767.46,2026-09-11T04:43:32.081554
92,379,2026-04-07T22:02:32.081570,completed,pix,6339.03,2026-04-07T22:02:32.081570
93,389,2026-04-06T09:35:32.081596,completed,boleto,4592.65,2026-04-06T09:35:32.081596
94,469,2026-03-31T12:36:32.081620,completed,credit_card,10443.03,2026-03-31T12:36:32.081620
95,399,2026-05-29T09:06:32.081641,cancelled,credit_card,232.86,2026-05-29T09:06:32.081641
96,422,2026-07-22T21:58:32.081657,completed,pix,4724.51,2026-07-22T21:58:32.081657
97,446,2026-08-13T04:39:32.081681,cancelled,pix,6561.02,2026-08-13T04:39:32.081681
98,134,2026-05-18T09:45:32.081701,cancelled,debit_card,771.75,2026-05-18T09:45:32.081701
99,324,2026-04-02T06:30:32.081719,cancelled,boleto,486.81,2026-04-02T06:30:32.081719
100,222,2026-07-16T05:06:32.081735,completed,credit_card,8758.61,2026-07-16T05:06:32.081735
101,262,2026-08-15T23:05:32.081763,refunded,boleto,2498.11,2026-08-15T23:05:32.081763
102,293,2026-08-05T08:12:32.081783,completed,pix,2943.69,2026-08-05T08:12:32.081783
103,254,2026-07-12T07:52:32.081803,completed,pix,6469.05,2026-07-12T07:52:32.081803
104,443,2026-05-17T11:05:32.081839,cancelled,debit_card,5618.15,2026-05-17T11:05:32.081839
105,19,2026-08-09T14:42:32.081859,refunded,credit_card,4221.87,2026-08-09T14:42:32.081859
106,445,2026-06-14T18:17:32.081886,completed,boleto,151.35,2026-06-14T18:17:32.081886
107,263,2026-09-13T20:14:32.081903,refunded,pix,1155.34,2026-09-13T20:14:32.081903
108,317,2026-08-05T07:59:32.081918,completed,boleto,8693.32,2026-08-05T07:59:32.081918
109,360,2026-05-30T09:43:32.081952,completed,pix,1575.23,2026-05-30T09:43:32.081952
110,253,2026-04-23T20:17:32.081968,completed,credit_card,3067.5,2026-04-23T20:17:32.081968
111,278,2026-04-22T05:10:32.081986,completed,pix,5825.59,2026-04-22T05:10:32.081986
112,497,2026-09-07T01:44:32.082018,cancelled,pix,9790.54,2026-09-07T01:44:32.082018
113,76,2026-03-30T01:50:32.082044,cancelled,credit_card,1352.63,2026-03-30T01:50:32.082044
114,11,2026-07-25T08:39:32.082069,cancelled,debit_card,31.27,2026-07-25T08:39:32.082069
115,444,2026-04-08T17:48:32.082086,refunded,boleto,6288.17,2026-04-08T17:48:32.082086
116,332,2026-08-09T10:02:32.082118,refunded,boleto,4428.62,2026-08-09T10:02:32.082118
117,478,2026-08-13T22:58:32.082134,refunded,pix,3231.78,2026-08-13T22:58:32.082134
118,148,2026-05-26T17:21:32.082157,refunded,pix,4836.09,2026-05-26T17:21:32.082157
119,125,2026-06-27T05:53:32.082187,refunded,debit_card,5104.53,2026-06-27T05:53:32.082187
120,82,2026-05-02T10:27:32.082220,completed,debit_card,684.27,2026-05-02T10:27:32.082220
121,182,2026-08-23T20:51:32.082238,completed,debit_card,2265.67,2026-08-23T20:51:32.082238
122,49,2026-05-22T04:15:32.082263,completed,debit_card,791.84,2026-05-22T04:15:32.082263
123,300,2026-08-20T21:40:32.082279,refunded,pix,5128.71,2026-08-20T21:40:32.082279
124,150,2026-06-22T00:32:32.082312,refunded,debit_card,1628.88,2026-06-22T00:32:32.082312
125,156,2026-08-13T23:29:32.082336,cancelled,pix,2777.06,2026-08-13T23:29:32.082336
126,497,2026-04-18T05:45:32.082352,completed,debit_card,1081.58,2026-04-18T05:45:32.082352
127,290,2026-05-16T03:07:32.082369,refunded,boleto,11082.91,2026-05-16T03:07:32.082369
128,486,2026-09-17T16:01:32.082401,refunded,pix,1484.71,2026-09-17T16:01:32.082401
129,206,2026-04-06T19:06:32.082416,refunded,pix,5271.79,2026-04-06T19:06:32.082416
130,176,2026-03-26T20:18:32.082436,completed,pix,9561.78,2026-03-26T20:18:32.082436
131,354,2026-06-24T20:09:32.082462,cancelled,pix,8129.58,2026-06-24T20:09:32.082462
132,324,2026-04-10T14:03:32.082496,cancelled,credit_card,65.66,2026-04-10T14:03:32.082496
133,284,2026-09-19T03:40:32.082511,completed,credit_card,918.93,2026-09-19T03:40:32.082511
134,394,2026-05-01T18:48:32.082528,refunded,pix,5900.77,2026-05-01T18:48:32.082528
135,422,2026-05-23T17:38:32.082564,completed,credit_card,8551.39,2026-05-23T17:38:32.082564
136,231,2026-04-14T01:04:32.082596,completed,pix,2929.06,2026-04-14T01:04:32.082596
137,438,2026-08-07T03:05:32.082624,cancelled,boleto,4343.98,2026-08-07T03:05:32.082624
138,159,2026-06-09T14:34:32.082652,completed,pix,771.64,2026-06-09T14:34:32.082652
139,195,2026-08-04T12:09:32.082668,completed,debit_card,6796.1,2026-08-04T12:09:32.082668
140,98,2026-05-24T03:43:32.082706,completed,debit_card,1292.07,2026-05-24T03:43:32.082706
141,175,2026-08-12T05:20:32.082723,completed,credit_card,2626.02,2026-08-12T05:20:32.082723
142,429,2026-07-21T07:42:32.082746,completed,pix,7366.61,2026-07-21T07:42:32.082746
143,483,2026-03-24T04:27:32.082774,cancelled,boleto,9062.91,2026-03-24T04:27:32.082774
144,337,2026-04-28T08:46:32.082811,completed,debit_card,1089.31,2026-04-28T08:46:32.082811
145,165,2026-08-02T15:08:32.082828,completed,credit_card,3967.15,2026-08-02T15:08:32.082828
146,145,2026-06-21T00:11:32.082861,cancelled,pix,7366.42,2026-06-21T00:11:32.082861
147,338,2026-03-23T14:36:32.082888,completed,debit_card,3925.08,2026-03-23T14:36:32.082888
148,365,2026-03-31T11:40:32.082912,completed,pix,4438.28,2026-03-31T11:40:32.082912
149,290,2026-07-23T18:34:32.082941,refunded,boleto,8543.09,2026-07-23T18:34:32.082941
150,25,2026-07-19T15:58:32.082970,completed,boleto,2605.4,2026-07-19T15:58:32.082970
151,381,2026-06-11T13:26:32.082990,completed,boleto,12165.84,2026-06-11T13:26:32.082990
152,358,2026-07-29T23:22:32.083023,refunded,pix,1852.24,2026-07-29T23:22:32.083023
153,134,2026-07-19T11:55:32.083052,completed,boleto,3134.13,2026-07-19T11:55:32.083052
154,362,2026-07-21T12:33:32.083079,cancelled,pix,1879.5,2026-07-21T12:33:32.083079
155,323,2026-08-20T19:38:32.083104,completed,pix,11413.66,2026-08-20T19:38:32.083104
156,101,2026-08-22T14:46:32.083136,cancelled,credit_card,5279.05,2026-08-22T14:46:32.083136
157,87,2026-05-01T11:03:32.083159,completed,debit_card,6934.98,2026-05-01T11:03:32.083159
158,98,2026-05-04T03:05:32.083187,completed,credit_card,3549.86,2026-05-04T03:05:32.083187
159,71,2026-09-13T12:16:32.083212,cancelled,pix,4662.02,2026-09-13T12:16:32.083212
160,381,2026-04-16T02:41:32.083236,completed,boleto,3645.17,2026-04-16T02:41:32.083236
161,55,2026-04-27T16:07:32.083262,cancelled,credit_card,2336.41,2026-04-27T16:07:32.083262
162,309,2026-04-24T17:00:32.083289,completed,pix,2112.41,2026-04-24T17:00:32.083289
163,436,2026-05-30T21:53:32.083309,completed,boleto,4196.15,2026-05-30T21:53:32.083309
164,218,2026-08-15T04:01:32.083325,completed,debit_card,10643.32,2026-08-15T04:01:32.083325
165,3,2026-05-29T18:22:32.083349,completed,pix,3737.97,2026-05-29T18:22:32.083349
166,42,2026-09-04T13:22:32.083377,completed,boleto,10102.85,2026-09-04T13:22:32.083377
167,379,2026-05-28T15:00:32.083413,completed,boleto,7395.14,2026-05-28T15:00:32.083413
168,58,2026-07-26T04:24:32.083445,completed,pix,4025.49,2026-07-26T04:24:32.083445
169,291,2026-08-30T23:22:32.083482,completed,debit_card,1138.01,2026-08-30T23:22:32.083482
170,492,2026-05-12T09:36:32.083503,cancelled,pix,2175.45,2026-05-12T09:36:32.083503
171,30,2026-06-09T06:02:32.083528,completed,credit_card,185.25,2026-06-09T06:02:32.083528
172,236,2026-07-06T09:20:32.083544,completed,debit_card,1221.51,2026-07-06T09:20:32.083544
173,59,2026-06-22T07:42:32.083559,completed,credit_card,10393.91,2026-06-22T07:42:32.083559
174,23,2026-04-19T01:59:32.083585,completed,boleto,9912.49,2026-04-19T01:59:32.083585
175,57,2026-09-02T04:54:32.083617,completed,boleto,4644.61,2026-09-02T04:54:32.083617
176,257,2026-05-20T11:14:32.083893,completed,credit_card,3591.75,2026-05-20T11:14:32.083893
177,432,2026-05-22T07:21:32.083917,cancelled,debit_card,1862.64,2026-05-22T07:21:32.083917
178,111,2026-07-03T08:28:32.083937,refunded,credit_card,553.93,2026-07-03T08:28:32.083937
179,296,2026-05-24T00:06:32.083957,completed,boleto,976.58,2026-05-24T00:06:32.083957
180,171,2026-07-24T12:50:32.083972,cancelled,credit_card,1367.12,2026-07-24T12:50:32.083972
181,33,2026-05-15T04:43:32.083992,refunded,pix,1537.26,2026-05-15T04:43:32.083992
182,397,2026-06-02T16:29:32.084010,completed,boleto,3584.26,2026-06-02T16:29:32.084010
183,261,2026-04-11T05:43:32.084038,refunded,debit_card,4983.25,2026-04-11T05:43:32.084038
184,415,2026-07-22T01:56:32.084063,completed,pix,1223.09,2026-07-22T01:56:32.084063
185,229,2026-06-10T18:16:32.084079,completed,pix,4823.67,2026-06-10T18:16:32.084079
186,300,2026-08-06T03:28:32.084111,completed,debit_card,3434.17,2026-08-06T03:28:32.084111
187,460,2026-07-16T20:04:32.084135,completed,boleto,2319.09,2026-07-16T20:04:32.084135
188,103,2026-04-19T03:10:32.084156,refunded,credit_card,830.12,2026-04-19T03:10:32.084156
189,41,2026-09-01T18:44:32.084177,completed,credit_card,5631.69,2026-09-01T18:44:32.084177
190,473,2026-09-13T06:45:32.084196,completed,credit_card,7861.74,2026-09-13T06:45:32.084196
191,172,2026-05-16T17:40:32.084224,completed,debit_card,1946.84,2026-05-16T17:40:32.084224
192,335,2026-07-02T11:39:32.084241,refunded,boleto,1435.36,2026-07-02T11:39:32.084241
193,393,2026-08-28T01:13:32.084261,completed,debit_card,9246.16,2026-08-28T01:13:32.084261
194,118,2026-04-15T04:13:32.084287,cancelled,credit_card,2409.96,2026-04-15T04:13:32.084287
195,272,2026-07-12T08:49:32.084312,completed,debit_card,474.62,2026-07-12T08:49:32.084312
196,322,2026-07-24T00:17:32.084327,completed,credit_card,6260.77,2026-07-24T00:17:32.084327
197,439,2026-08-09T21:04:32.084359,completed,pix,6615.34,2026-08-09T21:04:32.084359
198,8,2026-09-03T16:07:32.084387,cancelled,boleto,278.84,2026-09-03T16:07:32.084387
199,210,2026-06-15T15:25:32.084403,completed,credit_card,3118.56,2026-06-15T15:25:32.084403
200,389,2026-06-03T16:48:32.084428,completed,debit_card,2411.09,2026-06-03T16:48:32.084428
201,422,2026-07-06T04:00:32.084448,completed,credit_card,11262.38,2026-07-06T04:00:32.084448
202,185,2026-09-08T22:54:32.084478,cancelled,pix,2440.17,2026-09-08T22:54:32.084478
203,258,2026-06-22T09:17:32.084503,completed,debit_card,5293.46,2026-06-22T09:17:32.084503
204,406,2026-04-12T15:05:32.084534,completed,pix,3072.12,2026-04-12T15:05:32.084534
205,270,2026-06-03T12:54:32.084567,completed,pix,3010.99,2026-06-03T12:54:32.084567
206,136,2026-07-14T11:03:32.084600,completed,credit_card,13270.77,2026-07-14T11:03:32.084600
207,281,2026-06-27T14:39:32.084631,completed,debit_card,4445.27,2026-06-27T14:39:32.084631
208,312,2026-05-15T04:21:32.084661,refunded,debit_card,5036.15,2026-05-15T04:21:32.084661
209,402,2026-09-11T15:02:32.084681,cancelled,boleto,6148.08,2026-09-11T15:02:32.084681
210,304,2026-05-04T00:50:32.084709,cancelled,boleto,2810.16,2026-05-04T00:50:32.084709
211,314,2026-04-04T15:13:32.084728,completed,credit_card,10051.99,2026-04-04T15:13:32.084728
212,34,2026-05-08T01:32:32.084764,completed,pix,3620.93,2026-05-08T01:32:32.084764
213,445,2026-09-09T02:41:32.084790,completed,debit_card,701.11,2026-09-09T02:41:32.084790
214,129,2026-06-16T09:42:32.084805,completed,boleto,6024.77,2026-06-16T09:42:32.084805
215,409,2026-08-06T20:56:32.084833,completed,pix,3684.46,2026-08-06T20:56:32.084833
216,130,2026-09-15T19:53:32.084856,completed,boleto,1696.52,2026-09-15T19:53:32.084856
217,368,2026-05-04T04:07:32.084871,completed,boleto,6264.13,2026-05-04T04:07:32.084871
218,440,2026-08-29T06:57:32.084894,cancelled,boleto,10887.81,2026-08-29T06:57:32.084894
219,181,2026-07-21T00:11:32.084928,refunded,pix,11987.07,2026-07-21T00:11:32.084928
220,255,2026-04-09T12:59:32.084962,refunded,debit_card,7534.22,2026-04-09T12:59:32.084962
221,344,2026-07-22T13:53:32.084990,cancelled,credit_card,1190.72,2026-07-22T13:53:32.084990
222,293,2026-09-17T09:34:32.085016,completed,pix,12662.82,2026-09-17T09:34:32.085016
223,209,2026-09-07T16:56:32.085052,completed,boleto,1115.97,2026-09-07T16:56:32.085052
224,135,2026-08-29T02:41:32.085072,completed,boleto,8084.53,2026-08-29T02:41:32.085072
225,27,2026-07-28T19:24:32.085103,completed,debit_card,2865.3,2026-07-28T19:24:32.085103
226,161,2026-09-17T20:01:32.085133,cancelled,boleto,409.16,2026-09-17T20:01:32.085133
227,150,2026-07-30T14:52:32.085149,refunded,debit_card,8229.54,2026-07-30T14:52:32.085149
228,255,2026-08-05T12:06:32.085176,refunded,pix,5228.78,2026-08-05T12:06:32.085176
229,52,2026-05-24T09:53:32.085205,completed,credit_card,5502.35,2026-05-24T09:53:32.085205
230,82,2026-05-29T03:17:32.085236,completed,boleto,3485.35,2026-05-29T03:17:32.085236
231,329,2026-07-08T05:24:32.085270,refunded,credit_card,5435.19,2026-07-08T05:24:32.085270
232,348,2026-06-10T10:03:32.085293,completed,credit_card,1128.92,2026-06-10T10:03:32.085293
233,179,2026-09-15T21:09:32.085313,completed,pix,3918.24,2026-09-15T21:09:32.085313
234,474,2026-07-06T11:28:32.085346,refunded,credit_card,1446.49,2026-07-06T11:28:32.085346
235,337,2026-07-06T11:54:32.085362,completed,boleto,3975.23,2026-07-06T11:54:32.085362
236,49,2026-05-02T09:15:32.085391,completed,debit_card,4611.48,2026-05-02T09:15:32.085391
237,40,2026-06-16T13:23:32.085419,completed,boleto,3747.7,2026-06-16T13:23:32.085419
238,156,2026-08-13T04:59:32.085439,completed,pix,514.5,2026-08-13T04:59:32.085439
239,275,2026-05-05T09:45:32.085454,cancelled,pix,1556.88,2026-05-05T09:45:32.085454
240,487,2026-08-01T03:40:32.085474,refunded,pix,1675.74,2026-08-01T03:40:32.085474
241,8,2026-08-24T11:34:32.085495,refunded,pix,2666.73,2026-08-24T11:34:32.085495
242,218,2026-06-11T17:32:32.085515,completed,boleto,10828.19,2026-06-11T17:32:32.085515
243,51,2026-09-10T06:26:32.085548,completed,boleto,1195.72,2026-09-10T06:26:32.085548
244,403,2026-06-08T12:00:32.085572,completed,pix,7136.99,2026-06-08T12:00:32.085572
245,20,2026-05-15T20:16:32.085606,completed,credit_card,5914.22,2026-05-15T20:16:32.085606
246,396,2026-05-16T08:49:32.085638,completed,credit_card,11019.56,2026-05-16T08:49:32.085638
247,273,2026-04-05T16:58:32.085667,completed,boleto,4586.62,2026-04-05T16:58:32.085667
248,450,2026-05-16T18:07:32.085688,completed,debit_card,3519.28,2026-05-16T18:07:32.085688
249,340,2026-04-20T23:15:32.085720,completed,credit_card,4940.95,2026-04-20T23:15:32.085720
250,235,2026-08-14T02:31:32.085744,completed,credit_card,6931.64,2026-08-14T02:31:32.085744
251,360,2026-05-29T23:23:32.085768,refunded,pix,3758.9,2026-05-29T23:23:32.085768
252,22,2026-06-16T07:41:32.085784,completed,boleto,1851.74,2026-06-16T07:41:32.085784
253,158,2026-05-16T02:09:32.085807,refunded,pix,1156.19,2026-05-16T02:09:32.085807
254,484,2026-07-19T22:29:32.085828,completed,boleto,561.14,2026-07-19T22:29:32.085828
255,342,2026-06-16T08:06:32.085845,completed,debit_card,2243.34,2026-06-16T08:06:32.085845
256,228,2026-07-14T03:42:32.085863,completed,debit_card,4103.32,2026-07-14T03:42:32.085863
257,160,2026-05-12T08:19:32.085897,refunded,debit_card,1467.7,2026-05-12T08:19:32.085897
258,4,2026-07-13T08:53:32.085913,refunded,credit_card,7017.11,2026-07-13T08:53:32.085913
259,209,2026-04-07T10:14:32.085941,cancelled,debit_card,4043.31,2026-04-07T10:14:32.085941
260,458,2026-08-16T06:32:32.085965,completed,pix,5351.7,2026-08-16T06:32:32.085965
261,398,2026-06-19T14:54:32.085991,completed,boleto,11160.8,2026-06-19T14:54:32.085991
262,407,2026-05-23T04:58:32.086021,completed,debit_card,6381.74,2026-05-23T04:58:32.086021
263,141,2026-06-12T01:20:32.086057,cancelled,boleto,1386.24,2026-06-12T01:20:32.086057
264,22,2026-05-06T14:29:32.086073,completed,boleto,9451.24,2026-05-06T14:29:32.086073
265,496,2026-04-10T13:21:32.086107,completed,debit_card,3860.07,2026-04-10T13:21:32.086107
266,377,2026-05-09T23:23:32.086136,completed,pix,2055.54,2026-05-09T23:23:32.086136
267,2,2026-04-26T15:50:32.086157,refunded,debit_card,6311.8,2026-04-26T15:50:32.086157
268,460,2026-07-10T11:18:32.086185,cancelled,boleto,1225.31,2026-07-10T11:18:32.086185
269,365,2026-09-02T17:27:32.086205,refunded,boleto,10172.92,2026-09-02T17:27:32.086205
270,112,2026-09-19T22:25:32.086243,completed,debit_card,3697.11,2026-09-19T22:25:32.086243
271,424,2026-05-24T09:35:32.086268,completed,boleto,3238.47,2026-05-24T09:35:32.086268
272,275,2026-09-13T05:16:32.086292,completed,credit_card,9133.37,2026-09-13T05:16:32.086292
273,116,2026-04-03T11:14:32.086325,completed,boleto,8162.95,2026-04-03T11:14:32.086325
274,317,2026-05-27T06:44:32.086351,refunded,pix,1201.61,2026-05-27T06:44:32.086351
275,389,2026-08-02T10:18:32.086367,refunded,credit_card,4156.72,2026-08-02T10:18:32.086367
276,403,2026-09-14T13:19:32.086394,refunded,credit_card,88.06,2026-09-14T13:19:32.086394
277,7,2026-04-08T13:18:32.086410,refunded,boleto,11852.13,2026-04-08T13:18:32.086410
278,412,2026-05-27T09:44:32.086441,completed,pix,1889.21,2026-05-27T09:44:32.086441
279,271,2026-04-29T04:33:32.086469,cancelled,pix,4368.24,2026-04-29T04:33:32.086469
280,372,2026-06-14T07:14:32.086493,cancelled,pix,3418.75,2026-06-14T07:14:32.086493
281,195,2026-09-13T12:13:32.086513,completed,debit_card,3899.74,2026-09-13T12:13:32.086513
282,468,2026-09-02T02:44:32.086532,refunded,debit_card,3371.35,2026-09-02T02:44:32.086532
283,484,2026-07-30T22:36:32.086560,refunded,debit_card,3169.65,2026-07-30T22:36:32.086560
284,28,2026-05-23T07:40:32.086580,completed,debit_card,3782.74,2026-05-23T07:40:32.086580
285,290,2026-07-24T16:18:32.086613,completed,pix,967.29,2026-07-24T16:18:32.086613
286,239,2026-09-08T00:50:32.086630,completed,credit_card,2119.52,2026-09-08T00:50:32.086630
287,84,2026-04-15T20:45:32.086665,completed,debit_card,1859.53,2026-04-15T20:45:32.086665
288,332,2026-08-29T20:30:32.086681,refunded,credit_card,3219.64,2026-08-29T20:30:32.086681
289,149,2026-05-26T00:23:32.086696,completed,pix,584.31,2026-05-26T00:23:32.086696
290,107,2026-08-19T14:24:32.086712,completed,debit_card,1092.95,2026-08-19T14:24:32.086712
291,267,2026-06-21T15:59:32.086731,completed,pix,956.34,2026-06-21T15:59:32.086731
292,155,2026-07-03T03:56:32.086747,cancelled,boleto,684.57,2026-07-03T03:56:32.086747
293,355,2026-04-20T06:32:32.086767,cancelled,debit_card,5834.52,2026-04-20T06:32:32.086767
294,349,2026-08-16T23:14:32.086794,completed,pix,7491.88,2026-08-16T23:14:32.086794
295,485,2026-04-05T16:06:32.086826,cancelled,boleto,4127.9,2026-04-05T16:06:32.086826
296,454,2026-06-21T03:05:32.086853,completed,boleto,219.09,2026-06-21T03:05:32.086853
297,19,2026-07-01T23:25:32.086870,completed,boleto,208.14,2026-07-01T23:25:32.086870
298,83,2026-07-27T21:02:32.086888,refunded,pix,3146.82,2026-07-27T21:02:32.086888
299,221,2026-08-21T07:26:32.086916,cancelled,pix,6591.3,2026-08-21T07:26:32.086916
300,329,2026-07-15T17:24:32.086941,refunded,pix,658.8,2026-07-15T17:24:32.086941
301,201,2026-07-05T11:01:32.086956,completed,credit_card,1077.0,2026-07-05T11:01:32.086956
302,286,2026-08-22T13:34:32.086974,refunded,boleto,6886.37,2026-08-22T13:34:32.086974
303,441,2026-05-26T02:45:32.087005,completed,credit_card,5809.35,2026-05-26T02:45:32.087005
304,464,2026-08-29T07:15:32.087033,refunded,boleto,1050.22,2026-08-29T07:15:32.087033
305,46,2026-04-27T18:51:32.087061,completed,credit_card,5887.84,2026-04-27T18:51:32.087061
306,190,2026-07-18T01:42:32.087085,completed,credit_card,1440.57,2026-07-18T01:42:32.087085
307,333,2026-08-02T05:17:32.087107,cancelled,boleto,749.77,2026-08-02T05:17:32.087107
308,340,2026-06-16T01:50:32.087128,completed,credit_card,9464.25,2026-06-16T01:50:32.087128
309,473,2026-08-07T05:38:32.087155,cancelled,credit_card,539.5,2026-08-07T05:38:32.087155
310,185,2026-05-29T21:50:32.087172,completed,credit_card,710.39,2026-05-29T21:50:32.087172
311,382,2026-07-26T18:26:32.087187,cancelled,credit_card,4424.88,2026-07-26T18:26:32.087187
312,123,2026-05-10T07:33:32.087202,completed,pix,575.68,2026-05-10T07:33:32.087202
313,240,2026-05-25T13:57:32.087218,completed,debit_card,6350.96,2026-05-25T13:57:32.087218
314,247,2026-07-17T07:33:32.087243,completed,credit_card,11764.08,2026-07-17T07:33:32.087243
315,75,2026-06-13T02:18:32.087271,completed,boleto,221.91,2026-06-13T02:18:32.087271
316,42,2026-05-28T06:11:32.087292,completed,boleto,3065.63,2026-05-28T06:11:32.087292
317,7,2026-06-19T21:51:32.087319,completed,debit_card,4278.26,2026-06-19T21:51:32.087319
318,104,2026-07-02T22:48:32.087343,completed,boleto,824.84,2026-07-02T22:48:32.087343
319,212,2026-04-01T15:04:32.087361,refunded,boleto,4756.73,2026-04-01T15:04:32.087361
320,311,2026-05-26T21:30:32.087383,refunded,debit_card,3202.53,2026-05-26T21:30:32.087383
321,77,2026-08-15T20:57:32.087403,refunded,boleto,258.25,2026-08-15T20:57:32.087403
322,86,2026-08-30T18:13:32.087419,cancelled,debit_card,5913.47,2026-08-30T18:13:32.087419
323,27,2026-06-01T10:04:32.087443,completed,credit_card,4467.27,2026-06-01T10:04:32.087443
324,335,2026-03-23T20:28:32.087470,completed,debit_card,5526.51,2026-03-23T20:28:32.087470
325,461,2026-05-09T19:53:32.087489,cancelled,credit_card,3283.85,2026-05-09T19:53:32.087489
326,380,2026-09-05T17:22:32.087524,cancelled,pix,10077.48,2026-09-05T17:22:32.087524
327,239,2026-06-29T05:38:32.087548,completed,pix,5998.82,2026-06-29T05:38:32.087548
328,328,2026-07-27T04:58:32.087580,completed,pix,9746.99,2026-07-27T04:58:32.087580
329,361,2026-06-01T02:54:32.087612,cancelled,credit_card,3770.58,2026-06-01T02:54:32.087612
330,329,2026-07-29T16:50:32.087634,refunded,pix,1858.94,2026-07-29T16:50:32.087634
331,449,2026-04-23T11:53:32.087658,completed,debit_card,8240.53,2026-04-23T11:53:32.087658
332,403,2026-07-22T13:04:32.087690,completed,credit_card,918.93,2026-07-22T13:04:32.087690
333,172,2026-09-01T20:43:32.087708,completed,boleto,3469.96,2026-09-01T20:43:32.087708
334,27,2026-03-26T04:57:32.087739,completed,boleto,5480.66,2026-03-26T04:57:32.087739
335,409,2026-09-01T21:59:32.087773,completed,pix,1437.25,2026-09-01T21:59:32.087773
336,48,2026-04-03T21:29:32.087794,cancelled,pix,1618.5,2026-04-03T21:29:32.087794
337,56,2026-04-10T22:50:32.087810,completed,debit_card,5097.75,2026-04-10T22:50:32.087810
338,233,2026-04-16T06:08:32.087840,completed,pix,2835.22,2026-04-16T06:08:32.087840
339,367,2026-03-29T14:15:32.087872,completed,debit_card,1096.57,2026-03-29T14:15:32.087872
340,167,2026-05-12T05:56:32.087898,completed,pix,10291.97,2026-05-12T05:56:32.087898
341,160,2026-09-01T09:23:32.087926,completed,debit_card,7856.67,2026-09-01T09:23:32.087926
342,395,2026-03-24T01:31:32.087954,cancelled,boleto,3610.77,2026-03-24T01:31:32.087954
343,18,2026-07-05T16:01:32.087988,completed,debit_card,3609.95,2026-07-05T16:01:32.087988
344,37,2026-07-02T07:13:32.088021,refunded,debit_card,3438.09,2026-07-02T07:13:32.088021
345,186,2026-08-20T05:36:32.088040,refunded,credit_card,1767.46,2026-08-20T05:36:32.088040
346,463,2026-06-13T21:51:32.088056,completed,boleto,3390.22,2026-06-13T21:51:32.088056
347,15,2026-07-16T20:35:32.088084,completed,boleto,2193.88,2026-07-16T20:35:32.088084
348,421,2026-09-20T05:29:32.088109,completed,credit_card,4778.26,2026-09-20T05:29:32.088109
349,192,2026-04-15T01:40:32.088134,cancelled,boleto,83.16,2026-04-15T01:40:32.088134
350,211,2026-04-10T18:17:32.088150,completed,credit_card,2844.55,2026-04-10T18:17:32.088150
351,167,2026-06-14T23:12:32.088171,completed,pix,2660.81,2026-06-14T23:12:32.088171
352,459,2026-08-07T02:09:32.088190,completed,credit_card,6507.43,2026-08-07T02:09:32.088190
353,454,2026-09-14T12:51:32.088225,completed,credit_card,9144.18,2026-09-14T12:51:32.088225
354,241,2026-07-01T01:19:32.088259,completed,boleto,9917.85,2026-07-01T01:19:32.088259
355,186,2026-04-04T14:10:32.088291,completed,credit_card,10849.86,2026-04-04T14:10:32.088291
356,404,2026-06-21T09:51:32.088319,refunded,credit_card,4710.27,2026-06-21T09:51:32.088319
357,364,2026-08-31T23:53:32.088341,completed,boleto,2200.04,2026-08-31T23:53:32.088341
358,310,2026-06-15T19:08:32.088367,completed,pix,711.93,2026-06-15T19:08:32.088367
359,445,2026-04-28T02:02:32.088383,completed,pix,9816.05,2026-04-28T02:02:32.088383
360,70,2026-04-18T14:49:32.088415,refunded,boleto,6921.01,2026-04-18T14:49:32.088415
361,48,2026-09-19T02:08:32.088435,completed,pix,7819.09,2026-09-19T02:08:32.088435
362,365,2026-04-20T14:52:32.088469,completed,debit_card,8366.42,2026-04-20T14:52:32.088469
363,279,2026-06-25T23:16:32.088502,completed,pix,4557.33,2026-06-25T23:16:32.088502
364,159,2026-08-09T16:52:32.088521,cancelled,credit_card,6168.56,2026-08-09T16:52:32.088521
365,95,2026-06-05T21:12:32.088540,cancelled,debit_card,4377.04,2026-06-05T21:12:32.088540
366,181,2026-03-25T01:01:32.088578,cancelled,credit_card,4324.56,2026-03-25T01:01:32.088578
367,239,2026-04-26T20:05:32.088602,completed,debit_card,6416.36,2026-04-26T20:05:32.088602
368,284,2026-04-05T15:18:32.088627,completed,pix,4714.93,2026-04-05T15:18:32.088627
369,411,2026-08-10T19:30:32.088653,cancelled,pix,3699.83,2026-08-10T19:30:32.088653
370,141,2026-06-18T20:08:32.088676,completed,boleto,4296.59,2026-06-18T20:08:32.088676
371,410,2026-06-13T10:42:32.088710,refunded,credit_card,2608.57,2026-06-13T10:42:32.088710
372,99,2026-07-29T11:18:32.088733,completed,pix,3972.74,2026-07-29T11:18:32.088733
373,485,2026-08-14T19:30:32.088757,completed,pix,3909.31,2026-08-14T19:30:32.088757
374,65,2026-07-05T12:00:32.088785,completed,pix,1554.13,2026-07-05T12:00:32.088785
375,363,2026-03-26T16:55:32.088801,completed,debit_card,700.33,2026-03-26T16:55:32.088801
376,482,2026-08-01T01:58:32.088821,cancelled,boleto,3105.32,2026-08-01T01:58:32.088821
377,407,2026-06-22T16:18:32.088849,completed,debit_card,11912.32,2026-06-22T16:18:32.088849
378,203,2026-05-13T08:10:32.088887,completed,pix,6671.07,2026-05-13T08:10:32.088887
379,213,2026-03-23T15:53:32.088917,refunded,debit_card,6024.95,2026-03-23T15:53:32.088917
380,421,2026-09-18T18:21:32.088951,completed,boleto,9954.26,2026-09-18T18:21:32.088951
381,294,2026-06-06T03:28:32.088984,refunded,debit_card,1434.51,2026-06-06T03:28:32.088984
382,53,2026-06-16T04:09:32.089000,completed,debit_card,2097.29,2026-06-16T04:09:32.089000
383,154,2026-07-28T10:24:32.089030,completed,boleto,7154.24,2026-07-28T10:24:32.089030
384,234,2026-04-09T02:40:32.089058,cancelled,credit_card,346.11,2026-04-09T02:40:32.089058
385,152,2026-09-06T17:10:32.089074,refunded,pix,2900.65,2026-09-06T17:10:32.089074
386,45,2026-08-31T11:52:32.089098,cancelled,debit_card,159.32,2026-08-31T11:52:32.089098
387,431,2026-04-18T07:57:32.089118,completed,pix,7813.42,2026-04-18T07:57:32.089118
388,323,2026-06-13T19:26:32.089154,cancelled,pix,3115.96,2026-06-13T19:26:32.089154
389,350,2026-09-04T13:41:32.089171,completed,debit_card,6196.2,2026-09-04T13:41:32.089171
390,469,2026-08-15T21:35:32.089200,cancelled,boleto,8158.47,2026-08-15T21:35:32.089200
391,299,2026-07-10T02:41:32.089233,refunded,pix,3671.44,2026-07-10T02:41:32.089233
392,190,2026-04-28T15:21:32.089257,completed,debit_card,3077.5,2026-04-28T15:21:32.089257
393,310,2026-08-03T03:47:32.089277,completed,credit_card,10575.6,2026-08-03T03:47:32.089277
394,351,2026-07-09T09:53:32.089307,refunded,credit_card,3467.24,2026-07-09T09:53:32.089307
395,213,2026-06-22T14:28:32.089332,refunded,pix,358.51,2026-06-22T14:28:32.089332
396,464,2026-07-25T09:52:32.089348,completed,boleto,8667.98,2026-07-25T09:52:32.089348
397,264,2026-08-13T23:42:32.089382,completed,credit_card,2994.79,2026-08-13T23:42:32.089382
398,335,2026-06-14T07:42:32.089400,completed,pix,2735.92,2026-06-14T07:42:32.089400
399,302,2026-08-20T07:46:32.089426,refunded,credit_card,6409.88,2026-08-20T07:46:32.089426
400,124,2026-08-27T21:28:32.089460,cancelled,debit_card,1789.05,2026-08-27T21:28:32.089460
401,473,2026-09-10T17:06:32.089484,completed,pix,693.12,2026-09-10T17:06:32.089484
402,387,2026-08-29T02:24:32.089501,completed,debit_card,6424.41,2026-08-29T02:24:32.089501
403,222,2026-06-29T09:20:32.089524,refunded,debit_card,4264.76,2026-06-29T09:20:32.089524
404,381,2026-08-10T16:15:32.089544,completed,boleto,3668.09,2026-08-10T16:15:32.089544
405,222,2026-07-15T15:36:32.089577,completed,pix,5789.24,2026-07-15T15:36:32.089577
406,187,2026-06-27T05:48:32.089604,completed,pix,2042.74,2026-06-27T05:48:32.089604
407,433,2026-06-02T10:56:32.089622,completed,credit_card,596.68,2026-06-02T10:56:32.089622
408,472,2026-04-13T09:41:32.089638,refunded,debit_card,4003.22,2026-04-13T09:41:32.089638
409,418,2026-05-22T08:56:32.089667,completed,debit_card,6960.99,2026-05-22T08:56:32.089667
410,411,2026-06-30T06:02:32.089700,completed,boleto,2631.93,2026-06-30T06:02:32.089700
411,92,2026-09-20T09:00:32.089725,refunded,debit_card,1015.05,2026-09-20T09:00:32.089725
412,59,2026-06-15T10:23:32.089745,completed,credit_card,619.92,2026-06-15T10:23:32.089745
413,434,2026-04-29T18:37:32.089767,refunded,pix,3756.1,2026-04-29T18:37:32.089767
414,287,2026-04-23T05:26:32.089792,completed,pix,11879.03,2026-04-23T05:26:32.089792
415,265,2026-05-22T05:20:32.089826,refunded,debit_card,9551.16,2026-05-22T05:20:32.089826
416,157,2026-05-27T02:00:32.089860,completed,pix,4968.77,2026-05-27T02:00:32.089860
417,326,2026-06-18T15:04:32.089882,completed,credit_card,7150.2,2026-06-18T15:04:32.089882
418,175,2026-06-25T21:59:32.089911,completed,debit_card,1652.43,2026-06-25T21:59:32.089911
419,459,2026-05-19T11:20:32.089935,completed,boleto,9709.42,2026-05-19T11:20:32.089935
420,32,2026-04-01T05:44:32.089963,completed,pix,2218.36,2026-04-01T05:44:32.089963
421,78,2026-06-16T20:58:32.089979,completed,boleto,5594.38,2026-06-16T20:58:32.089979
422,59,2026-06-30T02:57:32.090006,completed,pix,4424.51,2026-06-30T02:57:32.090006
423,151,2026-08-26T06:20:32.090026,completed,pix,6171.81,2026-08-26T06:20:32.090026
424,262,2026-05-26T09:50:32.090056,completed,debit_card,4063.53,2026-05-26T09:50:32.090056
425,439,2026-06-04T05:44:32.090080,refunded,pix,5452.79,2026-06-04T05:44:32.090080
426,28,2026-04-04T00:36:32.090111,completed,pix,9265.52,2026-04-04T00:36:32.090111
427,35,2026-08-28T10:54:32.090144,completed,credit_card,5413.3,2026-08-28T10:54:32.090144
428,271,2026-05-17T09:42:32.090175,completed,pix,1655.36,2026-05-17T09:42:32.090175
429,289,2026-07-12T03:17:32.090195,completed,boleto,2907.9,2026-07-12T03:17:32.090195
430,329,2026-06-29T08:44:32.090211,completed,boleto,5243.04,2026-06-29T08:44:32.090211
431,83,2026-04-04T06:23:32.090231,refunded,debit_card,2573.94,2026-04-04T06:23:32.090231
432,30,2026-09-13T00:51:32.090254,completed,debit_card,2057.41,2026-09-13T00:51:32.090254
433,411,2026-07-31T19:54:32.090272,completed,pix,1898.0,2026-07-31T19:54:32.090272
434,314,2026-08-07T15:33:32.090291,completed,boleto,6264.25,2026-08-07T15:33:32.090291
435,404,2026-04-27T05:23:32.090324,cancelled,boleto,5798.06,2026-04-27T05:23:32.090324
436,479,2026-03-27T20:19:32.090356,completed,boleto,2314.92,2026-03-27T20:19:32.090356
437,9,2026-04-15T05:37:32.090372,completed,debit_card,4546.84,2026-04-15T05:37:32.090372
438,369,2026-08-21T11:55:32.090404,completed,boleto,5011.7,2026-08-21T11:55:32.090404
439,375,2026-07-09T05:46:32.090431,completed,debit_card,4206.06,2026-07-09T05:46:32.090431
440,69,2026-03-27T03:40:32.090464,completed,pix,2948.16,2026-03-27T03:40:32.090464
441,237,2026-05-13T01:33:32.090481,cancelled,credit_card,7424.95,2026-05-13T01:33:32.090481
442,269,2026-08-11T23:07:32.090513,completed,debit_card,4764.68,2026-08-11T23:07:32.090513
443,145,2026-06-15T18:28:32.090546,completed,boleto,6810.27,2026-06-15T18:28:32.090546
444,359,2026-08-08T03:22:32.090575,completed,debit_card,8644.09,2026-08-08T03:22:32.090575
445,330,2026-06-01T00:48:32.090604,completed,credit_card,1005.79,2026-06-01T00:48:32.090604
446,276,2026-08-01T22:24:32.090623,refunded,debit_card,1010.36,2026-08-01T22:24:32.090623
447,20,2026-04-07T18:59:32.090639,refunded,debit_card,201.66,2026-04-07T18:59:32.090639
448,482,2026-04-27T07:24:32.090661,completed,boleto,581.46,2026-04-27T07:24:32.090661
449,81,2026-03-28T03:56:32.090677,completed,credit_card,358.51,2026-03-28T03:56:32.090677
450,128,2026-07-30T10:49:32.090695,completed,credit_card,2239.82,2026-07-30T10:49:32.090695
451,404,2026-06-07T09:17:32.090718,completed,credit_card,1027.98,2026-06-07T09:17:32.090718
452,232,2026-03-25T21:16:32.090733,completed,pix,5390.35,2026-03-25T21:16:32.090733
453,477,2026-05-07T00:51:32.090757,completed,debit_card,3460.94,2026-05-07T00:51:32.090757
454,226,2026-03-30T23:28:32.090773,refunded,debit_card,8183.39,2026-03-30T23:28:32.090773
455,237,2026-04-26T05:30:32.090798,refunded,credit_card,2462.49,2026-04-26T05:30:32.090798
456,5,2026-09-17T04:25:32.090815,cancelled,pix,596.06,2026-09-17T04:25:32.090815
457,326,2026-07-30T08:24:32.090835,cancelled,credit_card,6431.55,2026-07-30T08:24:32.090835
458,35,2026-08-19T11:23:32.090860,completed,boleto,1230.24,2026-08-19T11:23:32.090860
459,408,2026-05-03T14:14:32.090877,completed,credit_card,238.98,2026-05-03T14:14:32.090877
460,480,2026-07-06T12:16:32.090892,completed,pix,6221.24,2026-07-06T12:16:32.090892
461,474,2026-07-24T00:53:32.090926,completed,debit_card,9147.08,2026-07-24T00:53:32.090926
462,79,2026-05-31T00:17:32.090956,refunded,boleto,1097.68,2026-05-31T00:17:32.090956
463,288,2026-09-16T00:00:32.090981,completed,debit_card,4113.68,2026-09-16T00:00:32.090981
464,367,2026-09-16T00:42:32.091005,completed,debit_card,1063.54,2026-09-16T00:42:32.091005
465,258,2026-07-25T17:00:32.091021,completed,pix,9613.3,2026-07-25T17:00:32.091021
466,279,2026-04-04T23:46:32.091057,refunded,credit_card,2452.76,2026-04-04T23:46:32.091057
467,293,2026-03-27T06:28:32.091074,completed,debit_card,3800.26,2026-03-27T06:28:32.091074
468,282,2026-07-11T16:24:32.091098,refunded,credit_card,3936.65,2026-07-11T16:24:32.091098
469,175,2026-07-24T01:58:32.091113,completed,boleto,8860.31,2026-07-24T01:58:32.091113
470,483,2026-05-24T04:13:32.091138,refunded,pix,302.92,2026-05-24T04:13:32.091138
471,132,2026-03-24T07:42:32.091158,completed,pix,6124.42,2026-03-24T07:42:32.091158
472,271,2026-03-29T00:03:32.091190,completed,debit_card,11844.34,2026-03-29T00:03:32.091190
473,292,2026-06-09T20:40:32.091220,completed,debit_card,1443.58,2026-06-09T20:40:32.091220
474,430,2026-08-31T05:22:32.091241,completed,pix,3951.35,2026-08-31T05:22:32.091241
475,433,2026-05-03T15:54:32.091266,completed,credit_card,1619.79,2026-05-03T15:54:32.091266
476,269,2026-08-12T08:20:32.091286,refunded,pix,2171.26,2026-08-12T08:20:32.091286
477,195,2026-05-24T12:37:32.091312,cancelled,credit_card,195.68,2026-05-24T12:37:32.091312
478,124,2026-09-13T18:59:32.091328,cancelled,debit_card,4237.75,2026-09-13T18:59:32.091328
479,365,2026-04-22T14:34:32.091359,refunded,pix,6707.91,2026-04-22T14:34:32.091359
480,322,2026-06-26T17:38:32.091390,completed,boleto,8569.69,2026-06-26T17:38:32.091390
481,141,2026-06-01T20:37:32.091423,cancelled,debit_card,6036.24,2026-06-01T20:37:32.091423
482,457,2026-03-24T08:52:32.091454,completed,pix,2129.53,2026-03-24T08:52:32.091454
483,39,2026-09-02T23:04:32.091486,completed,debit_card,2730.95,2026-09-02T23:04:32.091486
484,252,2026-06-06T01:02:32.091514,refunded,credit_card,3814.7,2026-06-06T01:02:32.091514
485,49,2026-09-05T23:11:32.091550,cancelled,debit_card,5572.99,2026-09-05T23:11:32.091550
486,210,2026-04-15T10:34:32.091575,refunded,debit_card,813.35,2026-04-15T10:34:32.091575
487,338,2026-08-24T21:19:32.091590,cancelled,credit_card,227.03,2026-08-24T21:19:32.091590
488,446,2026-07-05T11:27:32.091606,cancelled,boleto,2777.06,2026-07-05T11:27:32.091606
489,180,2026-04-25T22:41:32.091622,completed,boleto,3879.01,2026-04-25T22:41:32.091622
490,373,2026-04-25T08:26:32.091654,cancelled,boleto,3298.57,2026-04-25T08:26:32.091654
491,122,2026-06-15T05:18:32.091688,refunded,boleto,2180.69,2026-06-15T05:18:32.091688
492,493,2026-07-09T02:04:32.091721,refunded,boleto,6593.87,2026-07-09T02:04:32.091721
493,80,2026-06-15T08:06:32.091749,completed,credit_card,4579.68,2026-06-15T08:06:32.091749
494,50,2026-08-04T22:25:32.091782,refunded,boleto,2682.14,2026-08-04T22:25:32.091782
495,75,2026-03-30T18:37:32.091803,completed,boleto,5678.5,2026-03-30T18:37:32.091803
496,157,2026-06-30T09:18:32.091834,completed,debit_card,8900.09,2026-06-30T09:18:32.091834
497,65,2026-07-18T22:23:32.091867,completed,debit_card,8673.37,2026-07-18T22:23:32.091867
498,186,2026-03-25T08:09:32.091896,cancelled,credit_card,6958.22,2026-03-25T08:09:32.091896
499,145,2026-08-02T16:15:32.091920,cancelled,boleto,5265.37,2026-08-02T16:15:32.091920
500,53,2026-07-22T20:21:32.091947,completed,debit_card,2042.74,2026-07-22T20:21:32.091947
501,64,2026-04-30T16:19:32.091967,completed,debit_card,1726.93,2026-04-30T16:19:32.091967
502,229,2026-05-24T03:07:32.091987,refunded,debit_card,6472.48,2026-05-24T03:07:32.091987
503,219,2026-09-14T22:39:32.092032,completed,credit_card,81.1,2026-09-14T22:39:32.092032
504,193,2026-07-30T23:42:32.092049,refunded,debit_card,7103.85,2026-07-30T23:42:32.092049
505,339,2026-06-22T18:39:32.092077,completed,pix,6063.94,2026-06-22T18:39:32.092077
506,339,2026-09-07T08:02:32.092108,completed,boleto,1400.38,2026-09-07T08:02:32.092108
507,400,2026-07-05T22:08:32.092124,refunded,debit_card,12008.3,2026-07-05T22:08:32.092124
508,35,2026-08-14T19:45:32.092156,cancelled,pix,324.76,2026-08-14T19:45:32.092156
509,167,2026-09-11T13:40:32.092172,completed,boleto,7509.31,2026-09-11T13:40:32.092172
510,335,2026-06-11T20:01:32.092199,completed,boleto,1292.97,2026-06-11T20:01:32.092199
511,119,2026-04-15T03:05:32.092223,completed,debit_card,5287.66,2026-04-15T03:05:32.092223
512,371,2026-04-11T01:30:32.092250,cancelled,boleto,5529.11,2026-04-11T01:30:32.092250
513,255,2026-07-28T23:15:32.092278,refunded,pix,8058.44,2026-07-28T23:15:32.092278
514,392,2026-08-15T16:17:32.092306,cancelled,pix,2592.51,2026-08-15T16:17:32.092306
515,12,2026-08-27T03:43:32.092329,completed,pix,1793.07,2026-08-27T03:43:32.092329
516,76,2026-08-27T03:49:32.092349,refunded,debit_card,1399.87,2026-08-27T03:49:32.092349
517,338,2026-09-17T05:44:32.092373,completed,boleto,4016.28,2026-09-17T05:44:32.092373
518,428,2026-04-08T03:47:32.092392,completed,boleto,3406.97,2026-04-08T03:47:32.092392
519,62,2026-05-13T07:38:32.092412,completed,credit_card,3212.25,2026-05-13T07:38:32.092412
520,256,2026-06-28T08:50:32.092444,completed,credit_card,5644.43,2026-06-28T08:50:32.092444
521,67,2026-05-05T15:12:32.092464,cancelled,boleto,7810.44,2026-05-05T15:12:32.092464
522,365,2026-06-25T12:00:32.092500,completed,boleto,770.54,2026-06-25T12:00:32.092500
523,271,2026-08-06T16:59:32.092516,refunded,pix,4998.16,2026-08-06T16:59:32.092516
524,11,2026-05-17T21:53:32.092544,completed,credit_card,3705.76,2026-05-17T21:53:32.092544
525,163,2026-06-19T16:00:32.092573,cancelled,credit_card,3705.29,2026-06-19T16:00:32.092573
526,41,2026-07-30T01:22:32.092606,refunded,debit_card,3320.71,2026-07-30T01:22:32.092606
527,434,2026-09-08T17:57:32.092626,completed,debit_card,4265.98,2026-09-08T17:57:32.092626
528,70,2026-05-25T06:18:32.092654,completed,pix,3001.33,2026-05-25T06:18:32.092654
529,68,2026-05-18T23:42:32.092673,completed,debit_card,3697.82,2026-05-18T23:42:32.092673
530,395,2026-05-18T07:56:32.092701,refunded,debit_card,2311.98,2026-05-18T07:56:32.092701
531,60,2026-05-25T16:42:32.092722,refunded,credit_card,2932.41,2026-05-25T16:42:32.092722
532,93,2026-09-12T10:07:32.092753,cancelled,debit_card,3052.83,2026-09-12T10:07:32.092753
533,74,2026-04-30T15:27:32.092774,cancelled,debit_card,3918.53,2026-04-30T15:27:32.092774
534,375,2026-07-28T22:59:32.092793,completed,boleto,3351.49,2026-07-28T22:59:32.092793
535,294,2026-09-07T08:44:32.092825,cancelled,debit_card,1327.46,2026-09-07T08:44:32.092825
536,266,2026-06-19T20:40:32.092842,completed,debit_card,3659.43,2026-06-19T20:40:32.092842
537,203,2026-05-16T22:54:32.092865,refunded,credit_card,4418.3,2026-05-16T22:54:32.092865
538,345,2026-06-30T11:07:32.092890,completed,pix,4993.99,2026-06-30T11:07:32.092890
539,179,2026-04-21T14:20:32.092920,cancelled,pix,3327.54,2026-04-21T14:20:32.092920
540,36,2026-05-29T15:28:32.092937,cancelled,pix,185.25,2026-05-29T15:28:32.092937
541,216,2026-06-08T05:33:32.092952,completed,pix,8427.09,2026-06-08T05:33:32.092952
542,496,2026-09-04T02:10:32.092982,refunded,credit_card,876.26,2026-09-04T02:10:32.092982
543,90,2026-04-09T20:44:32.092998,completed,debit_card,2201.55,2026-04-09T20:44:32.092998
544,88,2026-07-03T19:26:32.093014,completed,boleto,2908.22,2026-07-03T19:26:32.093014
545,225,2026-07-27T17:55:32.093038,refunded,pix,4378.35,2026-07-27T17:55:32.093038
546,463,2026-09-07T23:13:32.093066,completed,pix,8065.78,2026-09-07T23:13:32.093066
547,91,2026-04-09T02:22:32.093099,refunded,boleto,1467.24,2026-04-09T02:22:32.093099
548,222,2026-08-04T10:49:32.093115,completed,pix,2499.35,2026-08-04T10:49:32.093115
549,256,2026-06-28T17:50:32.093131,completed,boleto,2307.36,2026-06-28T17:50:32.093131
550,59,2026-04-27T12:04:32.093155,completed,boleto,7302.17,2026-04-27T12:04:32.093155
551,204,2026-04-06T01:15:32.093188,refunded,boleto,366.47,2026-04-06T01:15:32.093188
552,330,2026-03-30T02:47:32.093204,completed,boleto,2839.74,2026-03-30T02:47:32.093204
553,321,2026-08-08T16:23:32.093236,refunded,boleto,2171.64,2026-08-08T16:23:32.093236
554,189,2026-05-11T20:35:32.093257,completed,debit_card,4376.15,2026-05-11T20:35:32.093257
555,151,2026-03-28T09:33:32.093289,completed,debit_card,2385.82,2026-03-28T09:33:32.093289
556,230,2026-08-08T22:40:32.093309,completed,pix,1865.21,2026-08-08T22:40:32.093309
557,271,2026-06-27T17:06:32.093339,cancelled,credit_card,3876.18,2026-06-27T17:06:32.093339
558,51,2026-08-26T07:20:32.093374,cancelled,boleto,2458.76,2026-08-26T07:20:32.093374
559,334,2026-08-11T22:36:32.093399,completed,boleto,2491.72,2026-08-11T22:36:32.093399
560,356,2026-05-08T00:22:32.093423,completed,boleto,5290.72,2026-05-08T00:22:32.093423
561,21,2026-05-08T03:30:32.093453,refunded,pix,3683.64,2026-05-08T03:30:32.093453
562,414,2026-03-27T12:06:32.093481,completed,credit_card,1189.14,2026-03-27T12:06:32.093481
563,451,2026-08-13T07:11:32.093502,refunded,debit_card,2436.31,2026-08-13T07:11:32.093502
564,187,2026-06-01T08:22:32.093531,refunded,debit_card,4673.7,2026-06-01T08:22:32.093531
565,4,2026-03-23T21:30:32.093552,refunded,pix,1591.01,2026-03-23T21:30:32.093552
566,425,2026-06-11T01:29:32.093568,completed,debit_card,3067.5,2026-06-11T01:29:32.093568
567,46,2026-04-28T00:45:32.093583,completed,boleto,7194.48,2026-04-28T00:45:32.093583
568,250,2026-07-27T00:01:32.093611,cancelled,credit_card,9976.64,2026-07-27T00:01:32.093611
569,147,2026-09-06T12:32:32.093643,cancelled,boleto,6162.71,2026-09-06T12:32:32.093643
570,206,2026-09-10T09:36:32.093675,refunded,boleto,822.93,2026-09-10T09:36:32.093675
571,119,2026-07-13T01:18:32.093695,refunded,credit_card,2574.16,2026-07-13T01:18:32.093695
572,466,2026-06-28T03:56:32.093719,completed,credit_card,8848.68,2026-06-28T03:56:32.093719
573,490,2026-06-28T04:31:32.093752,completed,credit_card,5826.38,2026-06-28T04:31:32.093752
574,13,2026-07-07T05:04:32.093784,completed,credit_card,4593.15,2026-07-07T05:04:32.093784
575,51,2026-08-15T10:18:32.093814,cancelled,debit_card,7254.27,2026-08-15T10:18:32.093814
576,420,2026-05-21T15:16:32.093835,completed,debit_card,4605.44,2026-05-21T15:16:32.093835
577,211,2026-04-22T03:38:32.093867,completed,credit_card,3749.03,2026-04-22T03:38:32.093867
578,68,2026-08-19T04:37:32.093883,refunded,pix,984.85,2026-08-19T04:37:32.093883
579,434,2026-06-19T03:04:32.093903,completed,debit_card,3796.99,2026-06-19T03:04:32.093903
580,56,2026-07-24T05:59:32.093936,cancelled,credit_card,4078.58,2026-07-24T05:59:32.093936
581,195,2026-05-29T07:31:32.093961,completed,credit_card,12437.03,2026-05-29T07:31:32.093961
582,389,2026-06-06T21:35:32.093989,cancelled,pix,9240.58,2026-06-06T21:35:32.093989
583,418,2026-07-22T05:37:32.094021,cancelled,debit_card,1278.08,2026-07-22T05:37:32.094021
584,244,2026-08-04T13:36:32.094050,cancelled,credit_card,9620.69,2026-08-04T13:36:32.094050
585,212,2026-06-29T06:43:32.094078,refunded,pix,7947.58,2026-06-29T06:43:32.094078
586,415,2026-08-24T12:16:32.094111,cancelled,debit_card,3884.88,2026-08-24T12:16:32.094111
587,366,2026-04-11T22:45:32.094140,refunded,boleto,8813.73,2026-04-11T22:45:32.094140
588,415,2026-08-28T09:48:32.094172,completed,debit_card,591.54,2026-08-28T09:48:32.094172
589,490,2026-07-22T00:11:32.094188,completed,credit_card,5861.17,2026-07-22T00:11:32.094188
590,272,2026-04-10T17:05:32.094212,completed,pix,4373.02,2026-04-10T17:05:32.094212
591,178,2026-05-31T15:57:32.094232,refunded,debit_card,795.42,2026-05-31T15:57:32.094232
592,212,2026-07-29T13:37:32.094251,completed,boleto,2667.29,2026-07-29T13:37:32.094251
593,294,2026-07-23T23:06:32.094267,refunded,debit_card,478.17,2026-07-23T23:06:32.094267
594,160,2026-05-05T09:34:32.094284,completed,credit_card,10458.46,2026-05-05T09:34:32.094284
595,77,2026-04-09T02:25:32.094317,cancelled,pix,9098.3,2026-04-09T02:25:32.094317
596,327,2026-04-24T18:15:32.094347,refunded,boleto,203.13,2026-04-24T18:15:32.094347
597,65,2026-09-02T09:51:32.094364,completed,credit_card,3880.43,2026-09-02T09:51:32.094364
598,196,2026-07-29T22:05:32.094384,completed,pix,3833.35,2026-07-29T22:05:32.094384
599,429,2026-07-02T13:27:32.094407,cancelled,credit_card,981.46,2026-07-02T13:27:32.094407
600,457,2026-08-17T09:33:32.094427,cancelled,credit_card,1143.18,2026-08-17T09:33:32.094427
601,278,2026-04-01T06:25:32.094444,refunded,debit_card,7725.62,2026-04-01T06:25:32.094444
602,143,2026-08-01T04:40:32.094476,refunded,credit_card,3670.42,2026-08-01T04:40:32.094476
603,328,2026-04-03T16:56:32.094504,refunded,pix,5424.89,2026-04-03T16:56:32.094504
604,336,2026-04-04T10:51:32.094531,completed,credit_card,517.85,2026-04-04T10:51:32.094531
605,290,2026-04-20T10:59:32.094547,completed,pix,7193.63,2026-04-20T10:59:32.094547
606,411,2026-04-10T11:46:32.094581,completed,pix,4265.77,2026-04-10T11:46:32.094581
607,114,2026-09-01T21:15:32.094601,cancelled,debit_card,5144.77,2026-09-01T21:15:32.094601
608,482,2026-09-08T22:34:32.094625,completed,credit_card,3157.84,2026-09-08T22:34:32.094625
609,497,2026-06-22T21:33:32.094657,completed,boleto,6378.51,2026-06-22T21:33:32.094657
610,165,2026-06-06T21:27:32.094685,completed,pix,4511.75,2026-06-06T21:27:32.094685
611,67,2026-04-28T22:28:32.094705,refunded,credit_card,11170.02,2026-04-28T22:28:32.094705
612,330,2026-05-18T03:41:32.094738,refunded,boleto,1150.97,2026-05-18T03:41:32.094738
613,92,2026-05-18T13:30:32.094758,completed,pix,7975.12,2026-05-18T13:30:32.094758
614,417,2026-07-24T22:00:32.094786,cancelled,boleto,4073.1,2026-07-24T22:00:32.094786
615,442,2026-04-19T08:51:32.094810,cancelled,boleto,6209.82,2026-04-19T08:51:32.094810
616,489,2026-07-07T17:11:32.094837,completed,boleto,844.88,2026-07-07T17:11:32.094837
617,489,2026-05-26T08:35:32.094858,completed,pix,5365.93,2026-05-26T08:35:32.094858
618,427,2026-09-07T02:36:32.094879,completed,pix,2446.19,2026-09-07T02:36:32.094879
619,54,2026-07-01T22:45:32.094922,refunded,debit_card,621.07,2026-07-01T22:45:32.094922
620,248,2026-08-27T10:17:32.094942,completed,debit_card,2918.56,2026-08-27T10:17:32.094942
621,166,2026-08-28T17:01:32.094962,cancelled,boleto,4939.35,2026-08-28T17:01:32.094962
622,420,2026-05-11T08:31:32.094978,refunded,credit_card,2583.68,2026-05-11T08:31:32.094978
623,27,2026-07-22T04:27:32.095005,refunded,credit_card,5107.84,2026-07-22T04:27:32.095005
624,111,2026-03-27T09:05:32.095029,refunded,pix,9750.34,2026-03-27T09:05:32.095029
625,425,2026-09-19T07:27:32.095062,completed,debit_card,11633.72,2026-09-19T07:27:32.095062
626,280,2026-06-10T01:35:32.095094,completed,pix,2486.0,2026-06-10T01:35:32.095094
627,189,2026-03-30T23:36:32.095110,refunded,debit_card,4108.52,2026-03-30T23:36:32.095110
628,274,2026-04-19T21:13:32.095142,cancelled,credit_card,5848.86,2026-04-19T21:13:32.095142
629,123,2026-06-21T02:49:32.095166,completed,boleto,4779.59,2026-06-21T02:49:32.095166
630,154,2026-06-25T17:37:32.095190,completed,boleto,3536.81,2026-06-25T17:37:32.095190
631,300,2026-08-25T09:52:32.095210,refunded,boleto,1555.93,2026-08-25T09:52:32.095210
632,294,2026-05-17T21:30:32.095226,cancelled,debit_card,720.28,2026-05-17T21:30:32.095226
633,17,2026-05-25T11:06:32.095241,cancelled,debit_card,1467.7,2026-05-25T11:06:32.095241
634,45,2026-04-14T12:33:32.095256,refunded,debit_card,6041.53,2026-04-14T12:33:32.095256
635,306,2026-08-24T16:26:32.095280,refunded,credit_card,1405.1,2026-08-24T16:26:32.095280
636,428,2026-09-15T17:56:32.095295,completed,boleto,517.85,2026-09-15T17:56:32.095295
637,398,2026-08-09T06:20:32.095310,completed,boleto,4581.78,2026-08-09T06:20:32.095310
638,480,2026-04-30T17:37:32.095338,completed,boleto,2067.55,2026-04-30T17:37:32.095338
639,459,2026-04-04T16:52:32.095359,completed,credit_card,575.88,2026-04-04T16:52:32.095359
640,194,2026-06-19T22:00:32.095374,completed,pix,4394.38,2026-06-19T22:00:32.095374
641,366,2026-05-05T05:55:32.095407,completed,boleto,5849.36,2026-05-05T05:55:32.095407
642,49,2026-05-19T08:10:32.095434,completed,credit_card,11051.38,2026-05-19T08:10:32.095434
643,437,2026-08-21T18:13:32.095466,refunded,debit_card,2895.07,2026-08-21T18:13:32.095466
644,335,2026-06-18T07:34:32.095494,completed,boleto,5410.59,2026-06-18T07:34:32.095494
645,6,2026-06-07T01:42:32.095521,refunded,credit_card,13279.12,2026-06-07T01:42:32.095521
646,255,2026-04-02T04:12:32.095553,completed,credit_card,5853.35,2026-04-02T04:12:32.095553
647,51,2026-06-21T04:01:32.095577,refunded,credit_card,5768.88,2026-06-21T04:01:32.095577
648,110,2026-06-12T23:46:32.095605,refunded,boleto,6720.59,2026-06-12T23:46:32.095605
649,461,2026-06-18T20:35:32.095637,completed,pix,11279.97,2026-06-18T20:35:32.095637
650,281,2026-05-23T16:15:32.095670,refunded,pix,7072.09,2026-05-23T16:15:32.095670
651,27,2026-09-04T22:45:32.095695,completed,pix,8855.56,2026-09-04T22:45:32.095695
652,420,2026-05-02T04:24:32.095719,refunded,debit_card,4076.0,2026-05-02T04:24:32.095719
653,222,2026-09-09T11:39:32.095738,completed,credit_card,8069.96,2026-09-09T11:39:32.095738
654,98,2026-03-24T08:16:32.095770,refunded,boleto,4699.94,2026-03-24T08:16:32.095770
655,93,2026-07-05T23:52:32.095790,completed,credit_card,4137.43,2026-07-05T23:52:32.095790
656,299,2026-05-01T01:20:32.095831,refunded,debit_card,3585.27,2026-05-01T01:20:32.095831
657,465,2026-07-23T05:12:32.095860,completed,debit_card,2758.82,2026-07-23T05:12:32.095860
658,415,2026-09-01T15:34:32.095882,cancelled,debit_card,2154.0,2026-09-01T15:34:32.095882
659,60,2026-04-10T11:00:32.095899,cancelled,credit_card,2339.54,2026-04-10T11:00:32.095899
660,453,2026-05-13T05:42:32.095923,cancelled,pix,5583.9,2026-05-13T05:42:32.095923
661,298,2026-08-13T15:30:32.095952,cancelled,boleto,4052.82,2026-08-13T15:30:32.095952
662,424,2026-04-25T16:48:32.095971,completed,credit_card,604.86,2026-04-25T16:48:32.095971
663,80,2026-05-18T20:17:32.095991,completed,debit_card,773.53,2026-05-18T20:17:32.095991
664,325,2026-08-16T11:33:32.096011,completed,debit_card,4593.75,2026-08-16T11:33:32.096011
665,355,2026-05-13T20:03:32.096035,cancelled,boleto,159.48,2026-05-13T20:03:32.096035
666,431,2026-06-15T18:02:32.096051,refunded,pix,11739.83,2026-06-15T18:02:32.096051
667,338,2026-05-31T20:54:32.096083,completed,debit_card,5264.37,2026-05-31T20:54:32.096083
668,22,2026-03-24T22:54:32.096112,cancelled,debit_card,8343.28,2026-03-24T22:54:32.096112
669,134,2026-05-17T11:58:32.096143,completed,boleto,9684.91,2026-05-17T11:58:32.096143
670,7,2026-07-20T22:27:32.096176,completed,pix,4662.39,2026-07-20T22:27:32.096176
671,48,2026-08-17T01:17:32.096191,cancelled,credit_card,7431.3,2026-08-17T01:17:32.096191
672,476,2026-04-13T10:31:32.096224,cancelled,boleto,7068.25,2026-04-13T10:31:32.096224
673,384,2026-05-24T06:35:32.096247,completed,debit_card,4927.72,2026-05-24T06:35:32.096247
674,230,2026-06-06T03:12:32.096270,cancelled,debit_card,3115.96,2026-06-06T03:12:32.096270
675,450,2026-05-19T23:20:32.096285,cancelled,boleto,4816.87,2026-05-19T23:20:32.096285
676,183,2026-08-12T10:32:32.096312,completed,credit_card,5255.42,2026-08-12T10:32:32.096312
677,428,2026-04-21T09:58:32.096424,refunded,credit_card,6060.67,2026-04-21T09:58:32.096424
678,361,2026-08-13T10:32:32.096458,cancelled,credit_card,5984.31,2026-08-13T10:32:32.096458
679,317,2026-06-16T04:35:32.096483,completed,pix,3032.25,2026-06-16T04:35:32.096483
680,435,2026-04-11T01:07:32.096503,refunded,credit_card,2888.34,2026-04-11T01:07:32.096503
681,100,2026-07-15T12:21:32.096524,completed,pix,4218.3,2026-07-15T12:21:32.096524
682,253,2026-05-13T10:55:32.096548,cancelled,credit_card,4372.73,2026-05-13T10:55:32.096548
683,165,2026-08-20T05:19:32.096568,completed,boleto,8328.91,2026-08-20T05:19:32.096568
684,482,2026-06-08T18:19:32.096600,refunded,boleto,3062.33,2026-06-08T18:19:32.096600
685,137,2026-08-30T03:05:32.096620,cancelled,debit_card,6222.42,2026-08-30T03:05:32.096620
686,187,2026-09-19T13:48:32.096652,completed,credit_card,850.33,2026-09-19T13:48:32.096652
687,241,2026-04-02T03:33:32.096669,refunded,debit_card,543.68,2026-04-02T03:33:32.096669
688,156,2026-07-14T14:58:32.096685,cancelled,credit_card,2762.56,2026-07-14T14:58:32.096685
689,17,2026-05-04T15:53:32.096701,cancelled,debit_card,4110.15,2026-05-04T15:53:32.096701
690,261,2026-05-06T06:49:32.096725,cancelled,pix,2144.35,2026-05-06T06:49:32.096725
691,266,2026-09-18T22:47:32.096750,cancelled,pix,7062.88,2026-09-18T22:47:32.096750
692,409,2026-04-20T23:10:32.096774,completed,boleto,10923.7,2026-04-20T23:10:32.096774
693,55,2026-09-01T05:30:32.096816,completed,boleto,8502.38,2026-09-01T05:30:32.096816
694,91,2026-08-17T10:50:32.096850,cancelled,credit_card,1537.26,2026-08-17T10:50:32.096850
695,231,2026-04-03T08:48:32.096866,completed,boleto,3653.37,2026-04-03T08:48:32.096866
696,133,2026-07-08T03:23:32.096891,cancelled,boleto,522.8,2026-07-08T03:23:32.096891
697,302,2026-05-14T09:47:32.096908,refunded,boleto,4806.62,2026-05-14T09:47:32.096908
698,167,2026-05-27T08:31:32.096932,refunded,debit_card,2059.95,2026-05-27T08:31:32.096932
699,361,2026-06-20T12:08:32.096956,refunded,boleto,6401.43,2026-06-20T12:08:32.096956
700,431,2026-05-21T18:22:32.096979,completed,credit_card,5096.94,2026-05-21T18:22:32.096979
701,420,2026-06-10T10:35:32.097011,completed,credit_card,6034.77,2026-06-10T10:35:32.097011
702,407,2026-08-13T15:47:32.097035,cancelled,pix,8435.66,2026-08-13T15:47:32.097035
703,107,2026-04-21T17:34:32.097063,refunded,boleto,1822.25,2026-04-21T17:34:32.097063
704,446,2026-08-13T06:32:32.097087,refunded,credit_card,5029.1,2026-08-13T06:32:32.097087
705,211,2026-07-02T03:43:32.097116,completed,debit_card,6465.56,2026-07-02T03:43:32.097116
706,82,2026-04-12T03:12:32.097140,cancelled,credit_card,4459.87,2026-04-12T03:12:32.097140
707,390,2026-06-06T00:07:32.097164,refunded,boleto,1699.22,2026-06-06T00:07:32.097164
708,175,2026-08-05T15:35:32.097184,cancelled,pix,7397.32,2026-08-05T15:35:32.097184
709,128,2026-03-26T00:56:32.097212,completed,credit_card,4093.33,2026-03-26T00:56:32.097212
710,81,2026-08-05T05:50:32.097244,completed,credit_card,4761.79,2026-08-05T05:50:32.097244
711,319,2026-07-05T09:11:32.097277,completed,boleto,5355.05,2026-07-05T09:11:32.097277
712,392,2026-08-01T00:48:32.097300,completed,credit_card,1133.9,2026-08-01T00:48:32.097300
713,132,2026-08-10T19:20:32.097320,completed,pix,1690.19,2026-08-10T19:20:32.097320
714,185,2026-05-11T08:24:32.097344,cancelled,debit_card,5568.37,2026-05-11T08:24:32.097344
715,111,2026-03-30T22:51:32.097373,refunded,pix,306.12,2026-03-30T22:51:32.097373
716,51,2026-06-12T22:55:32.097388,refunded,debit_card,1446.49,2026-06-12T22:55:32.097388
717,293,2026-08-05T00:11:32.097403,completed,pix,4505.0,2026-08-05T00:11:32.097403
718,395,2026-04-02T17:49:32.097436,cancelled,boleto,3012.38,2026-04-02T17:49:32.097436
719,343,2026-08-30T10:08:32.097464,refunded,credit_card,6154.22,2026-08-30T10:08:32.097464
720,377,2026-04-05T13:00:32.097497,cancelled,credit_card,1096.11,2026-04-05T13:00:32.097497
721,59,2026-07-05T18:32:32.097513,completed,pix,360.14,2026-07-05T18:32:32.097513
722,347,2026-08-02T01:03:32.097529,completed,debit_card,5040.41,2026-08-02T01:03:32.097529
723,283,2026-09-14T00:58:32.097552,completed,boleto,4566.89,2026-09-14T00:58:32.097552
724,283,2026-06-16T11:29:32.097576,cancelled,credit_card,6002.62,2026-06-16T11:29:32.097576
725,365,2026-07-31T05:26:32.097603,completed,credit_card,4448.29,2026-07-31T05:26:32.097603
726,18,2026-08-02T16:24:32.097635,completed,boleto,1004.37,2026-08-02T16:24:32.097635
727,269,2026-03-28T23:54:32.097655,refunded,boleto,1217.12,2026-03-28T23:54:32.097655
728,487,2026-05-23T17:58:32.097675,completed,credit_card,6307.97,2026-05-23T17:58:32.097675
729,458,2026-07-03T06:12:32.097706,completed,debit_card,9459.94,2026-07-03T06:12:32.097706
730,490,2026-08-13T20:12:32.097730,refunded,boleto,1614.16,2026-08-13T20:12:32.097730
731,174,2026-03-27T11:30:32.097749,completed,pix,4405.95,2026-03-27T11:30:32.097749
732,112,2026-07-21T16:45:32.097780,completed,credit_card,5050.51,2026-07-21T16:45:32.097780
733,355,2026-08-05T05:15:32.097818,completed,debit_card,6573.17,2026-08-05T05:15:32.097818
734,326,2026-04-19T13:40:32.097844,refunded,debit_card,1172.67,2026-04-19T13:40:32.097844
735,266,2026-04-18T07:26:32.097859,completed,debit_card,4000.35,2026-04-18T07:26:32.097859
736,400,2026-07-02T02:27:32.097880,completed,credit_card,1460.26,2026-07-02T02:27:32.097880
737,346,2026-04-27T05:14:32.097900,completed,debit_card,8534.24,2026-04-27T05:14:32.097900
738,69,2026-09-03T13:06:32.097928,cancelled,credit_card,1793.64,2026-09-03T13:06:32.097928
739,322,2026-05-23T17:32:32.097948,completed,credit_card,1996.1,2026-05-23T17:32:32.097948
740,221,2026-09-14T11:23:32.097972,completed,pix,10442.15,2026-09-14T11:23:32.097972
741,311,2026-07-21T14:02:32.098004,refunded,boleto,1202.89,2026-07-21T14:02:32.098004
742,241,2026-08-20T12:30:32.098024,completed,boleto,8478.97,2026-08-20T12:30:32.098024
743,118,2026-06-21T02:16:32.098052,completed,debit_card,4030.82,2026-06-21T02:16:32.098052
744,398,2026-08-12T02:36:32.098075,completed,boleto,3362.47,2026-08-12T02:36:32.098075
745,337,2026-05-08T08:32:32.098096,refunded,boleto,2316.98,2026-05-08T08:32:32.098096
746,368,2026-03-27T10:40:32.098112,cancelled,credit_card,2435.47,2026-03-27T10:40:32.098112
747,87,2026-07-23T20:35:32.098131,completed,debit_card,2568.48,2026-07-23T20:35:32.098131
748,205,2026-04-05T19:33:32.098147,completed,pix,2805.39,2026-04-05T19:33:32.098147
749,164,2026-07-13T23:15:32.098168,cancelled,credit_card,8679.39,2026-07-13T23:15:32.098168
750,163,2026-06-15T03:22:32.098200,completed,boleto,579.19,2026-06-15T03:22:32.098200
751,202,2026-06-11T17:24:32.098224,cancelled,pix,3377.64,2026-06-11T17:24:32.098224
752,326,2026-04-27T10:47:32.098249,completed,debit_card,8025.64,2026-04-27T10:47:32.098249
753,249,2026-08-17T04:07:32.098273,refunded,boleto,3065.15,2026-08-17T04:07:32.098273
754,362,2026-05-19T19:17:32.098297,completed,debit_card,3583.28,2026-05-19T19:17:32.098297
755,229,2026-04-22T22:19:32.098321,cancelled,boleto,166.33,2026-04-22T22:19:32.098321
756,110,2026-04-13T03:02:32.098337,completed,boleto,5180.1,2026-04-13T03:02:32.098337
757,188,2026-07-25T00:55:32.098368,refunded,debit_card,1223.89,2026-07-25T00:55:32.098368
758,159,2026-05-20T08:56:32.098392,cancelled,pix,5951.19,2026-05-20T08:56:32.098392
759,242,2026-04-17T08:09:32.098416,completed,boleto,1034.18,2026-04-17T08:09:32.098416
760,317,2026-07-07T12:59:32.098436,completed,boleto,3842.63,2026-07-07T12:59:32.098436
761,169,2026-07-26T00:42:32.098460,completed,pix,9588.73,2026-07-26T00:42:32.098460
762,369,2026-06-20T01:20:32.098493,completed,debit_card,3191.51,2026-06-20T01:20:32.098493
763,80,2026-09-11T03:36:32.098514,completed,credit_card,2514.1,2026-09-11T03:36:32.098514
764,426,2026-04-27T14:35:32.098537,refunded,pix,9231.3,2026-04-27T14:35:32.098537
765,193,2026-03-29T15:13:32.098565,cancelled,credit_card,887.98,2026-03-29T15:13:32.098565
766,458,2026-04-18T19:03:32.098582,refunded,boleto,11362.35,2026-04-18T19:03:32.098582
767,450,2026-08-11T13:10:32.098615,completed,debit_card,4289.14,2026-08-11T13:10:32.098615
768,395,2026-09-10T00:26:32.098642,refunded,boleto,4558.35,2026-09-10T00:26:32.098642
769,144,2026-07-24T12:46:32.098666,completed,credit_card,3126.71,2026-07-24T12:46:32.098666
770,229,2026-07-20T01:14:32.098687,cancelled,boleto,1795.12,2026-07-20T01:14:32.098687
771,261,2026-04-08T19:46:32.098710,completed,debit_card,5831.79,2026-04-08T19:46:32.098710
772,95,2026-09-20T01:20:32.098738,refunded,boleto,1894.28,2026-09-20T01:20:32.098738
773,309,2026-06-19T13:53:32.098758,cancelled,pix,465.88,2026-06-19T13:53:32.098758
774,357,2026-04-24T23:22:32.098784,refunded,debit_card,395.05,2026-04-24T23:22:32.098784
775,294,2026-06-08T01:07:32.098800,completed,debit_card,6263.35,2026-06-08T01:07:32.098800
776,407,2026-08-24T03:48:32.098832,completed,pix,11706.91,2026-08-24T03:48:32.098832
777,218,2026-04-24T21:19:32.098860,completed,pix,3810.6,2026-04-24T21:19:32.098860
778,34,2026-07-12T08:21:32.098876,completed,pix,10207.54,2026-07-12T08:21:32.098876
779,336,2026-05-16T00:06:32.098905,completed,debit_card,9851.59,2026-05-16T00:06:32.098905
780,57,2026-04-24T17:16:32.098938,completed,credit_card,5755.09,2026-04-24T17:16:32.098938
781,370,2026-07-30T13:36:32.098970,cancelled,credit_card,2633.81,2026-07-30T13:36:32.098970
782,264,2026-06-10T13:34:32.098997,completed,debit_card,3903.17,2026-06-10T13:34:32.098997
783,486,2026-05-02T10:58:32.099021,refunded,credit_card,3727.85,2026-05-02T10:58:32.099021
784,447,2026-03-24T09:13:32.099049,completed,debit_card,6529.6,2026-03-24T09:13:32.099049
785,379,2026-07-27T17:20:32.099081,refunded,credit_card,291.26,2026-07-27T17:20:32.099081
786,326,2026-06-15T05:17:32.099096,completed,credit_card,2599.81,2026-06-15T05:17:32.099096
787,260,2026-09-16T20:17:32.099115,completed,boleto,1388.53,2026-09-16T20:17:32.099115
788,78,2026-06-10T07:36:32.099130,completed,credit_card,10806.86,2026-06-10T07:36:32.099130
789,17,2026-05-11T21:11:32.099163,completed,debit_card,486.81,2026-05-11T21:11:32.099163
790,131,2026-07-29T20:57:32.099178,completed,boleto,1211.63,2026-07-29T20:57:32.099178
791,266,2026-08-24T13:42:32.099197,completed,boleto,3124.81,2026-08-24T13:42:32.099197
792,461,2026-07-07T10:22:32.099217,completed,credit_card,3490.26,2026-07-07T10:22:32.099217
793,285,2026-03-28T09:19:32.099240,cancelled,credit_card,5337.74,2026-03-28T09:19:32.099240
794,213,2026-07-27T13:10:32.099269,cancelled,credit_card,4806.99,2026-07-27T13:10:32.099269
795,24,2026-09-14T15:46:32.099288,completed,pix,2361.19,2026-09-14T15:46:32.099288
796,157,2026-04-15T04:39:32.099313,cancelled,debit_card,1738.98,2026-04-15T04:39:32.099313
797,292,2026-07-06T06:18:32.099329,refunded,credit_card,3309.97,2026-07-06T06:18:32.099329
798,497,2026-06-24T07:41:32.099349,completed,debit_card,314.36,2026-06-24T07:41:32.099349
799,60,2026-03-29T17:09:32.099365,completed,credit_card,4939.35,2026-03-29T17:09:32.099365
800,101,2026-05-26T15:58:32.099380,completed,pix,6031.0,2026-05-26T15:58:32.099380
801,191,2026-06-07T14:57:32.099404,completed,credit_card,1559.32,2026-06-07T14:57:32.099404
802,51,2026-06-26T14:03:32.099423,completed,debit_card,500.96,2026-06-26T14:03:32.099423
803,330,2026-08-01T06:17:32.099438,refunded,debit_card,8265.68,2026-08-01T06:17:32.099438
804,462,2026-06-02T12:06:32.099470,completed,debit_card,2695.94,2026-06-02T12:06:32.099470
805,405,2026-07-01T09:01:32.099494,completed,boleto,3599.11,2026-07-01T09:01:32.099494
806,303,2026-08-16T14:22:32.099517,cancelled,pix,7168.08,2026-08-16T14:22:32.099517
807,7,2026-06-27T10:42:32.099544,cancelled,boleto,3774.04,2026-06-27T10:42:32.099544
808,471,2026-03-24T12:42:32.099568,refunded,debit_card,197.52,2026-03-24T12:42:32.099568
809,219,2026-06-30T23:17:32.099584,refunded,debit_card,5056.92,2026-06-30T23:17:32.099584
810,77,2026-07-13T13:08:32.099611,completed,credit_card,2962.14,2026-07-13T13:08:32.099611
811,217,2026-05-10T08:55:32.099635,completed,boleto,281.45,2026-05-10T08:55:32.099635
812,249,2026-06-10T16:14:32.099651,refunded,credit_card,5468.61,2026-06-10T16:14:32.099651
813,345,2026-05-19T10:29:32.099679,completed,debit_card,3565.53,2026-05-19T10:29:32.099679
814,130,2026-04-20T15:59:32.099703,refunded,credit_card,7055.04,2026-04-20T15:59:32.099703
815,173,2026-07-05T06:56:32.099744,completed,debit_card,1414.87,2026-07-05T06:56:32.099744
816,220,2026-07-26T18:02:32.099760,completed,credit_card,6056.49,2026-07-26T18:02:32.099760
817,225,2026-05-14T14:50:32.099791,cancelled,boleto,8099.94,2026-05-14T14:50:32.099791
818,448,2026-08-12T10:48:32.099823,completed,credit_card,4917.81,2026-08-12T10:48:32.099823
819,200,2026-05-25T02:29:32.099855,refunded,pix,8867.88,2026-05-25T02:29:32.099855
820,404,2026-05-27T09:13:32.099880,completed,debit_card,1220.34,2026-05-27T09:13:32.099880
821,216,2026-07-13T20:19:32.099896,cancelled,debit_card,8204.15,2026-07-13T20:19:32.099896
822,440,2026-09-13T06:04:32.099923,cancelled,debit_card,1527.98,2026-09-13T06:04:32.099923
823,225,2026-09-07T11:10:32.099948,completed,pix,931.77,2026-09-07T11:10:32.099948
824,196,2026-05-24T03:37:32.099964,completed,debit_card,1080.58,2026-05-24T03:37:32.099964
825,482,2026-07-25T12:47:32.099980,completed,boleto,4972.27,2026-07-25T12:47:32.099980
826,455,2026-08-25T21:48:32.100007,completed,pix,2992.91,2026-08-25T21:48:32.100007
827,424,2026-04-08T08:22:32.100031,completed,pix,5837.83,2026-04-08T08:22:32.100031
828,177,2026-07-21T17:21:32.100059,cancelled,boleto,4083.41,2026-07-21T17:21:32.100059
829,346,2026-03-29T15:54:32.100079,cancelled,debit_card,3234.86,2026-03-29T15:54:32.100079
830,45,2026-03-27T05:13:32.100103,completed,debit_card,2038.39,2026-03-27T05:13:32.100103
831,431,2026-03-26T11:41:32.100135,completed,credit_card,5957.94,2026-03-26T11:41:32.100135
832,239,2026-06-04T09:04:32.100162,cancelled,debit_card,6786.19,2026-06-04T09:04:32.100162
833,2,2026-08-22T09:05:32.100186,cancelled,debit_card,5240.4,2026-08-22T09:05:32.100186
834,243,2026-09-04T18:32:32.100214,completed,boleto,2961.69,2026-09-04T18:32:32.100214
835,149,2026-07-23T06:12:32.100234,completed,boleto,1849.47,2026-07-23T06:12:32.100234
836,324,2026-04-18T20:38:32.100258,completed,credit_card,7113.88,2026-04-18T20:38:32.100258
837,208,2026-06-06T22:57:32.100289,refunded,debit_card,5889.46,2026-06-06T22:57:32.100289
838,499,2026-09-10T13:44:32.100321,completed,debit_card,2515.37,2026-09-10T13:44:32.100321
839,60,2026-05-24T09:20:32.100341,completed,boleto,7510.82,2026-05-24T09:20:32.100341
840,226,2026-08-23T06:21:32.100365,completed,pix,1799.56,2026-08-23T06:21:32.100365
841,367,2026-07-13T19:38:32.100384,completed,debit_card,11758.04,2026-07-13T19:38:32.100384
842,72,2026-07-04T19:38:32.100417,refunded,pix,5197.76,2026-07-04T19:38:32.100417
843,120,2026-07-03T13:06:32.100444,completed,debit_card,5332.47,2026-07-03T13:06:32.100444
844,342,2026-05-30T20:18:32.100468,refunded,pix,4152.35,2026-05-30T20:18:32.100468
845,276,2026-05-23T16:58:32.100493,refunded,debit_card,1043.27,2026-05-23T16:58:32.100493
846,494,2026-05-29T09:46:32.100516,refunded,credit_card,1739.58,2026-05-29T09:46:32.100516
847,379,2026-04-26T18:21:32.100540,cancelled,pix,5771.4,2026-04-26T18:21:32.100540
848,235,2026-05-24T20:35:32.100558,completed,credit_card,187.05,2026-05-24T20:35:32.100558
849,368,2026-05-07T11:19:32.100574,cancelled,debit_card,4100.86,2026-05-07T11:19:32.100574
850,322,2026-05-11T12:18:32.100597,completed,boleto,7564.56,2026-05-11T12:18:32.100597
851,131,2026-04-04T14:10:32.100633,completed,boleto,10066.4,2026-04-04T14:10:32.100633
852,92,2026-06-07T10:54:32.100684,completed,boleto,3125.43,2026-06-07T10:54:32.100684
853,332,2026-07-06T05:16:32.100712,completed,pix,623.49,2026-07-06T05:16:32.100712
854,473,2026-05-14T15:35:32.100727,completed,pix,2224.0,2026-05-14T15:35:32.100727
855,339,2026-07-26T14:15:32.100747,completed,debit_card,293.52,2026-07-26T14:15:32.100747
856,252,2026-08-02T19:50:32.100765,completed,debit_card,4263.48,2026-08-02T19:50:32.100765
857,207,2026-07-16T00:35:32.100791,cancelled,pix,2869.77,2026-07-16T00:35:32.100791
858,190,2026-06-09T19:51:32.100811,completed,credit_card,5972.57,2026-06-09T19:51:32.100811
859,382,2026-05-03T20:42:32.100838,completed,credit_card,909.42,2026-05-03T20:42:32.100838
860,327,2026-08-08T07:23:32.100858,completed,debit_card,5091.88,2026-08-08T07:23:32.100858
861,437,2026-07-13T23:55:32.100891,completed,debit_card,3957.05,2026-07-13T23:55:32.100891
862,474,2026-03-24T19:12:32.100924,cancelled,debit_card,5791.16,2026-03-24T19:12:32.100924
863,443,2026-06-04T07:12:32.100952,completed,boleto,3889.46,2026-06-04T07:12:32.100952
864,54,2026-07-27T23:49:32.100972,completed,pix,426.58,2026-07-27T23:49:32.100972
865,216,2026-08-17T21:29:32.100988,completed,credit_card,805.57,2026-08-17T21:29:32.100988
866,203,2026-07-12T22:50:32.101003,cancelled,credit_card,3110.05,2026-07-12T22:50:32.101003
867,310,2026-08-26T19:20:32.101027,completed,credit_card,7517.95,2026-08-26T19:20:32.101027
868,61,2026-04-24T17:28:32.101054,cancelled,boleto,9097.04,2026-04-24T17:28:32.101054
869,290,2026-06-02T17:31:32.101086,cancelled,pix,11821.46,2026-06-02T17:31:32.101086
870,29,2026-06-05T08:50:32.101117,refunded,debit_card,7400.89,2026-06-05T08:50:32.101117
871,355,2026-04-22T18:42:32.101149,completed,debit_card,3129.64,2026-04-22T18:42:32.101149
872,327,2026-08-21T10:27:32.101172,refunded,boleto,4266.07,2026-08-21T10:27:32.101172
873,427,2026-09-03T03:11:32.101202,cancelled,credit_card,2188.26,2026-09-03T03:11:32.101202
874,498,2026-05-28T13:32:32.101218,completed,boleto,6681.37,2026-05-28T13:32:32.101218
875,201,2026-05-25T18:44:32.101238,cancelled,boleto,7866.67,2026-05-25T18:44:32.101238
876,164,2026-09-19T19:58:32.101265,refunded,debit_card,3526.54,2026-09-19T19:58:32.101265
877,153,2026-07-08T14:59:32.101306,completed,pix,2079.36,2026-07-08T14:59:32.101306
878,489,2026-04-27T00:45:32.101322,completed,boleto,7969.12,2026-04-27T00:45:32.101322
879,277,2026-05-23T06:34:32.101354,cancelled,pix,1036.06,2026-05-23T06:34:32.101354
880,279,2026-07-25T23:17:32.101369,completed,pix,4043.46,2026-07-25T23:17:32.101369
881,3,2026-06-12T14:59:32.101389,refunded,pix,6428.73,2026-06-12T14:59:32.101389
882,346,2026-08-03T01:01:32.101421,cancelled,boleto,2900.96,2026-08-03T01:01:32.101421
883,143,2026-07-06T10:42:32.101444,refunded,debit_card,6964.83,2026-07-06T10:42:32.101444
884,180,2026-08-27T07:21:32.101472,completed,pix,2417.04,2026-08-27T07:21:32.101472
885,21,2026-05-04T00:00:32.101487,refunded,credit_card,3319.56,2026-05-04T00:00:32.101487
886,221,2026-07-03T15:26:32.101507,completed,boleto,2375.6,2026-07-03T15:26:32.101507
887,341,2026-05-29T09:17:32.101526,completed,debit_card,1567.2,2026-05-29T09:17:32.101526
888,163,2026-03-29T14:15:32.101542,completed,debit_card,3900.11,2026-03-29T14:15:32.101542
889,318,2026-08-14T07:59:32.101565,completed,boleto,4883.93,2026-08-14T07:59:32.101565
890,112,2026-04-15T19:02:32.101588,refunded,credit_card,4696.05,2026-04-15T19:02:32.101588
891,223,2026-07-27T03:00:32.101612,completed,debit_card,7944.86,2026-07-27T03:00:32.101612
892,499,2026-07-22T19:46:32.101645,completed,pix,7142.28,2026-07-22T19:46:32.101645
893,393,2026-08-02T06:02:32.101672,completed,pix,3035.93,2026-08-02T06:02:32.101672
894,290,2026-06-21T14:29:32.101700,cancelled,boleto,2118.11,2026-06-21T14:29:32.101700
895,142,2026-07-24T14:39:32.101723,completed,debit_card,1473.73,2026-07-24T14:39:32.101723
896,200,2026-05-06T14:51:32.101742,completed,debit_card,2978.12,2026-05-06T14:51:32.101742
897,136,2026-08-04T11:51:32.101765,refunded,credit_card,1129.71,2026-08-04T11:51:32.101765
898,112,2026-06-22T10:55:32.101785,completed,boleto,2086.26,2026-06-22T10:55:32.101785
899,486,2026-07-03T00:11:32.101809,refunded,pix,8693.72,2026-07-03T00:11:32.101809
900,465,2026-06-02T09:07:32.101833,completed,boleto,5559.35,2026-06-02T09:07:32.101833
901,327,2026-03-28T22:34:32.101866,refunded,pix,4476.92,2026-03-28T22:34:32.101866
902,219,2026-04-24T10:06:32.101891,completed,pix,2719.55,2026-04-24T10:06:32.101891
903,302,2026-09-17T20:50:32.101911,cancelled,debit_card,1547.53,2026-09-17T20:50:32.101911
904,396,2026-07-04T23:32:32.101934,completed,debit_card,1304.75,2026-07-04T23:32:32.101934
905,440,2026-04-23T10:18:32.101958,completed,boleto,4555.66,2026-04-23T10:18:32.101958
906,184,2026-07-05T23:18:32.101977,completed,credit_card,4364.49,2026-07-05T23:18:32.101977
907,442,2026-07-09T08:46:32.102001,refunded,credit_card,3399.14,2026-07-09T08:46:32.102001
908,383,2026-07-11T00:25:32.102026,completed,credit_card,5128.4,2026-07-11T00:25:32.102026
909,49,2026-07-01T15:41:32.102049,refunded,pix,3203.16,2026-07-01T15:41:32.102049
910,182,2026-07-29T09:26:32.102068,completed,boleto,474.62,2026-07-29T09:26:32.102068
911,53,2026-08-02T22:24:32.102084,completed,debit_card,2960.5,2026-08-02T22:24:32.102084
912,197,2026-04-24T06:36:32.102104,completed,boleto,189.51,2026-04-24T06:36:32.102104
913,232,2026-07-18T00:41:32.102123,refunded,debit_card,4477.46,2026-07-18T00:41:32.102123
914,262,2026-08-23T21:58:32.102151,completed,boleto,3383.02,2026-08-23T21:58:32.102151
915,230,2026-07-27T17:44:32.102173,completed,debit_card,8073.54,2026-07-27T17:44:32.102173
916,313,2026-06-01T00:29:32.102201,cancelled,credit_card,1036.06,2026-06-01T00:29:32.102201
917,291,2026-08-09T10:32:32.102216,refunded,debit_card,5787.86,2026-08-09T10:32:32.102216
918,185,2026-06-09T22:44:32.102243,completed,pix,1230.24,2026-06-09T22:44:32.102243
919,143,2026-06-09T18:38:32.102258,cancelled,credit_card,750.86,2026-06-09T18:38:32.102258
920,466,2026-06-16T04:43:32.102277,completed,boleto,1055.4,2026-06-16T04:43:32.102277
921,90,2026-06-11T14:46:32.102292,completed,credit_card,1830.51,2026-06-11T14:46:32.102292
922,231,2026-04-20T05:57:32.102308,completed,debit_card,4920.69,2026-04-20T05:57:32.102308
923,391,2026-07-24T01:46:32.102323,completed,boleto,4362.61,2026-07-24T01:46:32.102323
924,416,2026-03-30T17:55:32.102342,refunded,debit_card,4183.03,2026-03-30T17:55:32.102342
925,74,2026-05-03T15:14:32.102365,completed,credit_card,3295.43,2026-05-03T15:14:32.102365
926,37,2026-04-10T22:15:32.102389,cancelled,pix,3119.42,2026-04-10T22:15:32.102389
927,208,2026-09-15T13:46:32.102404,completed,boleto,3047.74,2026-09-15T13:46:32.102404
928,156,2026-04-02T20:04:32.102423,completed,boleto,1958.1,2026-04-02T20:04:32.102423
929,292,2026-04-25T04:23:32.102451,completed,boleto,7799.42,2026-04-25T04:23:32.102451
930,3,2026-07-14T16:51:32.102483,completed,credit_card,10207.87,2026-07-14T16:51:32.102483
931,166,2026-08-18T17:37:32.102510,completed,credit_card,1439.43,2026-08-18T17:37:32.102510
932,19,2026-04-20T13:52:32.102537,completed,debit_card,8714.6,2026-04-20T13:52:32.102537
933,210,2026-07-22T20:15:32.102574,completed,credit_card,1172.67,2026-07-22T20:15:32.102574
934,137,2026-06-23T07:22:32.102590,completed,boleto,5706.73,2026-06-23T07:22:32.102590
935,138,2026-08-09T18:19:32.102618,cancelled,boleto,238.98,2026-08-09T18:19:32.102618
936,240,2026-07-25T05:49:32.102633,completed,credit_card,93.58,2026-07-25T05:49:32.102633
937,76,2026-08-11T02:07:32.102648,completed,boleto,5618.8,2026-08-11T02:07:32.102648
938,353,2026-06-06T05:56:32.102671,cancelled,pix,4870.82,2026-06-06T05:56:32.102671
939,132,2026-05-07T20:19:32.102691,completed,credit_card,6138.6,2026-05-07T20:19:32.102691
940,295,2026-08-04T12:42:32.102723,completed,credit_card,387.62,2026-08-04T12:42:32.102723
941,354,2026-05-12T07:47:32.102739,cancelled,debit_card,5349.5,2026-05-12T07:47:32.102739
942,277,2026-04-07T05:34:32.102771,completed,credit_card,3703.24,2026-04-07T05:34:32.102771
943,217,2026-07-18T12:44:32.102803,refunded,pix,5553.47,2026-07-18T12:44:32.102803
944,221,2026-05-26T07:33:32.102826,completed,pix,2396.08,2026-05-26T07:33:32.102826
945,44,2026-09-19T20:41:32.102851,cancelled,pix,4108.68,2026-09-19T20:41:32.102851
946,112,2026-04-01T07:14:32.102884,cancelled,pix,7357.74,2026-04-01T07:14:32.102884
947,384,2026-05-19T20:24:32.102916,completed,credit_card,1716.28,2026-05-19T20:24:32.102916
948,283,2026-04-15T00:16:32.102932,completed,pix,2556.27,2026-04-15T00:16:32.102932
949,73,2026-08-01T04:23:32.102948,refunded,boleto,4718.24,2026-08-01T04:23:32.102948
950,260,2026-07-12T00:16:32.102968,completed,pix,1153.65,2026-07-12T00:16:32.102968
951,10,2026-07-02T17:24:32.102984,completed,credit_card,919.34,2026-07-02T17:24:32.102984
952,283,2026-06-14T11:52:32.103000,cancelled,pix,4157.94,2026-06-14T11:52:32.103000
953,231,2026-07-18T09:39:32.103023,completed,pix,9591.97,2026-07-18T09:39:32.103023
954,440,2026-07-12T00:05:32.103062,completed,pix,9179.47,2026-07-12T00:05:32.103062
955,296,2026-06-25T05:55:32.103096,cancelled,pix,4206.39,2026-06-25T05:55:32.103096
956,405,2026-08-01T20:44:32.103120,completed,boleto,2154.0,2026-08-01T20:44:32.103120
957,123,2026-08-04T21:16:32.103136,cancelled,pix,3948.27,2026-08-04T21:16:32.103136
958,119,2026-03-31T04:06:32.103160,completed,credit_card,2356.4,2026-03-31T04:06:32.103160
959,264,2026-05-30T00:21:32.103182,completed,credit_card,1446.49,2026-05-30T00:21:32.103182
960,458,2026-04-07T00:02:32.103198,completed,boleto,655.89,2026-04-07T00:02:32.103198
961,287,2026-07-14T07:49:32.103213,completed,boleto,997.32,2026-07-14T07:49:32.103213
962,473,2026-04-27T20:27:32.103233,completed,boleto,166.33,2026-04-27T20:27:32.103233
963,498,2026-09-10T02:30:32.103248,completed,credit_card,5751.08,2026-09-10T02:30:32.103248
964,489,2026-08-25T16:09:32.103273,completed,credit_card,2460.7,2026-08-25T16:09:32.103273
965,299,2026-08-15T19:15:32.103305,cancelled,credit_card,6108.13,2026-08-15T19:15:32.103305
966,71,2026-07-09T23:27:32.103339,completed,pix,4673.1,2026-07-09T23:27:32.103339
967,440,2026-08-28T05:08:32.103359,cancelled,credit_card,5851.55,2026-08-28T05:08:32.103359
968,351,2026-09-19T05:26:32.103383,refunded,debit_card,213.29,2026-09-19T05:26:32.103383
969,334,2026-08-21T09:22:32.103398,completed,boleto,11472.53,2026-08-21T09:22:32.103398
970,425,2026-07-04T04:13:32.103432,completed,pix,11640.25,2026-07-04T04:13:32.103432
971,32,2026-09-14T11:11:32.103465,completed,boleto,2461.1,2026-09-14T11:11:32.103465
972,59,2026-07-20T11:54:32.103488,completed,boleto,2376.32,2026-07-20T11:54:32.103488
973,215,2026-08-05T08:30:32.103512,refunded,boleto,562.86,2026-08-05T08:30:32.103512
974,154,2026-05-19T20:37:32.103532,refunded,boleto,7736.89,2026-05-19T20:37:32.103532
975,285,2026-07-05T00:36:32.103566,refunded,pix,4226.21,2026-07-05T00:36:32.103566
976,381,2026-09-12T21:13:32.103586,cancelled,debit_card,1978.31,2026-09-12T21:13:32.103586
977,396,2026-04-21T01:51:32.103606,completed,credit_card,48.79,2026-04-21T01:51:32.103606
978,361,2026-09-19T17:12:32.103621,completed,pix,6195.96,2026-09-19T17:12:32.103621
979,434,2026-03-24T13:21:32.103652,completed,pix,3316.28,2026-03-24T13:21:32.103652
980,317,2026-08-20T00:44:32.103670,completed,credit_card,340.58,2026-08-20T00:44:32.103670
981,94,2026-09-06T01:07:32.103686,completed,pix,4248.24,2026-09-06T01:07:32.103686
982,167,2026-05-07T04:47:32.103705,refunded,boleto,2576.31,2026-05-07T04:47:32.103705
983,470,2026-06-18T07:30:32.103725,completed,credit_card,7076.89,2026-06-18T07:30:32.103725
984,365,2026-04-20T12:48:32.103758,completed,pix,5808.37,2026-04-20T12:48:32.103758
985,463,2026-05-08T00:20:32.103787,completed,pix,4081.41,2026-05-08T00:20:32.103787
986,127,2026-06-07T06:56:32.103821,completed,pix,2663.92,2026-06-07T06:56:32.103821
987,417,2026-05-26T11:13:32.103841,completed,boleto,11050.25,2026-05-26T11:13:32.103841
988,432,2026-06-28T03:57:32.103873,cancelled,boleto,2309.68,2026-06-28T03:57:32.103873
989,426,2026-06-29T23:15:32.103904,completed,boleto,5172.13,2026-06-29T23:15:32.103904
990,49,2026-05-28T12:13:32.103931,completed,boleto,7814.9,2026-05-28T12:13:32.103931
991,185,2026-07-19T05:09:32.103963,refunded,pix,1642.86,2026-07-19T05:09:32.103963
992,279,2026-08-14T16:52:32.103983,completed,pix,7689.08,2026-08-14T16:52:32.103983
993,179,2026-09-07T03:00:32.104011,cancelled,credit_card,1549.01,2026-09-07T03:00:32.104011
994,456,2026-04-15T13:46:32.104031,cancelled,debit_card,9339.8,2026-04-15T13:46:32.104031
995,103,2026-08-27T20:35:32.104062,cancelled,boleto,9230.05,2026-08-27T20:35:32.104062
996,102,2026-08-04T17:08:32.104089,completed,debit_card,2320.91,2026-08-04T17:08:32.104089
997,454,2026-07-22T11:27:32.104109,cancelled,boleto,6373.42,2026-07-22T11:27:32.104109
998,278,2026-04-17T08:15:32.104138,completed,debit_card,5017.77,2026-04-17T08:15:32.104138
999,422,2026-08-03T21:08:32.104162,refunded,boleto,3352.74,2026-08-03T21:08:32.104162
1000,447,2026-07-31T13:33:32.104181,completed,pix,8323.84,2026-07-31T13:33:32.104181
1001,415,2026-06-16T04:42:32.104212,refunded,pix,6464.0,2026-06-16T04:42:32.104212
1002,133,2026-06-24T06:00:32.104243,cancelled,debit_card,20470.09,2026-06-24T06:00:32.104243
1003,152,2026-07-10T16:05:32.104278,cancelled,pix,3527.26,2026-07-10T16:05:32.104278
1004,292,2026-08-14T00:12:32.104302,completed,boleto,1075.53,2026-08-14T00:12:32.104302
1005,342,2026-07-11T15:08:32.104318,refunded,debit_card,2463.16,2026-07-11T15:08:32.104318
1006,114,2026-09-07T15:03:32.104343,completed,pix,7462.32,2026-09-07T15:03:32.104343
1007,290,2026-03-28T19:10:32.104372,refunded,pix,6405.2,2026-03-28T19:10:32.104372
1008,475,2026-08-06T09:17:32.104405,refunded,boleto,6582.63,2026-08-06T09:17:32.104405
1009,392,2026-06-27T02:50:32.104425,cancelled,debit_card,5101.62,2026-06-27T02:50:32.104425
1010,34,2026-07-30T10:30:32.104457,completed,credit_card,2611.45,2026-07-30T10:30:32.104457
1011,283,2026-08-03T17:23:32.104486,cancelled,pix,3336.21,2026-08-03T17:23:32.104486
1012,182,2026-09-01T22:30:32.104516,completed,pix,1803.53,2026-09-01T22:30:32.104516
1013,378,2026-08-27T01:20:32.104540,completed,credit_card,2238.83,2026-08-27T01:20:32.104540
1014,8,2026-04-08T12:29:32.104564,cancelled,pix,566.86,2026-04-08T12:29:32.104564
1015,286,2026-07-31T14:09:32.104585,completed,pix,2610.45,2026-07-31T14:09:32.104585
1016,61,2026-08-18T09:58:32.104609,completed,boleto,4361.41,2026-08-18T09:58:32.104609
1017,440,2026-06-14T04:50:32.104634,completed,debit_card,5229.88,2026-06-14T04:50:32.104634
1018,381,2026-08-02T14:50:32.104658,refunded,debit_card,4235.65,2026-08-02T14:50:32.104658
1019,191,2026-07-25T17:06:32.104686,completed,debit_card,4815.04,2026-07-25T17:06:32.104686
1020,336,2026-07-05T12:02:32.104715,completed,credit_card,2229.59,2026-07-05T12:02:32.104715
1021,41,2026-09-16T21:42:32.104740,cancelled,pix,2806.26,2026-09-16T21:42:32.104740
1022,414,2026-07-28T01:22:32.104764,refunded,pix,2151.8,2026-07-28T01:22:32.104764
1023,402,2026-07-10T04:34:32.104796,cancelled,credit_card,5640.65,2026-07-10T04:34:32.104796
1024,346,2026-07-02T20:18:32.104816,completed,pix,3596.14,2026-07-02T20:18:32.104816
1025,234,2026-04-27T05:24:32.104837,completed,debit_card,5934.39,2026-04-27T05:24:32.104837
1026,154,2026-04-03T00:33:32.104863,refunded,credit_card,1672.46,2026-04-03T00:33:32.104863
1027,184,2026-08-22T12:11:32.104884,completed,debit_card,2116.22,2026-08-22T12:11:32.104884
1028,2,2026-07-14T20:56:32.104904,cancelled,boleto,4773.78,2026-07-14T20:56:32.104904
1029,41,2026-07-29T20:22:32.104926,completed,boleto,1785.42,2026-07-29T20:22:32.104926
1030,409,2026-05-26T05:44:32.104948,completed,pix,7097.04,2026-05-26T05:44:32.104948
1031,454,2026-04-11T00:51:32.104978,completed,pix,7256.99,2026-04-11T00:51:32.104978
1032,483,2026-08-07T18:11:32.105011,completed,pix,4420.52,2026-08-07T18:11:32.105011
1033,79,2026-05-24T10:37:32.105032,cancelled,pix,702.55,2026-05-24T10:37:32.105032
1034,444,2026-08-02T08:45:32.105048,refunded,pix,5288.15,2026-08-02T08:45:32.105048
1035,177,2026-08-22T09:50:32.105068,cancelled,boleto,11214.56,2026-08-22T09:50:32.105068
1036,177,2026-08-06T14:24:32.105104,cancelled,debit_card,5605.29,2026-08-06T14:24:32.105104
1037,267,2026-07-14T09:20:32.105140,completed,debit_card,7510.66,2026-07-14T09:20:32.105140
1038,260,2026-04-10T02:57:32.105168,cancelled,credit_card,3882.41,2026-04-10T02:57:32.105168
1039,113,2026-04-08T15:25:32.105192,refunded,pix,2172.75,2026-04-08T15:25:32.105192
1040,296,2026-06-18T02:47:32.105227,refunded,credit_card,25.75,2026-06-18T02:47:32.105227
1041,269,2026-05-17T08:32:32.105243,completed,boleto,1150.78,2026-05-17T08:32:32.105243
1042,420,2026-03-30T13:49:32.105258,completed,credit_card,7435.84,2026-03-30T13:49:32.105258
1043,407,2026-05-13T00:09:32.105291,completed,debit_card,6412.84,2026-05-13T00:09:32.105291
1044,228,2026-05-08T08:00:32.105315,completed,boleto,694.58,2026-05-08T08:00:32.105315
1045,257,2026-08-17T10:09:32.105331,completed,pix,3061.35,2026-08-17T10:09:32.105331
1046,355,2026-09-14T12:05:32.105352,completed,debit_card,154.09,2026-09-14T12:05:32.105352
1047,404,2026-05-29T03:05:32.105368,completed,credit_card,11319.9,2026-05-29T03:05:32.105368
1048,287,2026-04-09T17:36:32.105400,completed,credit_card,5589.48,2026-04-09T17:36:32.105400
1049,8,2026-09-01T14:58:32.105420,refunded,pix,4912.78,2026-09-01T14:58:32.105420
1050,468,2026-05-09T05:32:32.105440,completed,credit_card,6995.86,2026-05-09T05:32:32.105440
1051,454,2026-05-29T12:53:32.105469,completed,pix,11630.44,2026-05-29T12:53:32.105469
1052,114,2026-04-22T21:18:32.105497,completed,boleto,3141.04,2026-04-22T21:18:32.105497
1053,314,2026-08-02T22:29:32.105525,cancelled,credit_card,6619.58,2026-08-02T22:29:32.105525
1054,490,2026-06-14T01:57:32.105556,completed,debit_card,6441.65,2026-06-14T01:57:32.105556
1055,266,2026-06-09T16:05:32.105589,completed,credit_card,4850.76,2026-06-09T16:05:32.105589
1056,67,2026-05-15T04:34:32.105611,completed,debit_card,4278.07,2026-05-15T04:34:32.105611
1057,461,2026-05-18T20:56:32.105640,completed,debit_card,7859.04,2026-05-18T20:56:32.105640
1058,101,2026-08-23T21:05:32.105663,completed,credit_card,3707.66,2026-08-23T21:05:32.105663
1059,375,2026-07-20T19:09:32.105688,completed,pix,1418.13,2026-07-20T19:09:32.105688
1060,164,2026-07-14T15:50:32.105713,completed,credit_card,6334.32,2026-07-14T15:50:32.105713
1061,167,2026-03-26T15:52:32.105736,cancelled,credit_card,1020.45,2026-03-26T15:52:32.105736
1062,77,2026-07-29T18:57:32.105755,completed,boleto,6142.73,2026-07-29T18:57:32.105755
1063,95,2026-05-28T16:40:32.105784,cancelled,debit_card,6461.14,2026-05-28T16:40:32.105784
1064,137,2026-08-26T11:28:32.105814,refunded,pix,1143.89,2026-08-26T11:28:32.105814
1065,103,2026-09-01T08:27:32.105834,completed,pix,2662.21,2026-09-01T08:27:32.105834
1066,64,2026-06-16T10:55:32.105858,completed,pix,7591.27,2026-06-16T10:55:32.105858
1067,131,2026-07-04T00:01:32.105891,completed,pix,2797.02,2026-07-04T00:01:32.105891
1068,169,2026-06-02T19:30:32.105934,refunded,boleto,3290.56,2026-06-02T19:30:32.105934
1069,298,2026-08-07T12:08:32.105982,completed,pix,2277.52,2026-08-07T12:08:32.105982
1070,83,2026-08-21T05:02:32.106018,completed,debit_card,4811.2,2026-08-21T05:02:32.106018
1071,498,2026-05-14T06:06:32.106051,completed,pix,2882.21,2026-05-14T06:06:32.106051
1072,203,2026-06-23T10:30:32.106073,completed,boleto,9771.0,2026-06-23T10:30:32.106073
1073,159,2026-06-07T10:15:32.106106,cancelled,pix,9126.85,2026-06-07T10:15:32.106106
1074,21,2026-05-05T10:09:32.106139,completed,debit_card,6025.44,2026-05-05T10:09:32.106139
1075,67,2026-08-10T23:07:32.106166,cancelled,pix,721.9,2026-08-10T23:07:32.106166
1076,338,2026-05-06T17:18:32.106182,completed,debit_card,9066.31,2026-05-06T17:18:32.106182
1077,162,2026-08-06T13:58:32.106215,completed,credit_card,6165.73,2026-08-06T13:58:32.106215
1078,184,2026-07-26T02:17:32.106235,completed,debit_card,3414.22,2026-07-26T02:17:32.106235
1079,75,2026-05-11T13:30:32.106259,completed,boleto,4927.67,2026-05-11T13:30:32.106259
1080,446,2026-06-11T17:33:32.106283,completed,debit_card,2636.69,2026-06-11T17:33:32.106283
1081,422,2026-07-29T02:56:32.106303,completed,boleto,1495.56,2026-07-29T02:56:32.106303
1082,332,2026-05-05T22:25:32.106323,completed,credit_card,9224.75,2026-05-05T22:25:32.106323
1083,259,2026-07-17T23:24:32.106362,completed,pix,4132.28,2026-07-17T23:24:32.106362
1084,108,2026-05-01T16:18:32.106381,refunded,pix,5136.47,2026-05-01T16:18:32.106381
1085,318,2026-08-31T07:31:32.106416,completed,pix,8271.56,2026-08-31T07:31:32.106416
1086,347,2026-05-19T01:03:32.106450,cancelled,debit_card,8842.97,2026-05-19T01:03:32.106450
1087,64,2026-04-29T16:23:32.106487,cancelled,boleto,4105.4,2026-04-29T16:23:32.106487
1088,108,2026-05-19T16:13:32.106511,completed,credit_card,4628.96,2026-05-19T16:13:32.106511
1089,103,2026-07-22T17:15:32.106542,completed,boleto,5198.7,2026-07-22T17:15:32.106542
1090,251,2026-08-29T13:19:32.106562,completed,credit_card,9839.23,2026-08-29T13:19:32.106562
1091,204,2026-08-02T23:43:32.106599,refunded,boleto,255.33,2026-08-02T23:43:32.106599
1092,361,2026-04-17T06:50:32.106620,completed,pix,93.82,2026-04-17T06:50:32.106620
1093,348,2026-03-30T10:19:32.106637,completed,pix,496.14,2026-03-30T10:19:32.106637
1094,11,2026-04-23T13:23:32.106653,completed,credit_card,2572.53,2026-04-23T13:23:32.106653
1095,324,2026-06-20T08:20:32.106680,completed,pix,3635.44,2026-06-20T08:20:32.106680
1096,11,2026-05-02T15:58:32.106700,cancelled,debit_card,4903.62,2026-05-02T15:58:32.106700
1097,306,2026-05-17T00:55:32.106730,completed,debit_card,1017.01,2026-05-17T00:55:32.106730
1098,394,2026-04-21T13:47:32.106762,completed,credit_card,974.56,2026-04-21T13:47:32.106762
1099,101,2026-04-26T18:07:32.106781,completed,pix,1387.1,2026-04-26T18:07:32.106781
1100,208,2026-04-24T22:30:32.106801,completed,pix,1475.3,2026-04-24T22:30:32.106801
1101,447,2026-05-15T18:07:32.106816,refunded,debit_card,2590.59,2026-05-15T18:07:32.106816
1102,97,2026-04-10T00:37:32.106859,completed,pix,5125.6,2026-04-10T00:37:32.106859
1103,317,2026-07-29T16:12:32.106887,cancelled,credit_card,6411.77,2026-07-29T16:12:32.106887
1104,350,2026-03-26T22:44:32.106915,cancelled,credit_card,7593.95,2026-03-26T22:44:32.106915
1105,368,2026-07-15T07:51:32.106946,completed,boleto,4986.93,2026-07-15T07:51:32.106946
1106,121,2026-09-11T22:11:32.106973,cancelled,debit_card,4440.36,2026-09-11T22:11:32.106973
1107,270,2026-06-18T14:02:32.106996,completed,credit_card,5265.03,2026-06-18T14:02:32.106996
1108,220,2026-08-21T15:50:32.107025,refunded,credit_card,5511.44,2026-08-21T15:50:32.107025
1109,318,2026-08-02T10:48:32.107048,cancelled,pix,10402.48,2026-08-02T10:48:32.107048
1110,138,2026-04-25T13:13:32.107082,completed,pix,7383.87,2026-04-25T13:13:32.107082
1111,104,2026-04-15T22:46:32.107112,completed,pix,2468.63,2026-04-15T22:46:32.107112
1112,307,2026-08-15T09:14:32.107142,cancelled,pix,596.68,2026-08-15T09:14:32.107142
1113,82,2026-04-08T05:58:32.107158,cancelled,pix,48.79,2026-04-08T05:58:32.107158
1114,37,2026-06-30T12:23:32.107173,completed,boleto,929.86,2026-06-30T12:23:32.107173
1115,407,2026-09-07T15:54:32.107193,completed,debit_card,767.63,2026-09-07T15:54:32.107193
1116,102,2026-08-29T13:15:32.107214,cancelled,debit_card,15439.36,2026-08-29T13:15:32.107214
1117,248,2026-03-24T00:07:32.107247,completed,pix,438.13,2026-03-24T00:07:32.107247
1118,98,2026-05-01T23:47:32.107264,completed,boleto,3009.42,2026-05-01T23:47:32.107264
1119,227,2026-06-23T18:54:32.107287,completed,credit_card,3327.54,2026-06-23T18:54:32.107287
1120,194,2026-06-03T15:27:32.107303,cancelled,debit_card,2084.65,2026-06-03T15:27:32.107303
1121,47,2026-05-08T13:40:32.107332,completed,boleto,2954.56,2026-05-08T13:40:32.107332
1122,35,2026-04-21T06:13:32.107347,refunded,pix,2573.58,2026-04-21T06:13:32.107347
1123,82,2026-06-13T04:50:32.107370,refunded,debit_card,1247.55,2026-06-13T04:50:32.107370
1124,448,2026-07-13T16:05:32.107386,completed,boleto,6294.94,2026-07-13T16:05:32.107386
1125,60,2026-05-27T08:55:32.107414,completed,credit_card,4581.24,2026-05-27T08:55:32.107414
1126,364,2026-05-04T02:04:32.107437,cancelled,pix,1042.42,2026-05-04T02:04:32.107437
1127,296,2026-05-23T16:10:32.107453,completed,boleto,3239.01,2026-05-23T16:10:32.107453
1128,330,2026-08-05T11:36:32.107472,refunded,boleto,1374.17,2026-08-05T11:36:32.107472
1129,290,2026-03-28T09:26:32.107487,refunded,credit_card,1961.28,2026-03-28T09:26:32.107487
1130,155,2026-09-05T03:38:32.107506,refunded,credit_card,208.48,2026-09-05T03:38:32.107506
1131,122,2026-04-24T12:04:32.107522,cancelled,boleto,4675.38,2026-04-24T12:04:32.107522
1132,104,2026-09-16T09:27:32.107554,cancelled,debit_card,2622.57,2026-09-16T09:27:32.107554
1133,415,2026-08-27T17:26:32.107576,completed,boleto,4122.42,2026-08-27T17:26:32.107576
1134,268,2026-03-25T07:24:32.107598,completed,debit_card,6586.25,2026-03-25T07:24:32.107598
1135,387,2026-07-01T01:19:32.107631,refunded,credit_card,1285.42,2026-07-01T01:19:32.107631
1136,53,2026-04-08T10:46:32.107660,completed,debit_card,2107.44,2026-04-08T10:46:32.107660
1137,158,2026-07-07T15:52:32.107676,refunded,debit_card,5590.12,2026-07-07T15:52:32.107676
1138,98,2026-06-06T15:47:32.107708,completed,credit_card,4971.03,2026-06-06T15:47:32.107708
1139,325,2026-08-24T22:45:32.107732,completed,boleto,3776.14,2026-08-24T22:45:32.107732
1140,411,2026-07-05T05:28:32.107764,completed,debit_card,5247.49,2026-07-05T05:28:32.107764
1141,412,2026-08-12T08:51:32.107796,completed,credit_card,4815.95,2026-08-12T08:51:32.107796
1142,463,2026-06-05T10:13:32.107819,completed,pix,2950.3,2026-06-05T10:13:32.107819
1143,173,2026-04-21T02:15:32.107845,refunded,debit_card,7387.92,2026-04-21T02:15:32.107845
1144,305,2026-07-10T20:00:32.107881,completed,debit_card,1103.74,2026-07-10T20:00:32.107881
1145,296,2026-04-20T14:34:32.107898,completed,boleto,4036.02,2026-04-20T14:34:32.107898
1146,220,2026-07-14T00:42:32.107921,completed,credit_card,2341.74,2026-07-14T00:42:32.107921
1147,3,2026-08-11T22:15:32.107945,completed,boleto,8125.72,2026-08-11T22:15:32.107945
1148,255,2026-06-13T13:21:32.107981,refunded,debit_card,3562.31,2026-06-13T13:21:32.107981
1149,480,2026-08-18T03:42:32.107996,refunded,pix,8424.97,2026-08-18T03:42:32.107996
1150,112,2026-07-08T04:20:32.108024,refunded,credit_card,3474.73,2026-07-08T04:20:32.108024
1151,424,2026-05-11T02:16:32.108046,completed,boleto,7404.16,2026-05-11T02:16:32.108046
1152,305,2026-09-18T10:01:32.108076,refunded,pix,7812.18,2026-09-18T10:01:32.108076
1153,337,2026-04-12T08:26:32.108103,completed,debit_card,3535.74,2026-04-12T08:26:32.108103
1154,191,2026-06-29T19:38:32.108132,completed,credit_card,6387.26,2026-06-29T19:38:32.108132
1155,142,2026-04-03T05:54:32.108164,completed,boleto,240.71,2026-04-03T05:54:32.108164
1156,119,2026-06-11T14:24:32.108185,refunded,pix,4621.68,2026-06-11T14:24:32.108185
1157,48,2026-04-02T15:38:32.108210,cancelled,pix,10001.24,2026-04-02T15:38:32.108210
1158,457,2026-06-17T03:40:32.108235,completed,boleto,5487.46,2026-06-17T03:40:32.108235
1159,35,2026-09-09T08:19:32.108268,cancelled,boleto,6105.15,2026-09-09T08:19:32.108268
1160,399,2026-05-22T23:56:32.108291,completed,debit_card,3401.43,2026-05-22T23:56:32.108291
1161,461,2026-05-16T21:40:32.108325,refunded,pix,8801.53,2026-05-16T21:40:32.108325
1162,450,2026-09-09T11:13:32.108362,completed,boleto,6530.11,2026-09-09T11:13:32.108362
1163,444,2026-04-04T11:45:32.108389,completed,debit_card,5924.45,2026-04-04T11:45:32.108389
1164,121,2026-06-27T23:50:32.108426,completed,boleto,4924.37,2026-06-27T23:50:32.108426
1165,134,2026-06-05T11:40:32.108451,completed,debit_card,4735.01,2026-06-05T11:40:32.108451
1166,278,2026-09-05T17:50:32.108480,completed,debit_card,1649.68,2026-09-05T17:50:32.108480
1167,97,2026-03-25T19:24:32.108496,cancelled,credit_card,11593.78,2026-03-25T19:24:32.108496
1168,45,2026-07-31T03:38:32.108528,completed,pix,2106.04,2026-07-31T03:38:32.108528
1169,208,2026-08-22T01:29:32.108545,completed,boleto,3550.54,2026-08-22T01:29:32.108545
1170,132,2026-07-05T08:36:32.108565,refunded,pix,3282.84,2026-07-05T08:36:32.108565
1171,303,2026-05-08T21:44:32.108582,completed,debit_card,6710.72,2026-05-08T21:44:32.108582
1172,84,2026-06-13T18:05:32.108606,completed,credit_card,3292.9,2026-06-13T18:05:32.108606
1173,177,2026-07-26T00:38:32.108621,completed,pix,140.37,2026-07-26T00:38:32.108621
1174,357,2026-08-24T08:47:32.108637,cancelled,boleto,3905.52,2026-08-24T08:47:32.108637
1175,182,2026-06-26T13:45:32.108655,completed,credit_card,3369.71,2026-06-26T13:45:32.108655
1176,107,2026-05-08T21:49:32.108687,completed,boleto,5719.97,2026-05-08T21:49:32.108687
1177,63,2026-07-28T09:54:32.108719,completed,debit_card,4633.66,2026-07-28T09:54:32.108719
1178,170,2026-06-15T03:15:32.108748,completed,debit_card,3915.89,2026-06-15T03:15:32.108748
1179,341,2026-08-11T15:09:32.108777,completed,credit_card,2403.22,2026-08-11T15:09:32.108777
1180,454,2026-04-16T20:47:32.108889,completed,debit_card,84.22,2026-04-16T20:47:32.108889
1181,320,2026-06-18T00:16:32.108924,cancelled,debit_card,5979.21,2026-06-18T00:16:32.108924
1182,371,2026-04-13T21:59:32.108957,refunded,pix,4545.91,2026-04-13T21:59:32.108957
1183,432,2026-09-10T17:11:32.108981,refunded,credit_card,1369.29,2026-09-10T17:11:32.108981
1184,200,2026-06-08T11:06:32.109001,cancelled,credit_card,2472.82,2026-06-08T11:06:32.109001
1185,377,2026-04-01T19:15:32.109027,completed,credit_card,2809.13,2026-04-01T19:15:32.109027
1186,322,2026-05-08T22:09:32.109044,cancelled,debit_card,493.15,2026-05-08T22:09:32.109044
1187,468,2026-03-25T06:04:32.109060,completed,pix,6508.67,2026-03-25T06:04:32.109060
1188,352,2026-06-13T21:37:32.109084,completed,debit_card,2188.56,2026-06-13T21:37:32.109084
1189,294,2026-07-25T01:47:32.109100,cancelled,debit_card,237.31,2026-07-25T01:47:32.109100
1190,487,2026-08-31T01:53:32.109115,cancelled,pix,2793.87,2026-08-31T01:53:32.109115
1191,450,2026-08-18T21:23:32.109143,completed,boleto,977.59,2026-08-18T21:23:32.109143
1192,303,2026-05-29T10:12:32.109165,completed,debit_card,5728.61,2026-05-29T10:12:32.109165
1193,447,2026-07-05T07:34:32.109192,completed,pix,1616.92,2026-07-05T07:34:32.109192
1194,459,2026-07-25T08:55:32.109216,completed,credit_card,3979.55,2026-07-25T08:55:32.109216
1195,212,2026-08-11T18:50:32.109240,refunded,pix,6768.25,2026-08-11T18:50:32.109240
1196,358,2026-08-02T09:55:32.109262,completed,debit_card,2617.5,2026-08-02T09:55:32.109262
1197,375,2026-08-20T14:31:32.109293,refunded,credit_card,3180.39,2026-08-20T14:31:32.109293
1198,490,2026-06-10T19:45:32.109317,refunded,credit_card,6787.83,2026-06-10T19:45:32.109317
1199,215,2026-06-05T07:00:32.109341,completed,debit_card,6471.33,2026-06-05T07:00:32.109341
1200,69,2026-05-28T10:38:32.109366,refunded,debit_card,815.52,2026-05-28T10:38:32.109366
1201,445,2026-06-10T06:16:32.109382,completed,credit_card,6797.8,2026-06-10T06:16:32.109382
1202,212,2026-09-04T13:53:32.109410,completed,credit_card,3128.04,2026-09-04T13:53:32.109410
1203,30,2026-08-29T03:56:32.109435,completed,pix,7259.61,2026-08-29T03:56:32.109435
1204,500,2026-04-11T07:41:32.109463,completed,pix,6464.38,2026-04-11T07:41:32.109463
1205,300,2026-05-06T22:25:32.109494,completed,pix,773.26,2026-05-06T22:25:32.109494
1206,97,2026-04-05T06:48:32.109516,cancelled,pix,7559.85,2026-04-05T06:48:32.109516
1207,146,2026-06-10T06:09:32.109545,refunded,pix,6467.54,2026-06-10T06:09:32.109545
1208,255,2026-07-08T05:00:32.109568,completed,debit_card,2299.86,2026-07-08T05:00:32.109568
1209,216,2026-07-18T07:50:32.109596,completed,debit_card,5966.84,2026-07-18T07:50:32.109596
1210,103,2026-05-07T08:49:32.109629,completed,pix,1567.51,2026-05-07T08:49:32.109629
1211,179,2026-09-12T22:34:32.109655,refunded,boleto,6712.55,2026-09-12T22:34:32.109655
1212,253,2026-03-31T17:32:32.109679,cancelled,debit_card,4316.59,2026-03-31T17:32:32.109679
1213,92,2026-04-09T05:58:32.109706,cancelled,credit_card,6524.93,2026-04-09T05:58:32.109706
1214,169,2026-06-19T08:44:32.109731,completed,pix,4957.49,2026-06-19T08:44:32.109731
1215,488,2026-07-22T06:03:32.109757,completed,debit_card,1309.52,2026-07-22T06:03:32.109757
1216,389,2026-05-23T04:56:32.109780,refunded,boleto,887.98,2026-05-23T04:56:32.109780
1217,209,2026-07-06T01:30:32.109796,completed,boleto,2947.84,2026-07-06T01:30:32.109796
1218,197,2026-06-06T21:39:32.109820,completed,debit_card,636.15,2026-06-06T21:39:32.109820
1219,145,2026-08-16T15:45:32.109844,completed,debit_card,5489.95,2026-08-16T15:45:32.109844
1220,453,2026-07-01T17:58:32.109876,refunded,debit_card,7362.03,2026-07-01T17:58:32.109876
1221,392,2026-06-09T12:40:32.109897,completed,credit_card,12354.77,2026-06-09T12:40:32.109897
1222,264,2026-04-04T11:26:32.109930,cancelled,debit_card,2165.7,2026-04-04T11:26:32.109930
1223,423,2026-09-11T20:04:32.109946,completed,debit_card,3041.99,2026-09-11T20:04:32.109946
1224,307,2026-05-07T04:38:32.109974,completed,boleto,3924.06,2026-05-07T04:38:32.109974
1225,206,2026-08-06T21:22:32.110010,completed,boleto,7234.18,2026-08-06T21:22:32.110010
1226,266,2026-03-25T11:24:32.110035,completed,boleto,1353.31,2026-03-25T11:24:32.110035
1227,72,2026-06-27T01:08:32.110054,completed,credit_card,2756.78,2026-06-27T01:08:32.110054
1228,208,2026-07-10T02:46:32.110070,refunded,boleto,6529.57,2026-07-10T02:46:32.110070
1229,387,2026-06-09T20:14:32.110104,cancelled,credit_card,7939.67,2026-06-09T20:14:32.110104
1230,123,2026-09-06T08:24:32.110138,completed,boleto,4567.99,2026-09-06T08:24:32.110138
1231,140,2026-06-01T02:01:32.110165,completed,boleto,6650.14,2026-06-01T02:01:32.110165
1232,441,2026-07-27T14:36:32.110194,completed,credit_card,2714.52,2026-07-27T14:36:32.110194
1233,259,2026-05-16T16:58:32.110214,completed,credit_card,2738.9,2026-05-16T16:58:32.110214
1234,108,2026-04-10T23:01:32.110243,refunded,pix,6463.02,2026-04-10T23:01:32.110243
1235,311,2026-07-03T00:13:32.110273,completed,debit_card,4062.8,2026-07-03T00:13:32.110273
1236,3,2026-06-14T11:12:32.110302,completed,pix,3187.48,2026-06-14T11:12:32.110302
1237,173,2026-07-05T23:45:32.110331,completed,debit_card,2489.71,2026-07-05T23:45:32.110331
1238,228,2026-09-18T01:29:32.110352,refunded,pix,5396.47,2026-09-18T01:29:32.110352
1239,330,2026-08-12T07:50:32.110375,completed,credit_card,6541.25,2026-08-12T07:50:32.110375
1240,115,2026-07-28T10:55:32.110408,completed,credit_card,4261.22,2026-07-28T10:55:32.110408
1241,144,2026-08-05T05:55:32.110429,completed,pix,5024.68,2026-08-05T05:55:32.110429
1242,179,2026-07-11T02:04:32.110455,refunded,boleto,10803.24,2026-07-11T02:04:32.110455
1243,390,2026-09-07T13:13:32.110488,completed,credit_card,932.45,2026-09-07T13:13:32.110488
1244,485,2026-06-14T13:12:32.110507,completed,credit_card,879.82,2026-06-14T13:12:32.110507
1245,67,2026-05-17T03:23:32.110523,completed,debit_card,660.47,2026-05-17T03:23:32.110523
1246,399,2026-09-05T04:00:32.110541,refunded,boleto,3037.69,2026-09-05T04:00:32.110541
1247,45,2026-07-23T16:10:32.110567,cancelled,credit_card,2829.74,2026-07-23T16:10:32.110567
1248,66,2026-05-15T02:29:32.110583,completed,credit_card,2595.61,2026-05-15T02:29:32.110583
1249,261,2026-05-02T23:46:32.110604,completed,pix,2900.0,2026-05-02T23:46:32.110604
1250,13,2026-05-01T22:03:32.110624,refunded,pix,5888.93,2026-05-01T22:03:32.110624
1251,146,2026-06-19T03:26:32.110653,completed,boleto,5121.86,2026-06-19T03:26:32.110653
1252,163,2026-07-12T07:45:32.110681,cancelled,pix,1868.31,2026-07-12T07:45:32.110681
1253,199,2026-07-24T02:48:32.110701,refunded,credit_card,8260.55,2026-07-24T02:48:32.110701
1254,358,2026-06-20T05:13:32.110734,completed,debit_card,7535.61,2026-06-20T05:13:32.110734
1255,229,2026-04-08T10:06:32.110758,completed,debit_card,3404.77,2026-04-08T10:06:32.110758
1256,454,2026-09-15T09:54:32.110788,completed,boleto,9269.93,2026-09-15T09:54:32.110788
1257,101,2026-04-26T08:50:32.110817,completed,boleto,9862.67,2026-04-26T08:50:32.110817
1258,247,2026-05-19T22:24:32.110853,completed,credit_card,4309.32,2026-05-19T22:24:32.110853
1259,459,2026-07-27T12:15:32.110872,completed,debit_card,6605.82,2026-07-27T12:15:32.110872
1260,321,2026-03-26T07:22:32.110902,completed,pix,3866.21,2026-03-26T07:22:32.110902
1261,293,2026-08-17T08:38:32.110931,completed,boleto,7357.75,2026-08-17T08:38:32.110931
1262,141,2026-03-31T02:01:32.110957,cancelled,credit_card,4640.99,2026-03-31T02:01:32.110957
1263,260,2026-07-24T19:02:32.110988,completed,pix,7422.04,2026-07-24T19:02:32.110988
1264,342,2026-04-05T23:44:32.111021,cancelled,debit_card,3149.32,2026-04-05T23:44:32.111021
1265,427,2026-07-31T00:01:32.111051,refunded,boleto,14493.03,2026-07-31T00:01:32.111051
1266,461,2026-04-07T12:51:32.111083,cancelled,pix,1153.67,2026-04-07T12:51:32.111083
1267,363,2026-09-06T01:56:32.111098,completed,debit_card,4154.2,2026-09-06T01:56:32.111098
1268,65,2026-05-31T05:41:32.111130,completed,boleto,640.74,2026-05-31T05:41:32.111130
1269,428,2026-08-06T09:31:32.111146,completed,debit_card,6123.55,2026-08-06T09:31:32.111146
1270,49,2026-03-24T16:56:32.111176,completed,credit_card,7328.12,2026-03-24T16:56:32.111176
1271,233,2026-09-03T01:12:32.111201,refunded,debit_card,11437.59,2026-09-03T01:12:32.111201
1272,167,2026-05-04T07:21:32.111233,completed,debit_card,3732.18,2026-05-04T07:21:32.111233
1273,223,2026-08-18T20:53:32.111262,cancelled,boleto,4902.57,2026-08-18T20:53:32.111262
1274,226,2026-07-02T14:47:32.111289,completed,credit_card,1976.4,2026-07-02T14:47:32.111289
1275,195,2026-09-09T23:00:32.111304,cancelled,pix,5801.23,2026-09-09T23:00:32.111304
1276,309,2026-05-08T00:41:32.111336,completed,credit_card,5789.12,2026-05-08T00:41:32.111336
1277,36,2026-07-29T04:07:32.111364,completed,credit_card,889.88,2026-07-29T04:07:32.111364
1278,227,2026-06-09T08:47:32.111380,completed,pix,1386.24,2026-06-09T08:47:32.111380
1279,119,2026-04-14T00:40:32.111396,cancelled,credit_card,1647.57,2026-04-14T00:40:32.111396
1280,487,2026-03-30T15:16:32.111421,refunded,credit_card,1128.18,2026-03-30T15:16:32.111421
1281,439,2026-08-03T23:13:32.111446,cancelled,pix,6104.34,2026-08-03T23:13:32.111446
1282,373,2026-06-27T18:13:32.111469,completed,boleto,5391.99,2026-06-27T18:13:32.111469
1283,170,2026-04-23T10:09:32.111494,completed,debit_card,8680.19,2026-04-23T10:09:32.111494
1284,290,2026-05-18T14:44:32.111524,completed,pix,1707.04,2026-05-18T14:44:32.111524
1285,373,2026-07-13T12:38:32.111544,cancelled,boleto,3256.06,2026-07-13T12:38:32.111544
1286,364,2026-04-29T23:31:32.111568,cancelled,pix,6945.14,2026-04-29T23:31:32.111568
1287,42,2026-05-15T20:26:32.111593,refunded,debit_card,7065.0,2026-05-15T20:26:32.111593
1288,261,2026-04-17T19:01:32.111625,cancelled,debit_card,1094.58,2026-04-17T19:01:32.111625
1289,197,2026-07-04T11:31:32.111649,completed,debit_card,10061.83,2026-07-04T11:31:32.111649
1290,312,2026-07-11T06:18:32.111683,completed,boleto,6756.71,2026-07-11T06:18:32.111683
1291,341,2026-04-17T01:56:32.111715,refunded,pix,8871.45,2026-04-17T01:56:32.111715
1292,138,2026-04-05T16:46:32.111747,refunded,debit_card,7786.59,2026-04-05T16:46:32.111747
1293,355,2026-08-12T07:57:32.111784,completed,boleto,3429.26,2026-08-12T07:57:32.111784
1294,140,2026-04-22T23:02:32.111818,completed,pix,7119.37,2026-04-22T23:02:32.111818
1295,383,2026-03-30T03:27:32.111845,completed,boleto,8655.1,2026-03-30T03:27:32.111845
1296,453,2026-08-29T03:58:32.111880,completed,credit_card,3997.44,2026-08-29T03:58:32.111880
1297,201,2026-09-02T06:32:32.111909,refunded,boleto,7589.26,2026-09-02T06:32:32.111909
1298,477,2026-06-05T23:20:32.111942,completed,pix,9170.9,2026-06-05T23:20:32.111942
1299,375,2026-05-11T00:35:32.111968,completed,pix,7658.63,2026-05-11T00:35:32.111968
1300,44,2026-08-29T20:09:32.112002,cancelled,boleto,2165.7,2026-08-29T20:09:32.112002
1301,173,2026-05-10T05:19:32.112020,completed,credit_card,7774.47,2026-05-10T05:19:32.112020
1302,303,2026-06-29T11:55:32.112054,completed,pix,9360.89,2026-06-29T11:55:32.112054
1303,97,2026-07-11T11:50:32.112086,refunded,debit_card,3879.47,2026-07-11T11:50:32.112086
1304,82,2026-05-19T11:47:32.112115,completed,debit_card,7126.88,2026-05-19T11:47:32.112115
1305,156,2026-05-07T22:07:32.112134,refunded,boleto,2068.21,2026-05-07T22:07:32.112134
1306,222,2026-08-24T17:28:32.112154,completed,boleto,3944.01,2026-08-24T17:28:32.112154
1307,448,2026-08-12T15:12:32.112174,completed,boleto,1917.69,2026-08-12T15:12:32.112174
1308,89,2026-07-20T19:13:32.112193,completed,credit_card,523.71,2026-07-20T19:13:32.112193
1309,249,2026-06-02T05:26:32.112209,refunded,pix,11508.15,2026-06-02T05:26:32.112209
1310,335,2026-07-23T09:02:32.112238,cancelled,boleto,1511.75,2026-07-23T09:02:32.112238
1311,358,2026-04-11T05:58:32.112265,completed,boleto,2331.25,2026-04-11T05:58:32.112265
1312,385,2026-05-28T22:27:32.112290,completed,debit_card,4380.7,2026-05-28T22:27:32.112290
1313,383,2026-07-03T00:03:32.112321,completed,credit_card,6359.88,2026-07-03T00:03:32.112321
1314,214,2026-05-27T00:31:32.112353,cancelled,boleto,3715.14,2026-05-27T00:31:32.112353
1315,160,2026-08-06T01:15:32.112381,refunded,pix,916.95,2026-08-06T01:15:32.112381
1316,418,2026-05-09T12:07:32.112401,refunded,boleto,611.54,2026-05-09T12:07:32.112401
1317,154,2026-04-27T14:33:32.112417,completed,debit_card,491.6,2026-04-27T14:33:32.112417
1318,424,2026-09-11T13:46:32.112438,completed,boleto,11485.74,2026-09-11T13:46:32.112438
1319,366,2026-05-07T05:26:32.112470,refunded,debit_card,3423.94,2026-05-07T05:26:32.112470
1320,62,2026-08-01T00:28:32.112498,completed,debit_card,3189.98,2026-08-01T00:28:32.112498
1321,398,2026-06-04T17:33:32.112519,refunded,debit_card,1100.1,2026-06-04T17:33:32.112519
1322,220,2026-09-09T01:59:32.112535,cancelled,credit_card,6018.07,2026-09-09T01:59:32.112535
1323,21,2026-05-06T07:32:32.112566,refunded,pix,8526.42,2026-05-06T07:32:32.112566
1324,475,2026-08-10T00:07:32.112601,completed,credit_card,4737.99,2026-08-10T00:07:32.112601
1325,201,2026-08-13T13:14:32.112625,cancelled,pix,733.97,2026-08-13T13:14:32.112625
1326,393,2026-09-07T12:40:32.112641,completed,pix,2526.09,2026-09-07T12:40:32.112641
1327,322,2026-04-29T00:15:32.112664,refunded,pix,3298.52,2026-04-29T00:15:32.112664
1328,158,2026-07-01T13:52:32.112695,cancelled,credit_card,3670.38,2026-07-01T13:52:32.112695
1329,210,2026-05-16T12:34:32.112718,completed,debit_card,772.37,2026-05-16T12:34:32.112718
1330,274,2026-04-18T16:37:32.112740,completed,pix,358.51,2026-04-18T16:37:32.112740
1331,2,2026-04-29T05:06:32.112756,completed,pix,5656.99,2026-04-29T05:06:32.112756
1332,97,2026-08-23T00:28:32.112790,completed,credit_card,2186.34,2026-08-23T00:28:32.112790
1333,188,2026-08-19T11:23:32.112811,completed,debit_card,3519.36,2026-08-19T11:23:32.112811
1334,429,2026-08-05T05:57:32.112841,cancelled,credit_card,2764.64,2026-08-05T05:57:32.112841
1335,283,2026-06-20T01:04:32.112861,cancelled,pix,1220.34,2026-06-20T01:04:32.112861
1336,296,2026-06-13T10:22:32.112877,completed,debit_card,3441.54,2026-06-13T10:22:32.112877
1337,138,2026-08-18T12:30:32.112897,completed,pix,1726.42,2026-08-18T12:30:32.112897
1338,490,2026-08-14T07:44:32.112916,completed,debit_card,7327.89,2026-08-14T07:44:32.112916
1339,131,2026-08-28T16:04:32.112949,completed,pix,6749.34,2026-08-28T16:04:32.112949
1340,257,2026-08-31T10:36:32.112977,completed,credit_card,1592.42,2026-08-31T10:36:32.112977
1341,61,2026-06-01T19:37:32.112993,refunded,pix,1495.56,2026-06-01T19:37:32.112993
1342,199,2026-06-06T14:55:32.113008,completed,pix,4817.11,2026-06-06T14:55:32.113008
1343,380,2026-08-02T07:45:32.113040,completed,credit_card,6875.74,2026-08-02T07:45:32.113040
1344,419,2026-06-17T00:59:32.113073,refunded,debit_card,11726.36,2026-06-17T00:59:32.113073
1345,359,2026-08-07T18:20:32.113104,completed,credit_card,2315.16,2026-08-07T18:20:32.113104
1346,154,2026-04-14T21:10:32.113128,completed,boleto,92.69,2026-04-14T21:10:32.113128
1347,360,2026-06-10T16:04:32.113144,completed,boleto,2083.43,2026-06-10T16:04:32.113144
1348,79,2026-05-01T02:00:32.113160,cancelled,debit_card,3664.89,2026-05-01T02:00:32.113160
1349,54,2026-07-17T22:13:32.113186,completed,debit_card,7530.68,2026-07-17T22:13:32.113186
1350,262,2026-06-04T20:49:32.113213,completed,boleto,3040.77,2026-06-04T20:49:32.113213
1351,376,2026-07-06T20:48:32.113229,cancelled,credit_card,1526.87,2026-07-06T20:48:32.113229
1352,107,2026-07-17T05:56:32.113244,completed,credit_card,4054.23,2026-07-17T05:56:32.113244
1353,346,2026-07-20T13:27:32.113269,completed,pix,6281.92,2026-07-20T13:27:32.113269
1354,107,2026-08-14T23:28:32.113296,refunded,pix,5724.12,2026-08-14T23:28:32.113296
1355,419,2026-07-05T07:11:32.113324,completed,pix,831.3,2026-07-05T07:11:32.113324
1356,397,2026-05-04T18:58:32.113344,refunded,boleto,2783.91,2026-05-04T18:58:32.113344
1357,382,2026-04-17T08:28:32.113367,refunded,debit_card,873.78,2026-04-17T08:28:32.113367
1358,79,2026-06-27T03:30:32.113382,completed,debit_card,7634.04,2026-06-27T03:30:32.113382
1359,365,2026-09-04T17:36:32.113413,cancelled,boleto,186.23,2026-09-04T17:36:32.113413
1360,397,2026-04-20T12:40:32.113430,completed,boleto,2960.16,2026-04-20T12:40:32.113430
1361,99,2026-07-26T06:03:32.113445,cancelled,debit_card,652.9,2026-07-26T06:03:32.113445
1362,13,2026-04-11T15:42:32.113464,completed,pix,1093.12,2026-04-11T15:42:32.113464
1363,326,2026-09-13T06:16:32.113483,completed,boleto,1616.83,2026-09-13T06:16:32.113483
1364,113,2026-08-23T22:17:32.113503,refunded,credit_card,2944.9,2026-08-23T22:17:32.113503
1365,249,2026-07-06T00:13:32.113533,cancelled,boleto,6547.61,2026-07-06T00:13:32.113533
1366,408,2026-09-19T06:39:32.113558,completed,boleto,6026.93,2026-09-19T06:39:32.113558
1367,89,2026-09-13T22:25:32.113582,completed,debit_card,438.94,2026-09-13T22:25:32.113582
1368,210,2026-07-20T18:34:32.113598,cancelled,boleto,5125.86,2026-07-20T18:34:32.113598
1369,491,2026-05-27T20:32:32.113630,completed,credit_card,4434.42,2026-05-27T20:32:32.113630
1370,117,2026-04-22T04:08:32.113664,cancelled,boleto,7141.53,2026-04-22T04:08:32.113664
1371,55,2026-06-04T23:53:32.113698,completed,pix,5579.59,2026-06-04T23:53:32.113698
1372,489,2026-05-12T11:19:32.113721,completed,pix,8213.01,2026-05-12T11:19:32.113721
1373,60,2026-08-03T05:44:32.113754,refunded,boleto,1726.17,2026-08-03T05:44:32.113754
1374,449,2026-09-03T04:08:32.113771,refunded,credit_card,349.29,2026-09-03T04:08:32.113771
1375,298,2026-08-11T01:58:32.113799,completed,credit_card,7288.87,2026-08-11T01:58:32.113799
1376,314,2026-09-10T02:38:32.113823,completed,debit_card,2195.15,2026-09-10T02:38:32.113823
1377,144,2026-04-27T14:02:32.113840,cancelled,credit_card,13405.97,2026-04-27T14:02:32.113840
1378,27,2026-05-07T10:15:32.113871,completed,credit_card,3716.25,2026-05-07T10:15:32.113871
1379,200,2026-03-23T23:13:32.113892,refunded,credit_card,3393.04,2026-03-23T23:13:32.113892
1380,67,2026-08-11T15:51:32.113908,completed,boleto,981.22,2026-08-11T15:51:32.113908
1381,445,2026-06-02T02:05:32.113941,refunded,credit_card,2075.61,2026-06-02T02:05:32.113941
1382,356,2026-06-25T09:54:32.113967,completed,pix,3540.75,2026-06-25T09:54:32.113967
1383,287,2026-06-22T18:35:32.113983,refunded,boleto,6332.66,2026-06-22T18:35:32.113983
1384,474,2026-08-31T20:24:32.114015,refunded,credit_card,5970.12,2026-08-31T20:24:32.114015
1385,399,2026-06-07T14:45:32.114043,completed,debit_card,185.38,2026-06-07T14:45:32.114043
1386,20,2026-05-10T03:28:32.114058,completed,debit_card,1153.65,2026-05-10T03:28:32.114058
1387,191,2026-04-26T03:15:32.114074,completed,boleto,5214.78,2026-04-26T03:15:32.114074
1388,234,2026-05-24T22:08:32.114093,completed,boleto,4782.26,2026-05-24T22:08:32.114093
1389,156,2026-05-23T06:47:32.114124,cancelled,pix,9134.0,2026-05-23T06:47:32.114124
1390,92,2026-05-05T18:13:32.114157,completed,boleto,3615.42,2026-05-05T18:13:32.114157
1391,221,2026-07-30T09:32:32.114177,cancelled,debit_card,8549.6,2026-07-30T09:32:32.114177
1392,262,2026-07-15T22:29:32.114205,completed,boleto,5830.59,2026-07-15T22:29:32.114205
1393,205,2026-07-24T08:45:32.114232,completed,credit_card,3280.46,2026-07-24T08:45:32.114232
1394,14,2026-09-05T03:08:32.114247,completed,debit_card,1800.65,2026-09-05T03:08:32.114247
1395,401,2026-08-21T15:51:32.114272,completed,debit_card,6198.22,2026-08-21T15:51:32.114272
1396,293,2026-09-13T01:36:32.114312,completed,credit_card,3506.67,2026-09-13T01:36:32.114312
1397,360,2026-03-27T05:01:32.114341,cancelled,credit_card,1979.46,2026-03-27T05:01:32.114341
1398,473,2026-04-03T17:43:32.114366,cancelled,debit_card,969.51,2026-04-03T17:43:32.114366
1399,405,2026-06-07T04:59:32.114382,refunded,boleto,2093.64,2026-06-07T04:59:32.114382
1400,163,2026-06-21T02:45:32.114406,completed,pix,4100.82,2026-06-21T02:45:32.114406
1401,159,2026-03-30T03:04:32.114438,cancelled,pix,1609.69,2026-03-30T03:04:32.114438
1402,226,2026-06-24T04:30:32.114463,completed,pix,3463.57,2026-06-24T04:30:32.114463
1403,326,2026-05-22T14:49:32.114487,completed,pix,5974.81,2026-05-22T14:49:32.114487
1404,198,2026-05-17T06:02:32.114519,completed,debit_card,2401.2,2026-05-17T06:02:32.114519
1405,162,2026-04-03T23:12:32.114543,completed,debit_card,3720.6,2026-04-03T23:12:32.114543
1406,152,2026-06-25T20:33:32.114571,completed,pix,3293.57,2026-06-25T20:33:32.114571
1407,108,2026-06-16T01:00:32.114599,completed,boleto,24.46,2026-06-16T01:00:32.114599
1408,147,2026-04-06T03:41:32.114615,refunded,pix,10546.47,2026-04-06T03:41:32.114615
1409,348,2026-07-23T03:52:32.114648,completed,debit_card,197.87,2026-07-23T03:52:32.114648
1410,454,2026-06-22T03:28:32.114668,completed,boleto,10640.24,2026-06-22T03:28:32.114668
1411,376,2026-06-11T07:52:32.114699,completed,boleto,1510.57,2026-06-11T07:52:32.114699
1412,306,2026-08-29T11:13:32.114723,completed,boleto,5489.48,2026-08-29T11:13:32.114723
1413,61,2026-05-09T07:13:32.114755,refunded,boleto,3390.03,2026-05-09T07:13:32.114755
1414,198,2026-05-14T16:32:32.114779,completed,boleto,1805.38,2026-05-14T16:32:32.114779
1415,261,2026-05-17T23:19:32.114798,completed,pix,7087.07,2026-05-17T23:19:32.114798
1416,363,2026-03-31T02:59:32.114825,completed,pix,3291.92,2026-03-31T02:59:32.114825
1417,115,2026-03-31T18:03:32.114848,completed,debit_card,537.05,2026-03-31T18:03:32.114848
1418,269,2026-05-04T16:15:32.114864,completed,pix,4333.05,2026-05-04T16:15:32.114864
1419,34,2026-05-22T22:23:32.114881,completed,pix,8285.32,2026-05-22T22:23:32.114881
1420,481,2026-07-03T10:27:32.114912,completed,credit_card,2383.09,2026-07-03T10:27:32.114912
1421,78,2026-06-13T09:09:32.114945,refunded,boleto,6133.17,2026-06-13T09:09:32.114945
1422,110,2026-07-02T06:54:32.114973,cancelled,pix,3005.68,2026-07-02T06:54:32.114973
1423,30,2026-05-08T22:47:32.114993,completed,debit_card,5683.87,2026-05-08T22:47:32.114993
1424,187,2026-06-20T03:24:32.115020,completed,boleto,2274.09,2026-06-20T03:24:32.115020
1425,40,2026-06-16T01:17:32.115040,completed,debit_card,1602.89,2026-06-16T01:17:32.115040
1426,313,2026-06-15T14:39:32.115068,completed,pix,9220.58,2026-06-15T14:39:32.115068
1427,118,2026-07-26T03:33:32.115092,completed,pix,1173.88,2026-07-26T03:33:32.115092
1428,228,2026-09-16T05:07:32.115111,completed,boleto,1600.58,2026-09-16T05:07:32.115111
1429,238,2026-07-24T08:03:32.115131,cancelled,debit_card,5203.29,2026-07-24T08:03:32.115131
1430,98,2026-06-02T22:01:32.115159,cancelled,boleto,969.51,2026-06-02T22:01:32.115159
1431,124,2026-09-10T23:28:32.115174,completed,debit_card,137.7,2026-09-10T23:28:32.115174
1432,28,2026-07-16T02:04:32.115190,completed,boleto,3027.81,2026-07-16T02:04:32.115190
1433,357,2026-05-23T10:28:32.115222,completed,credit_card,931.69,2026-05-23T10:28:32.115222
1434,212,2026-06-27T16:15:32.115237,refunded,debit_card,3925.97,2026-06-27T16:15:32.115237
1435,279,2026-04-11T22:45:32.115268,completed,credit_card,3317.53,2026-04-11T22:45:32.115268
1436,292,2026-06-01T22:34:32.115288,completed,credit_card,2235.35,2026-06-01T22:34:32.115288
1437,421,2026-08-08T06:53:32.115312,completed,debit_card,4167.96,2026-08-08T06:53:32.115312
1438,196,2026-04-03T08:53:32.115332,completed,pix,8464.88,2026-04-03T08:53:32.115332
1439,94,2026-07-01T00:07:32.115364,completed,pix,3671.43,2026-07-01T00:07:32.115364
1440,182,2026-03-25T15:36:32.115384,refunded,pix,8500.53,2026-03-25T15:36:32.115384
1441,181,2026-06-09T10:37:32.115416,completed,credit_card,4072.63,2026-06-09T10:37:32.115416
1442,448,2026-06-17T18:50:32.115444,completed,pix,8331.65,2026-06-17T18:50:32.115444
1443,215,2026-04-30T18:33:32.115476,completed,credit_card,6815.91,2026-04-30T18:33:32.115476
1444,27,2026-05-04T02:31:32.115509,completed,boleto,2889.33,2026-05-04T02:31:32.115509
1445,342,2026-07-06T04:17:32.115529,cancelled,boleto,2278.93,2026-07-06T04:17:32.115529
1446,202,2026-05-25T09:47:32.115553,completed,debit_card,1649.68,2026-05-25T09:47:32.115553
1447,183,2026-07-09T05:13:32.115569,completed,boleto,8918.46,2026-07-09T05:13:32.115569
1448,271,2026-04-17T00:02:32.115601,completed,credit_card,4665.57,2026-04-17T00:02:32.115601
1449,52,2026-06-13T14:22:32.115629,refunded,pix,1843.63,2026-06-13T14:22:32.115629
1450,55,2026-06-02T17:38:32.115649,completed,boleto,11703.27,2026-06-02T17:38:32.115649
1451,341,2026-05-16T16:24:32.115681,refunded,credit_card,4921.95,2026-05-16T16:24:32.115681
1452,269,2026-06-12T15:44:32.115705,cancelled,boleto,4725.31,2026-06-12T15:44:32.115705
1453,417,2026-07-14T07:54:32.115732,completed,credit_card,2749.13,2026-07-14T07:54:32.115732
1454,256,2026-05-09T03:19:32.115753,refunded,credit_card,11332.17,2026-05-09T03:19:32.115753
1455,254,2026-07-19T15:26:32.115785,cancelled,debit_card,680.36,2026-07-19T15:26:32.115785
1456,406,2026-04-11T10:25:32.115801,refunded,debit_card,6527.87,2026-04-11T10:25:32.115801
1457,444,2026-09-04T05:02:32.115831,completed,pix,6563.7,2026-09-04T05:02:32.115831
1458,481,2026-05-25T04:31:32.115865,refunded,pix,6180.23,2026-05-25T04:31:32.115865
1459,205,2026-05-24T08:40:32.115900,completed,debit_card,1975.39,2026-05-24T08:40:32.115900
1460,482,2026-03-25T17:07:32.115916,completed,pix,4514.0,2026-03-25T17:07:32.115916
1461,122,2026-08-25T19:19:32.115935,refunded,boleto,92.7,2026-08-25T19:19:32.115935
1462,252,2026-05-15T22:59:32.115951,completed,debit_card,2836.27,2026-05-15T22:59:32.115951
1463,77,2026-09-09T13:45:32.115974,completed,boleto,3029.32,2026-09-09T13:45:32.115974
1464,194,2026-06-18T10:28:32.115997,completed,boleto,1974.89,2026-06-18T10:28:32.115997
1465,96,2026-07-22T15:29:32.116024,completed,credit_card,3492.73,2026-07-22T15:29:32.116024
1466,245,2026-07-28T17:10:32.116048,completed,pix,1219.33,2026-07-28T17:10:32.116048
1467,285,2026-08-11T01:48:32.116063,completed,pix,9919.48,2026-08-11T01:48:32.116063
1468,404,2026-05-21T02:06:32.116094,completed,pix,3927.03,2026-05-21T02:06:32.116094
1469,44,2026-04-30T00:37:32.116123,completed,credit_card,2201.59,2026-04-30T00:37:32.116123
1470,196,2026-05-03T11:24:32.116149,refunded,boleto,4158.97,2026-05-03T11:24:32.116149
1471,80,2026-09-04T05:58:32.116173,completed,pix,3971.38,2026-09-04T05:58:32.116173
1472,67,2026-06-15T18:38:32.116200,cancelled,pix,6722.92,2026-06-15T18:38:32.116200
1473,157,2026-04-18T09:29:32.116228,cancelled,debit_card,2396.58,2026-04-18T09:29:32.116228
1474,414,2026-09-02T09:03:32.116252,refunded,pix,684.07,2026-09-02T09:03:32.116252
1475,256,2026-06-16T07:22:32.116267,refunded,pix,342.13,2026-06-16T07:22:32.116267
1476,390,2026-07-31T18:07:32.116282,completed,pix,3308.42,2026-07-31T18:07:32.116282
1477,413,2026-05-02T12:28:32.116306,completed,credit_card,4457.15,2026-05-02T12:28:32.116306
1478,108,2026-07-10T07:55:32.116334,completed,pix,10019.23,2026-07-10T07:55:32.116334
1479,424,2026-07-17T22:40:32.116358,cancelled,boleto,2412.9,2026-07-17T22:40:32.116358
1480,319,2026-06-22T21:15:32.116382,completed,boleto,2046.3,2026-06-22T21:15:32.116382
1481,332,2026-06-20T03:27:32.116397,completed,pix,1208.54,2026-06-20T03:27:32.116397
1482,143,2026-06-12T18:26:32.116417,completed,pix,6614.42,2026-06-12T18:26:32.116417
1483,12,2026-04-24T11:21:32.116447,completed,credit_card,7343.38,2026-04-24T11:21:32.116447
1484,352,2026-06-17T11:50:32.116479,cancelled,credit_card,4997.02,2026-06-17T11:50:32.116479
1485,301,2026-05-03T10:41:32.116503,completed,debit_card,561.14,2026-05-03T10:41:32.116503
1486,269,2026-08-29T04:53:32.116518,completed,boleto,6773.87,2026-08-29T04:53:32.116518
1487,272,2026-05-20T16:40:32.116541,completed,boleto,6661.78,2026-05-20T16:40:32.116541
1488,393,2026-07-04T22:05:32.116570,completed,pix,12793.7,2026-07-04T22:05:32.116570
1489,429,2026-05-07T14:12:32.116602,completed,boleto,2046.43,2026-05-07T14:12:32.116602
1490,12,2026-05-07T22:16:32.116626,completed,boleto,6762.08,2026-05-07T22:16:32.116626
1491,456,2026-08-07T07:21:32.116668,completed,credit_card,4064.73,2026-08-07T07:21:32.116668
1492,326,2026-05-30T16:22:32.116698,completed,boleto,2132.59,2026-05-30T16:22:32.116698
1493,177,2026-09-18T07:51:32.116721,refunded,boleto,1773.72,2026-09-18T07:51:32.116721
1494,48,2026-09-15T16:17:32.116746,cancelled,debit_card,9349.09,2026-09-15T16:17:32.116746
1495,89,2026-03-24T11:30:32.116777,completed,credit_card,5008.41,2026-03-24T11:30:32.116777
1496,155,2026-08-08T01:15:32.116810,completed,debit_card,1032.07,2026-08-08T01:15:32.116810
1497,175,2026-06-27T13:28:32.116833,refunded,debit_card,1914.89,2026-06-27T13:28:32.116833
1498,456,2026-08-07T00:09:32.116861,refunded,credit_card,3262.75,2026-08-07T00:09:32.116861
1499,476,2026-06-17T20:54:32.116886,refunded,debit_card,4348.98,2026-06-17T20:54:32.116886
1500,310,2026-07-24T01:25:32.116909,completed,credit_card,6561.39,2026-07-24T01:25:32.116909
1501,412,2026-04-12T21:06:32.116942,completed,debit_card,1981.46,2026-04-12T21:06:32.116942
1502,317,2026-04-05T05:37:32.116962,cancelled,pix,1840.84,2026-04-05T05:37:32.116962
1503,287,2026-04-15T22:05:32.116978,completed,debit_card,2214.29,2026-04-15T22:05:32.116978
1504,270,2026-06-28T18:54:32.117001,refunded,credit_card,2081.52,2026-06-28T18:54:32.117001
1505,388,2026-09-05T04:09:32.117029,refunded,pix,5003.5,2026-09-05T04:09:32.117029
1506,168,2026-04-21T11:21:32.117062,completed,boleto,996.77,2026-04-21T11:21:32.117062
1507,144,2026-06-10T07:20:32.117078,completed,pix,4158.79,2026-06-10T07:20:32.117078
1508,274,2026-09-09T10:38:32.117120,completed,pix,5269.93,2026-09-09T10:38:32.117120
1509,425,2026-07-09T07:51:32.117149,completed,boleto,2611.03,2026-07-09T07:51:32.117149
1510,23,2026-08-19T11:32:32.117169,cancelled,boleto,6197.76,2026-08-19T11:32:32.117169
1511,213,2026-05-13T23:10:32.117201,completed,credit_card,2171.55,2026-05-13T23:10:32.117201
1512,284,2026-05-05T08:41:32.117224,refunded,pix,3483.85,2026-05-05T08:41:32.117224
1513,327,2026-06-19T11:12:32.117253,completed,boleto,2694.16,2026-06-19T11:12:32.117253
1514,71,2026-04-22T10:13:32.117285,completed,boleto,3117.92,2026-04-22T10:13:32.117285
1515,210,2026-08-10T01:44:32.117314,completed,pix,5978.15,2026-08-10T01:44:32.117314
1516,23,2026-05-11T21:00:32.117342,completed,boleto,2920.79,2026-05-11T21:00:32.117342
1517,82,2026-09-08T19:49:32.117358,refunded,credit_card,5343.46,2026-09-08T19:49:32.117358
1518,2,2026-05-13T09:41:32.117374,refunded,pix,3663.8,2026-05-13T09:41:32.117374
1519,180,2026-09-10T03:56:32.117393,completed,debit_card,6834.31,2026-09-10T03:56:32.117393
1520,124,2026-09-19T18:33:32.117426,completed,boleto,308.13,2026-09-19T18:33:32.117426
1521,374,2026-06-05T08:07:32.117452,refunded,pix,4730.46,2026-06-05T08:07:32.117452
1522,225,2026-08-13T15:18:32.117481,cancelled,credit_card,3323.84,2026-08-13T15:18:32.117481
1523,477,2026-05-06T22:44:32.117500,cancelled,boleto,8440.82,2026-05-06T22:44:32.117500
1524,192,2026-03-25T10:19:32.117529,completed,debit_card,2565.56,2026-03-25T10:19:32.117529
1525,53,2026-08-02T07:15:32.117551,refunded,pix,9040.62,2026-08-02T07:15:32.117551
1526,317,2026-07-29T01:58:32.117584,refunded,credit_card,6064.36,2026-07-29T01:58:32.117584
1527,500,2026-04-12T17:25:32.117607,refunded,debit_card,4452.66,2026-04-12T17:25:32.117607
1528,110,2026-04-07T13:25:32.117639,completed,boleto,265.81,2026-04-07T13:25:32.117639
1529,129,2026-08-26T00:36:32.117655,cancelled,debit_card,6849.57,2026-08-26T00:36:32.117655
1530,183,2026-06-05T10:28:32.117682,completed,boleto,6963.89,2026-06-05T10:28:32.117682
1531,456,2026-08-27T23:06:32.117713,completed,credit_card,3553.03,2026-08-27T23:06:32.117713
1532,414,2026-04-16T02:58:32.117738,completed,credit_card,7984.93,2026-04-16T02:58:32.117738
1533,385,2026-06-26T00:58:32.117765,completed,credit_card,7724.62,2026-06-26T00:58:32.117765
1534,294,2026-03-27T21:12:32.117798,completed,boleto,609.61,2026-03-27T21:12:32.117798
1535,91,2026-09-13T12:55:32.117819,completed,pix,4784.85,2026-09-13T12:55:32.117819
1536,162,2026-04-16T19:08:32.117839,completed,boleto,6096.84,2026-04-16T19:08:32.117839
1537,301,2026-08-30T11:31:32.117859,completed,boleto,6811.61,2026-08-30T11:31:32.117859
1538,62,2026-08-28T02:00:32.117893,completed,boleto,3629.14,2026-08-28T02:00:32.117893
1539,21,2026-09-03T04:43:32.117918,completed,credit_card,11195.32,2026-09-03T04:43:32.117918
1540,16,2026-07-04T18:21:32.117951,completed,credit_card,3271.83,2026-07-04T18:21:32.117951
1541,294,2026-05-24T21:52:32.117976,completed,debit_card,6014.38,2026-05-24T21:52:32.117976
1542,306,2026-08-24T23:34:32.118003,completed,boleto,4487.9,2026-08-24T23:34:32.118003
1543,94,2026-04-29T22:40:32.118046,completed,pix,9488.1,2026-04-29T22:40:32.118046
1544,87,2026-08-08T20:00:32.118079,cancelled,debit_card,807.05,2026-08-08T20:00:32.118079
1545,360,2026-04-12T08:06:32.118104,refunded,pix,4819.64,2026-04-12T08:06:32.118104
1546,148,2026-08-18T12:27:32.118139,completed,debit_card,9454.72,2026-08-18T12:27:32.118139
1547,233,2026-08-31T22:13:32.118172,cancelled,credit_card,5567.3,2026-08-31T22:13:32.118172
1548,167,2026-04-25T15:23:32.118204,cancelled,pix,238.98,2026-04-25T15:23:32.118204
1549,300,2026-06-11T03:56:32.118220,completed,boleto,4977.79,2026-06-11T03:56:32.118220
1550,134,2026-07-25T21:01:32.118248,completed,pix,2200.59,2026-07-25T21:01:32.118248
1551,490,2026-04-20T01:52:32.118270,completed,credit_card,10249.2,2026-04-20T01:52:32.118270
1552,246,2026-06-15T07:36:32.118301,completed,boleto,5427.82,2026-06-15T07:36:32.118301
1553,401,2026-03-29T22:15:32.118330,cancelled,pix,3244.74,2026-03-29T22:15:32.118330
1554,433,2026-03-28T03:57:32.118346,completed,debit_card,1434.51,2026-03-28T03:57:32.118346
1555,60,2026-07-30T09:50:32.118361,completed,pix,7541.71,2026-07-30T09:50:32.118361
1556,430,2026-05-01T14:01:32.118396,refunded,debit_card,2861.68,2026-05-01T14:01:32.118396
1557,88,2026-08-30T08:36:32.118425,completed,debit_card,2985.06,2026-08-30T08:36:32.118425
1558,367,2026-04-09T18:15:32.118446,completed,boleto,3468.42,2026-04-09T18:15:32.118446
1559,494,2026-05-20T13:13:32.118471,cancelled,pix,8226.59,2026-05-20T13:13:32.118471
1560,384,2026-06-26T08:57:32.118506,cancelled,credit_card,5186.62,2026-06-26T08:57:32.118506
1561,28,2026-06-09T01:21:32.118541,completed,boleto,293.52,2026-06-09T01:21:32.118541
1562,428,2026-03-24T12:19:32.118557,completed,pix,6294.72,2026-03-24T12:19:32.118557
1563,24,2026-08-04T14:43:32.118587,completed,credit_card,1538.65,2026-08-04T14:43:32.118587
1564,360,2026-07-29T17:12:32.118607,cancelled,credit_card,116.43,2026-07-29T17:12:32.118607
1565,197,2026-07-06T14:28:32.118623,refunded,credit_card,6959.91,2026-07-06T14:28:32.118623
1566,38,2026-05-26T05:01:32.118660,cancelled,pix,5625.1,2026-05-26T05:01:32.118660
1567,237,2026-04-22T08:37:32.118688,completed,credit_card,5283.21,2026-04-22T08:37:32.118688
1568,92,2026-07-04T00:02:32.118716,completed,boleto,5306.73,2026-07-04T00:02:32.118716
1569,479,2026-09-19T20:22:32.118747,refunded,pix,2917.8,2026-09-19T20:22:32.118747
1570,203,2026-07-27T23:32:32.118771,completed,boleto,4495.41,2026-07-27T23:32:32.118771
1571,499,2026-08-28T06:52:32.118803,completed,pix,7984.24,2026-08-28T06:52:32.118803
1572,397,2026-08-22T14:35:32.118831,completed,debit_card,2386.52,2026-08-22T14:35:32.118831
1573,382,2026-05-12T07:45:32.118847,completed,pix,3810.6,2026-05-12T07:45:32.118847
1574,354,2026-07-26T11:32:32.118864,cancelled,credit_card,4427.89,2026-07-26T11:32:32.118864
1575,392,2026-09-20T00:20:32.118885,cancelled,pix,7840.63,2026-09-20T00:20:32.118885
1576,242,2026-04-09T04:01:32.118917,completed,pix,6572.72,2026-04-09T04:01:32.118917
1577,487,2026-04-11T02:50:32.118952,completed,debit_card,1434.51,2026-04-11T02:50:32.118952
1578,111,2026-07-20T01:11:32.118968,completed,debit_card,7006.91,2026-07-20T01:11:32.118968
1579,180,2026-06-27T16:30:32.118998,refunded,credit_card,2714.46,2026-06-27T16:30:32.118998
1580,222,2026-04-09T19:21:32.119015,completed,pix,5514.72,2026-04-09T19:21:32.119015
1581,266,2026-04-25T14:25:32.119040,refunded,credit_card,4041.19,2026-04-25T14:25:32.119040
1582,39,2026-09-03T23:12:32.119068,completed,pix,6808.74,2026-09-03T23:12:32.119068
1583,371,2026-03-26T19:30:32.119098,completed,debit_card,5269.12,2026-03-26T19:30:32.119098
1584,118,2026-07-19T10:17:32.119130,completed,debit_card,1844.96,2026-07-19T10:17:32.119130
1585,382,2026-06-01T14:00:32.119154,completed,credit_card,4411.18,2026-06-01T14:00:32.119154
1586,139,2026-05-01T09:05:32.119180,completed,boleto,7330.71,2026-05-01T09:05:32.119180
1587,265,2026-04-10T09:22:32.119204,completed,debit_card,3137.67,2026-04-10T09:22:32.119204
1588,176,2026-07-11T10:19:32.119226,completed,pix,4909.13,2026-07-11T10:19:32.119226
1589,237,2026-06-27T22:11:32.119251,cancelled,boleto,7661.37,2026-06-27T22:11:32.119251
1590,313,2026-04-08T20:08:32.119288,refunded,credit_card,5917.96,2026-04-08T20:08:32.119288
1591,96,2026-06-10T21:10:32.119317,completed,pix,10584.09,2026-06-10T21:10:32.119317
1592,464,2026-08-27T00:47:32.119350,cancelled,boleto,3040.77,2026-08-27T00:47:32.119350
1593,195,2026-09-16T10:35:32.119366,refunded,credit_card,7128.42,2026-09-16T10:35:32.119366
1594,16,2026-04-22T23:44:32.119398,completed,boleto,3643.17,2026-04-22T23:44:32.119398
1595,2,2026-08-31T04:56:32.119414,refunded,debit_card,6719.8,2026-08-31T04:56:32.119414
1596,313,2026-09-19T02:35:32.119436,refunded,pix,5399.25,2026-09-19T02:35:32.119436
1597,411,2026-07-09T05:31:32.119470,refunded,debit_card,7569.36,2026-07-09T05:31:32.119470
1598,495,2026-08-03T11:00:32.119502,completed,credit_card,3059.64,2026-08-03T11:00:32.119502
1599,422,2026-08-23T17:57:32.119523,completed,pix,1942.5,2026-08-23T17:57:32.119523
1600,68,2026-06-16T08:47:32.119555,refunded,boleto,4507.83,2026-06-16T08:47:32.119555
1601,312,2026-07-03T03:26:32.119581,completed,boleto,4847.13,2026-07-03T03:26:32.119581
1602,205,2026-07-07T21:42:32.119601,completed,boleto,2474.52,2026-07-07T21:42:32.119601
1603,295,2026-09-12T04:37:32.119617,cancelled,boleto,5995.65,2026-09-12T04:37:32.119617
1604,219,2026-06-14T12:10:32.119641,cancelled,debit_card,4592.79,2026-06-14T12:10:32.119641
1605,455,2026-09-19T11:12:32.119660,completed,boleto,1147.18,2026-09-19T11:12:32.119660
1606,453,2026-09-06T17:41:32.119685,cancelled,pix,1017.9,2026-09-06T17:41:32.119685
1607,20,2026-06-20T06:37:32.119700,completed,debit_card,492.15,2026-06-20T06:37:32.119700
1608,157,2026-05-22T10:21:32.119718,refunded,pix,5132.99,2026-05-22T10:21:32.119718
1609,177,2026-04-22T16:07:32.119746,completed,debit_card,2289.99,2026-04-22T16:07:32.119746
1610,398,2026-05-22T09:40:32.119772,completed,credit_card,8156.01,2026-05-22T09:40:32.119772
1611,234,2026-09-01T19:45:32.119800,completed,boleto,4554.68,2026-09-01T19:45:32.119800
1612,482,2026-04-06T23:05:32.119835,cancelled,pix,6146.28,2026-04-06T23:05:32.119835
1613,350,2026-09-19T17:04:32.119863,cancelled,pix,3069.45,2026-09-19T17:04:32.119863
1614,245,2026-09-12T15:19:32.119879,completed,boleto,2340.2,2026-09-12T15:19:32.119879
1615,420,2026-04-12T19:02:32.119903,refunded,credit_card,2581.69,2026-04-12T19:02:32.119903
1616,111,2026-06-14T04:00:32.119923,completed,debit_card,1949.6,2026-06-14T04:00:32.119923
1617,266,2026-05-28T09:01:32.119939,completed,credit_card,4380.55,2026-05-28T09:01:32.119939
1618,361,2026-06-10T16:18:32.119965,completed,pix,4673.94,2026-06-10T16:18:32.119965
1619,457,2026-05-06T22:57:32.119981,completed,pix,1387.3,2026-05-06T22:57:32.119981
1620,199,2026-07-07T15:28:32.120000,refunded,debit_card,5096.48,2026-07-07T15:28:32.120000
1621,493,2026-06-06T03:11:32.120029,cancelled,pix,7987.62,2026-06-06T03:11:32.120029
1622,288,2026-03-31T03:11:32.120058,completed,pix,2136.88,2026-03-31T03:11:32.120058
1623,251,2026-09-14T17:58:32.120083,completed,boleto,3762.37,2026-09-14T17:58:32.120083
1624,464,2026-04-21T04:59:32.120102,completed,debit_card,3754.53,2026-04-21T04:59:32.120102
1625,342,2026-04-02T01:21:32.120131,cancelled,debit_card,7491.97,2026-04-02T01:21:32.120131
1626,60,2026-06-28T23:17:32.120151,cancelled,debit_card,3328.85,2026-06-28T23:17:32.120151
1627,386,2026-04-17T14:42:32.120175,completed,credit_card,1002.0,2026-04-17T14:42:32.120175
1628,439,2026-05-22T08:45:32.120194,refunded,pix,453.18,2026-05-22T08:45:32.120194
1629,49,2026-06-18T09:06:32.120211,completed,credit_card,3046.79,2026-06-18T09:06:32.120211
1630,493,2026-08-17T08:21:32.120233,completed,credit_card,1416.21,2026-08-17T08:21:32.120233
1631,453,2026-06-30T16:02:32.120252,cancelled,credit_card,6202.0,2026-06-30T16:02:32.120252
1632,441,2026-04-27T12:27:32.120281,completed,boleto,3425.5,2026-04-27T12:27:32.120281
1633,440,2026-04-17T08:32:32.120313,cancelled,boleto,4124.29,2026-04-17T08:32:32.120313
1634,163,2026-08-21T15:36:32.120338,completed,credit_card,5928.17,2026-08-21T15:36:32.120338
1635,147,2026-08-23T19:48:32.120358,refunded,boleto,8893.62,2026-08-23T19:48:32.120358
1636,181,2026-04-22T19:46:32.120381,completed,credit_card,6363.89,2026-04-22T19:46:32.120381
1637,297,2026-07-20T01:58:32.120409,refunded,pix,3471.36,2026-07-20T01:58:32.120409
1638,149,2026-06-05T20:12:32.120439,completed,credit_card,5108.27,2026-06-05T20:12:32.120439
1639,158,2026-06-17T00:05:32.120463,cancelled,pix,1368.14,2026-06-17T00:05:32.120463
1640,470,2026-04-15T21:56:32.120479,cancelled,debit_card,5405.66,2026-04-15T21:56:32.120479
1641,497,2026-08-01T04:14:32.120498,refunded,pix,3865.93,2026-08-01T04:14:32.120498
1642,402,2026-07-21T20:40:32.120534,refunded,pix,1026.55,2026-07-21T20:40:32.120534
1643,279,2026-06-04T12:56:32.120555,completed,boleto,7751.4,2026-06-04T12:56:32.120555
1644,487,2026-05-24T16:53:32.120595,refunded,boleto,6536.61,2026-05-24T16:53:32.120595
1645,278,2026-05-24T02:39:32.120622,cancelled,credit_card,608.2,2026-05-24T02:39:32.120622
1646,215,2026-05-21T05:54:32.120644,completed,debit_card,2538.74,2026-05-21T05:54:32.120644
1647,255,2026-08-24T00:43:32.120664,completed,debit_card,5500.96,2026-08-24T00:43:32.120664
1648,144,2026-06-14T13:02:32.120692,completed,debit_card,16143.59,2026-06-14T13:02:32.120692
1649,162,2026-05-10T22:41:32.120726,refunded,pix,6378.0,2026-05-10T22:41:32.120726
1650,390,2026-07-06T18:40:32.120750,refunded,pix,5579.36,2026-07-06T18:40:32.120750
1651,122,2026-05-08T06:42:32.120783,refunded,pix,5999.41,2026-05-08T06:42:32.120783
1652,95,2026-09-10T15:10:32.120819,completed,credit_card,1876.86,2026-09-10T15:10:32.120819
1653,274,2026-03-28T11:28:32.120840,completed,pix,2316.12,2026-03-28T11:28:32.120840
1654,408,2026-06-16T21:09:32.120865,completed,debit_card,4092.86,2026-06-16T21:09:32.120865
1655,128,2026-06-25T22:12:32.120890,completed,credit_card,3467.71,2026-06-25T22:12:32.120890
1656,191,2026-08-19T20:26:32.120916,completed,boleto,4974.42,2026-08-19T20:26:32.120916
1657,350,2026-05-03T09:10:32.120934,completed,pix,2529.14,2026-05-03T09:10:32.120934
1658,19,2026-09-04T09:50:32.120951,refunded,debit_card,6560.95,2026-09-04T09:50:32.120951
1659,284,2026-05-13T14:32:32.120972,completed,credit_card,8090.43,2026-05-13T14:32:32.120972
1660,231,2026-07-13T21:55:32.120999,completed,debit_card,6866.25,2026-07-13T21:55:32.120999
1661,453,2026-08-12T06:34:32.121029,completed,pix,2131.17,2026-08-12T06:34:32.121029
1662,6,2026-08-03T08:18:32.121045,completed,credit_card,7976.25,2026-08-03T08:18:32.121045
1663,16,2026-04-04T14:16:32.121081,completed,credit_card,4590.15,2026-04-04T14:16:32.121081
1664,130,2026-07-06T13:54:32.121102,completed,pix,12417.0,2026-07-06T13:54:32.121102
1665,441,2026-04-22T08:03:32.121222,refunded,boleto,934.72,2026-04-22T08:03:32.121222
1666,126,2026-08-25T15:29:32.121239,cancelled,debit_card,3863.87,2026-08-25T15:29:32.121239
1667,206,2026-06-11T10:56:32.121272,refunded,debit_card,5687.87,2026-06-11T10:56:32.121272
1668,110,2026-07-02T23:47:32.121300,cancelled,credit_card,5610.73,2026-07-02T23:47:32.121300
1669,44,2026-09-09T16:40:32.121328,completed,boleto,2710.62,2026-09-09T16:40:32.121328
1670,245,2026-05-16T10:09:32.121348,completed,credit_card,3843.26,2026-05-16T10:09:32.121348
1671,321,2026-08-20T19:47:32.121375,completed,boleto,1132.64,2026-08-20T19:47:32.121375
1672,246,2026-07-29T14:59:32.121398,completed,debit_card,3163.53,2026-07-29T14:59:32.121398
1673,392,2026-06-22T12:54:32.121428,completed,credit_card,2941.51,2026-06-22T12:54:32.121428
1674,394,2026-09-04T05:08:32.121448,completed,pix,4227.09,2026-09-04T05:08:32.121448
1675,177,2026-05-10T21:39:32.121476,cancelled,pix,2090.41,2026-05-10T21:39:32.121476
1676,241,2026-07-07T19:49:32.121496,cancelled,pix,6162.76,2026-07-07T19:49:32.121496
1677,109,2026-09-12T17:22:32.121527,cancelled,boleto,3888.32,2026-09-12T17:22:32.121527
1678,137,2026-06-30T05:48:32.121547,refunded,credit_card,7693.6,2026-06-30T05:48:32.121547
1679,154,2026-09-13T04:34:32.121580,completed,debit_card,3643.17,2026-09-13T04:34:32.121580
1680,460,2026-06-10T14:33:32.121596,completed,pix,7763.12,2026-06-10T14:33:32.121596
1681,370,2026-07-22T18:15:32.121627,completed,debit_card,4307.94,2026-07-22T18:15:32.121627
1682,335,2026-04-26T17:02:32.121657,completed,credit_card,6117.93,2026-04-26T17:02:32.121657
1683,401,2026-08-18T12:22:32.121689,completed,debit_card,5928.63,2026-08-18T12:22:32.121689
1684,387,2026-06-29T18:21:32.121717,completed,credit_card,8106.65,2026-06-29T18:21:32.121717
1685,419,2026-07-20T21:58:32.121736,completed,credit_card,2777.06,2026-07-20T21:58:32.121736
1686,161,2026-05-26T21:21:32.121753,completed,boleto,6725.96,2026-05-26T21:21:32.121753
1687,39,2026-06-26T10:36:32.121776,refunded,debit_card,2526.9,2026-06-26T10:36:32.121776
1688,262,2026-04-22T14:02:32.121792,completed,debit_card,9712.8,2026-04-22T14:02:32.121792
1689,397,2026-07-27T20:08:32.121825,completed,debit_card,5933.39,2026-07-27T20:08:32.121825
1690,236,2026-08-21T12:35:32.121849,completed,credit_card,3958.12,2026-08-21T12:35:32.121849
1691,319,2026-05-22T01:57:32.121866,completed,pix,1331.5,2026-05-22T01:57:32.121866
1692,421,2026-08-10T16:56:32.121882,completed,boleto,4380.51,2026-08-10T16:56:32.121882
1693,80,2026-09-20T10:53:32.121922,cancelled,debit_card,4233.76,2026-09-20T10:53:32.121922
1694,77,2026-05-18T17:58:32.121951,completed,pix,6849.76,2026-05-18T17:58:32.121951
1695,40,2026-07-28T04:14:32.121995,completed,debit_card,2037.85,2026-07-28T04:14:32.121995
1696,409,2026-05-16T15:37:32.122025,completed,credit_card,3612.92,2026-05-16T15:37:32.122025
1697,321,2026-05-15T03:27:32.122077,completed,credit_card,723.13,2026-05-15T03:27:32.122077
1698,5,2026-06-17T05:28:32.122115,completed,pix,4277.49,2026-06-17T05:28:32.122115
1699,268,2026-04-01T17:52:32.122156,completed,boleto,10525.6,2026-04-01T17:52:32.122156
1700,495,2026-07-06T03:52:32.122188,cancelled,boleto,11170.14,2026-07-06T03:52:32.122188
1701,97,2026-08-16T16:01:32.122216,cancelled,debit_card,4754.67,2026-08-16T16:01:32.122216
1702,448,2026-06-14T14:51:32.122238,refunded,boleto,1252.97,2026-06-14T14:51:32.122238
1703,409,2026-07-08T12:31:32.122254,completed,debit_card,3720.46,2026-07-08T12:31:32.122254
1704,298,2026-04-17T09:02:32.122279,completed,debit_card,10909.96,2026-04-17T09:02:32.122279
1705,293,2026-06-23T20:34:32.122311,completed,debit_card,10541.18,2026-06-23T20:34:32.122311
1706,218,2026-07-08T00:22:32.122339,completed,debit_card,3948.18,2026-07-08T00:22:32.122339
1707,352,2026-07-06T20:00:32.122368,refunded,boleto,3816.16,2026-07-06T20:00:32.122368
1708,292,2026-06-11T02:18:32.122392,completed,debit_card,1686.98,2026-06-11T02:18:32.122392
1709,299,2026-07-27T07:56:32.122416,completed,credit_card,8889.42,2026-07-27T07:56:32.122416
1710,244,2026-09-10T17:51:32.122446,refunded,boleto,2592.1,2026-09-10T17:51:32.122446
1711,224,2026-06-16T09:14:32.122462,completed,boleto,6315.57,2026-06-16T09:14:32.122462
1712,233,2026-08-12T02:51:32.122487,cancelled,debit_card,3445.48,2026-08-12T02:51:32.122487
1713,56,2026-05-18T16:00:32.122514,completed,credit_card,2601.6,2026-05-18T16:00:32.122514
1714,243,2026-06-27T02:15:32.122538,completed,credit_card,1969.7,2026-06-27T02:15:32.122538
1715,455,2026-07-02T02:43:32.122556,refunded,debit_card,4273.12,2026-07-02T02:43:32.122556
1716,371,2026-08-04T06:52:32.122587,cancelled,boleto,1032.93,2026-08-04T06:52:32.122587
1717,219,2026-08-05T20:07:32.122613,completed,pix,4387.67,2026-08-05T20:07:32.122613
1718,398,2026-08-26T12:08:32.122636,refunded,debit_card,1077.0,2026-08-26T12:08:32.122636
1719,211,2026-08-15T09:16:32.122653,completed,debit_card,717.02,2026-08-15T09:16:32.122653
1720,181,2026-06-14T00:05:32.122669,refunded,pix,3982.39,2026-06-14T00:05:32.122669
1721,19,2026-03-27T23:31:32.122684,cancelled,pix,7733.55,2026-03-27T23:31:32.122684
1722,467,2026-06-13T02:22:32.122707,completed,pix,6397.9,2026-06-13T02:22:32.122707
1723,94,2026-09-14T02:38:32.122736,cancelled,pix,5830.12,2026-09-14T02:38:32.122736
1724,384,2026-06-11T08:46:32.122761,refunded,credit_card,2762.56,2026-06-11T08:46:32.122761
1725,223,2026-07-01T11:32:32.122778,completed,debit_card,2627.08,2026-07-01T11:32:32.122778
1726,471,2026-08-17T08:56:32.122804,refunded,debit_card,9285.18,2026-08-17T08:56:32.122804
1727,148,2026-06-28T23:18:32.122837,cancelled,debit_card,4919.93,2026-06-28T23:18:32.122837
1728,309,2026-06-20T07:00:32.122869,completed,pix,4873.05,2026-06-20T07:00:32.122869
1729,315,2026-04-15T14:35:32.122899,completed,boleto,92.69,2026-04-15T14:35:32.122899
1730,343,2026-09-06T03:47:32.122915,completed,boleto,1346.0,2026-09-06T03:47:32.122915
1731,399,2026-07-11T17:28:32.122934,completed,debit_card,1460.43,2026-07-11T17:28:32.122934
1732,369,2026-05-22T08:26:32.122951,completed,pix,3903.27,2026-05-22T08:26:32.122951
1733,225,2026-04-18T08:31:32.122980,completed,boleto,5279.91,2026-04-18T08:31:32.122980
1734,330,2026-09-03T11:57:32.123003,cancelled,debit_card,244.66,2026-09-03T11:57:32.123003
1735,360,2026-04-14T16:22:32.123020,cancelled,credit_card,6173.67,2026-04-14T16:22:32.123020
1736,210,2026-05-29T20:19:32.123051,cancelled,pix,191.96,2026-05-29T20:19:32.123051
1737,212,2026-09-15T04:21:32.123067,completed,pix,2892.84,2026-09-15T04:21:32.123067
1738,299,2026-06-14T07:31:32.123091,completed,pix,5702.47,2026-06-14T07:31:32.123091
1739,75,2026-04-08T07:50:32.123125,completed,boleto,5361.1,2026-04-08T07:50:32.123125
1740,110,2026-05-13T01:46:32.123153,completed,boleto,1616.58,2026-05-13T01:46:32.123153
1741,492,2026-03-31T07:36:32.123173,refunded,credit_card,7319.94,2026-03-31T07:36:32.123173
1742,126,2026-09-07T17:16:32.123204,completed,pix,4300.47,2026-09-07T17:16:32.123204
1743,246,2026-05-23T09:33:32.123232,cancelled,pix,4025.64,2026-05-23T09:33:32.123232
1744,478,2026-06-01T23:39:32.123261,completed,debit_card,83.42,2026-06-01T23:39:32.123261
1745,19,2026-08-17T08:43:32.123278,refunded,pix,307.67,2026-08-17T08:43:32.123278
1746,282,2026-04-17T13:04:32.123293,refunded,pix,4974.42,2026-04-17T13:04:32.123293
1747,439,2026-09-15T01:48:32.123310,cancelled,debit_card,5783.82,2026-09-15T01:48:32.123310
1748,393,2026-06-18T03:59:32.123344,cancelled,credit_card,6907.99,2026-06-18T03:59:32.123344
1749,242,2026-05-06T23:16:32.123372,completed,pix,3440.9,2026-05-06T23:16:32.123372
1750,96,2026-07-06T20:40:32.123401,refunded,debit_card,3036.86,2026-07-06T20:40:32.123401
1751,355,2026-09-07T02:44:32.123426,cancelled,pix,4290.58,2026-09-07T02:44:32.123426
1752,67,2026-07-20T07:47:32.123447,completed,debit_card,1077.0,2026-07-20T07:47:32.123447
1753,107,2026-06-13T22:01:32.123463,cancelled,credit_card,8893.99,2026-06-13T22:01:32.123463
1754,184,2026-07-19T08:40:32.123491,cancelled,boleto,1229.17,2026-07-19T08:40:32.123491
1755,61,2026-08-06T12:15:32.123517,cancelled,pix,6269.98,2026-08-06T12:15:32.123517
1756,283,2026-06-29T15:25:32.123545,completed,pix,2066.14,2026-06-29T15:25:32.123545
1757,74,2026-08-22T08:55:32.123562,refunded,debit_card,5090.25,2026-08-22T08:55:32.123562
1758,356,2026-04-24T18:27:32.123586,completed,credit_card,72.99,2026-04-24T18:27:32.123586
1759,114,2026-06-29T20:34:32.123602,completed,boleto,6457.1,2026-06-29T20:34:32.123602
1760,249,2026-06-21T13:38:32.123635,refunded,pix,4034.95,2026-06-21T13:38:32.123635
1761,164,2026-04-10T13:02:32.123663,refunded,credit_card,2142.91,2026-04-10T13:02:32.123663
1762,93,2026-04-21T14:47:32.123684,completed,debit_card,1709.68,2026-04-21T14:47:32.123684
1763,371,2026-08-30T13:16:32.123711,completed,credit_card,1727.31,2026-08-30T13:16:32.123711
1764,371,2026-04-24T12:10:32.123730,refunded,credit_card,3644.6,2026-04-24T12:10:32.123730
1765,303,2026-07-15T13:53:32.123750,completed,debit_card,2058.08,2026-07-15T13:53:32.123750
1766,148,2026-05-20T16:15:32.123774,completed,debit_card,2267.17,2026-05-20T16:15:32.123774
1767,2,2026-04-05T06:37:32.123803,refunded,boleto,643.73,2026-04-05T06:37:32.123803
1768,290,2026-04-15T20:29:32.123820,completed,credit_card,13942.45,2026-04-15T20:29:32.123820
1769,276,2026-04-30T17:28:32.123847,cancelled,credit_card,6879.49,2026-04-30T17:28:32.123847
1770,410,2026-09-04T18:15:32.123874,completed,boleto,10157.25,2026-09-04T18:15:32.123874
1771,378,2026-05-15T04:18:32.123908,cancelled,pix,1319.73,2026-05-15T04:18:32.123908
1772,248,2026-08-08T23:46:32.123925,completed,debit_card,5130.13,2026-08-08T23:46:32.123925
1773,245,2026-09-09T01:05:32.123952,cancelled,pix,5531.81,2026-09-09T01:05:32.123952
1774,112,2026-07-19T15:31:32.123972,refunded,credit_card,2781.07,2026-07-19T15:31:32.123972
1775,274,2026-08-01T17:49:32.123994,refunded,boleto,443.99,2026-08-01T17:49:32.123994
1776,57,2026-08-13T00:31:32.124010,completed,credit_card,7707.62,2026-08-13T00:31:32.124010
1777,68,2026-08-22T12:25:32.124047,completed,pix,4464.78,2026-08-22T12:25:32.124047
1778,82,2026-07-03T04:28:32.124079,completed,pix,3386.3,2026-07-03T04:28:32.124079
1779,291,2026-09-09T09:51:32.124111,cancelled,boleto,6824.77,2026-09-09T09:51:32.124111
1780,42,2026-05-18T03:09:32.124139,cancelled,debit_card,151.35,2026-05-18T03:09:32.124139
1781,385,2026-05-12T00:02:32.124155,completed,credit_card,1964.35,2026-05-12T00:02:32.124155
1782,220,2026-07-18T21:34:32.124176,completed,credit_card,3422.72,2026-07-18T21:34:32.124176
1783,265,2026-05-29T07:44:32.124196,completed,boleto,5861.09,2026-05-29T07:44:32.124196
1784,186,2026-04-01T03:48:32.124229,cancelled,pix,6778.22,2026-04-01T03:48:32.124229
1785,373,2026-06-23T01:28:32.124261,completed,boleto,4327.11,2026-06-23T01:28:32.124261
1786,349,2026-04-07T12:23:32.124284,cancelled,credit_card,1521.53,2026-04-07T12:23:32.124284
1787,83,2026-07-04T00:48:32.124301,completed,credit_card,2341.13,2026-07-04T00:48:32.124301
1788,297,2026-08-13T15:06:32.124327,refunded,pix,9709.73,2026-08-13T15:06:32.124327
1789,412,2026-03-29T07:11:32.124355,completed,debit_card,2042.74,2026-03-29T07:11:32.124355
1790,180,2026-08-25T04:54:32.124371,cancelled,credit_card,7661.5,2026-08-25T04:54:32.124371
1791,270,2026-05-16T13:10:32.124407,refunded,debit_card,5597.41,2026-05-16T13:10:32.124407
1792,214,2026-08-18T04:05:32.124432,completed,pix,1554.13,2026-08-18T04:05:32.124432
1793,215,2026-04-09T19:52:32.124451,completed,pix,1144.8,2026-04-09T19:52:32.124451
1794,48,2026-07-22T22:51:32.124470,completed,credit_card,6486.22,2026-07-22T22:51:32.124470
1795,154,2026-06-23T23:34:32.124495,cancelled,credit_card,972.38,2026-06-23T23:34:32.124495
1796,230,2026-09-06T07:59:32.124511,completed,debit_card,1968.06,2026-09-06T07:59:32.124511
1797,122,2026-09-05T05:58:32.124532,refunded,debit_card,6547.69,2026-09-05T05:58:32.124532
1798,6,2026-06-04T19:51:32.124569,cancelled,credit_card,7155.05,2026-06-04T19:51:32.124569
1799,279,2026-08-23T03:57:32.124597,completed,boleto,3693.74,2026-08-23T03:57:32.124597
1800,28,2026-09-06T03:08:32.124613,cancelled,debit_card,1201.61,2026-09-06T03:08:32.124613
1801,101,2026-09-14T20:58:32.124629,cancelled,pix,3880.49,2026-09-14T20:58:32.124629
1802,369,2026-05-10T20:37:32.124648,completed,debit_card,6186.86,2026-05-10T20:37:32.124648
1803,208,2026-08-20T17:16:32.124667,completed,boleto,1121.77,2026-08-20T17:16:32.124667
1804,412,2026-09-11T21:42:32.124682,completed,boleto,1422.53,2026-09-11T21:42:32.124682
1805,104,2026-04-03T20:15:32.124704,cancelled,pix,4376.08,2026-04-03T20:15:32.124704
1806,292,2026-05-13T07:26:32.124723,completed,debit_card,578.31,2026-05-13T07:26:32.124723
1807,264,2026-08-11T04:54:32.124739,refunded,debit_card,1327.04,2026-08-11T04:54:32.124739
1808,155,2026-08-29T09:24:32.124757,refunded,credit_card,1423.08,2026-08-29T09:24:32.124757
1809,266,2026-04-11T03:56:32.124777,completed,boleto,8637.73,2026-04-11T03:56:32.124777
1810,263,2026-07-01T00:43:32.124811,cancelled,pix,3110.78,2026-07-01T00:43:32.124811
1811,470,2026-05-24T18:39:32.124837,cancelled,debit_card,5967.33,2026-05-24T18:39:32.124837
1812,313,2026-06-24T08:54:32.124869,completed,debit_card,9004.81,2026-06-24T08:54:32.124869
1813,235,2026-05-09T04:59:32.124903,completed,pix,8092.54,2026-05-09T04:59:32.124903
1814,215,2026-09-17T05:13:32.124937,cancelled,boleto,3939.99,2026-09-17T05:13:32.124937
1815,339,2026-05-10T18:09:32.124965,refunded,pix,7952.76,2026-05-10T18:09:32.124965
1816,266,2026-05-21T18:54:32.124989,cancelled,pix,4970.48,2026-05-21T18:54:32.124989
1817,104,2026-08-06T08:29:32.125020,cancelled,credit_card,12315.36,2026-08-06T08:29:32.125020
1818,164,2026-08-19T21:35:32.125055,completed,debit_card,88.06,2026-08-19T21:35:32.125055
1819,28,2026-04-21T13:43:32.125071,refunded,boleto,2122.73,2026-04-21T13:43:32.125071
1820,42,2026-05-26T23:49:32.125095,refunded,credit_card,1337.5,2026-05-26T23:49:32.125095
1821,390,2026-05-11T15:25:32.125114,cancelled,debit_card,3933.61,2026-05-11T15:25:32.125114
1822,171,2026-07-04T14:50:32.125135,completed,debit_card,2252.49,2026-07-04T14:50:32.125135
1823,491,2026-06-18T10:41:32.125159,completed,debit_card,3757.99,2026-06-18T10:41:32.125159
1824,117,2026-06-25T01:10:32.125184,cancelled,credit_card,5466.2,2026-06-25T01:10:32.125184
1825,287,2026-07-27T14:53:32.125214,refunded,debit_card,4029.31,2026-07-27T14:53:32.125214
1826,481,2026-04-16T20:44:32.125241,cancelled,boleto,5515.42,2026-04-16T20:44:32.125241
1827,100,2026-06-25T20:01:32.125260,completed,pix,2892.98,2026-06-25T20:01:32.125260
1828,143,2026-04-18T23:47:32.125276,completed,credit_card,6096.01,2026-04-18T23:47:32.125276
1829,221,2026-07-26T17:41:32.125306,refunded,credit_card,5272.67,2026-07-26T17:41:32.125306
1830,128,2026-08-16T20:25:32.125334,completed,credit_card,2646.84,2026-08-16T20:25:32.125334
1831,315,2026-06-01T03:01:32.125361,completed,debit_card,4557.51,2026-06-01T03:01:32.125361
1832,9,2026-04-23T07:00:32.125395,refunded,pix,4143.84,2026-04-23T07:00:32.125395
1833,9,2026-03-29T21:27:32.125411,completed,debit_card,8738.37,2026-03-29T21:27:32.125411
1834,87,2026-07-13T01:19:32.125442,completed,credit_card,9198.82,2026-07-13T01:19:32.125442
1835,161,2026-04-22T17:41:32.125474,completed,credit_card,6289.83,2026-04-22T17:41:32.125474
1836,371,2026-05-26T05:00:32.125508,completed,debit_card,3523.9,2026-05-26T05:00:32.125508
1837,458,2026-04-06T11:55:32.125535,completed,credit_card,918.49,2026-04-06T11:55:32.125535
1838,138,2026-08-15T15:13:32.125553,completed,credit_card,4849.97,2026-08-15T15:13:32.125553
1839,327,2026-04-06T03:46:32.125576,cancelled,debit_card,1365.46,2026-04-06T03:46:32.125576
1840,263,2026-04-05T00:13:32.125597,completed,debit_card,5894.31,2026-04-05T00:13:32.125597
1841,414,2026-05-26T14:23:32.125630,completed,boleto,6847.11,2026-05-26T14:23:32.125630
1842,37,2026-03-25T03:50:32.125662,cancelled,credit_card,1402.18,2026-03-25T03:50:32.125662
1843,438,2026-08-19T13:20:32.125678,completed,pix,218.37,2026-08-19T13:20:32.125678
1844,192,2026-04-22T15:35:32.125696,refunded,credit_card,2960.13,2026-04-22T15:35:32.125696
1845,385,2026-05-24T17:27:32.125720,completed,credit_card,5012.81,2026-05-24T17:27:32.125720
1846,217,2026-09-17T02:10:32.125749,refunded,pix,4005.95,2026-09-17T02:10:32.125749
1847,276,2026-08-31T14:08:32.125769,completed,boleto,162.2,2026-08-31T14:08:32.125769
1848,440,2026-05-19T14:00:32.125785,completed,pix,2224.75,2026-05-19T14:00:32.125785
1849,344,2026-08-30T19:30:32.125806,refunded,pix,7173.84,2026-08-30T19:30:32.125806
1850,243,2026-05-22T23:05:32.125838,completed,pix,7930.77,2026-05-22T23:05:32.125838
1851,420,2026-03-31T04:18:32.125871,cancelled,boleto,244.39,2026-03-31T04:18:32.125871
1852,78,2026-05-29T02:59:32.125890,refunded,credit_card,5150.76,2026-05-29T02:59:32.125890
1853,129,2026-08-30T07:04:32.125914,completed,pix,680.36,2026-08-30T07:04:32.125914
1854,59,2026-08-13T03:20:32.125929,cancelled,credit_card,7057.96,2026-08-13T03:20:32.125929
1855,212,2026-08-27T00:19:32.125948,refunded,boleto,5294.4,2026-08-27T00:19:32.125948
1856,221,2026-08-16T16:03:32.125973,completed,credit_card,5825.88,2026-08-16T16:03:32.125973
1857,71,2026-08-24T06:13:32.125999,completed,boleto,7647.89,2026-08-24T06:13:32.125999
1858,361,2026-05-29T04:18:32.126031,completed,pix,6057.56,2026-05-29T04:18:32.126031
1859,489,2026-06-11T22:35:32.126062,completed,debit_card,5019.01,2026-06-11T22:35:32.126062
1860,440,2026-09-06T07:59:32.126085,completed,pix,4931.29,2026-09-06T07:59:32.126085
1861,291,2026-07-26T19:00:32.126106,completed,credit_card,1133.69,2026-07-26T19:00:32.126106
1862,87,2026-09-04T01:51:32.126123,completed,debit_card,2612.81,2026-09-04T01:51:32.126123
1863,371,2026-07-10T12:09:32.126143,cancelled,boleto,2225.36,2026-07-10T12:09:32.126143
1864,492,2026-05-31T20:03:32.126163,completed,debit_card,6818.57,2026-05-31T20:03:32.126163
1865,134,2026-07-10T08:20:32.126191,cancelled,boleto,5384.95,2026-07-10T08:20:32.126191
1866,130,2026-07-28T22:31:32.126224,cancelled,credit_card,4135.07,2026-07-28T22:31:32.126224
1867,461,2026-06-28T21:10:32.126250,completed,pix,683.7,2026-06-28T21:10:32.126250
1868,250,2026-06-19T04:13:32.126265,refunded,debit_card,2501.06,2026-06-19T04:13:32.126265
1869,1,2026-05-13T22:58:32.126284,refunded,pix,347.61,2026-05-13T22:58:32.126284
1870,177,2026-05-09T18:16:32.126302,refunded,credit_card,1411.4,2026-05-09T18:16:32.126302
1871,482,2026-07-04T02:50:32.126328,completed,pix,5215.2,2026-07-04T02:50:32.126328
1872,433,2026-05-04T21:06:32.126362,cancelled,credit_card,997.73,2026-05-04T21:06:32.126362
1873,45,2026-05-24T01:12:32.126382,cancelled,credit_card,10119.17,2026-05-24T01:12:32.126382
1874,496,2026-07-22T23:53:32.126416,completed,boleto,8513.69,2026-07-22T23:53:32.126416
1875,177,2026-04-03T01:32:32.126440,completed,debit_card,416.27,2026-04-03T01:32:32.126440
1876,447,2026-07-17T17:12:32.126461,refunded,credit_card,5856.37,2026-07-17T17:12:32.126461
1877,171,2026-04-07T08:53:32.126491,refunded,pix,7467.74,2026-04-07T08:53:32.126491
1878,260,2026-05-09T00:38:32.126521,completed,boleto,301.96,2026-05-09T00:38:32.126521
1879,343,2026-08-31T09:39:32.126543,cancelled,boleto,4689.57,2026-08-31T09:39:32.126543
1880,439,2026-05-01T22:06:32.126580,refunded,pix,166.33,2026-05-01T22:06:32.126580
1881,1,2026-04-10T02:53:32.126602,cancelled,credit_card,4483.3,2026-04-10T02:53:32.126602
1882,144,2026-06-02T23:42:32.126633,completed,debit_card,654.06,2026-06-02T23:42:32.126633
1883,247,2026-09-17T09:35:32.126654,completed,debit_card,3144.88,2026-09-17T09:35:32.126654
1884,306,2026-05-16T12:08:32.126674,completed,pix,6820.36,2026-05-16T12:08:32.126674
1885,268,2026-07-23T05:47:32.126695,completed,credit_card,4550.55,2026-07-23T05:47:32.126695
1886,459,2026-05-03T08:33:32.126723,completed,boleto,5434.46,2026-05-03T08:33:32.126723
1887,16,2026-06-21T15:59:32.126753,completed,boleto,2618.0,2026-06-21T15:59:32.126753
1888,259,2026-07-13T14:19:32.126778,refunded,debit_card,7171.69,2026-07-13T14:19:32.126778
1889,294,2026-08-08T19:24:32.126811,completed,boleto,8222.31,2026-08-08T19:24:32.126811
1890,285,2026-07-23T22:23:32.126837,refunded,pix,2353.68,2026-07-23T22:23:32.126837
1891,469,2026-05-10T04:04:32.126871,completed,pix,1303.69,2026-05-10T04:04:32.126871
1892,35,2026-06-11T17:53:32.126889,completed,boleto,3114.35,2026-06-11T17:53:32.126889
1893,289,2026-05-08T17:56:32.126912,refunded,boleto,2019.27,2026-05-08T17:56:32.126912
1894,468,2026-04-21T22:57:32.126939,completed,credit_card,1260.22,2026-04-21T22:57:32.126939
1895,76,2026-08-31T08:53:32.126960,completed,credit_card,9578.33,2026-08-31T08:53:32.126960
1896,400,2026-07-25T02:11:32.126995,cancelled,pix,4859.98,2026-07-25T02:11:32.126995
1897,140,2026-03-26T07:23:32.127025,cancelled,pix,5280.76,2026-03-26T07:23:32.127025
1898,125,2026-05-03T08:58:32.127053,refunded,boleto,10508.9,2026-05-03T08:58:32.127053
1899,393,2026-07-01T08:23:32.127080,refunded,credit_card,3545.81,2026-07-01T08:23:32.127080
1900,173,2026-08-21T02:59:32.127115,cancelled,boleto,2387.92,2026-08-21T02:59:32.127115
1901,229,2026-04-29T18:41:32.127139,completed,boleto,2222.91,2026-04-29T18:41:32.127139
1902,444,2026-08-17T02:28:32.127165,refunded,credit_card,10166.89,2026-08-17T02:28:32.127165
1903,111,2026-06-12T19:54:32.127199,completed,pix,3305.44,2026-06-12T19:54:32.127199
1904,343,2026-07-30T04:34:32.127233,completed,debit_card,1466.37,2026-07-30T04:34:32.127233
1905,416,2026-04-03T13:58:32.127253,completed,debit_card,6414.19,2026-04-03T13:58:32.127253
1906,427,2026-08-09T06:26:32.127280,cancelled,boleto,1482.85,2026-08-09T06:26:32.127280
1907,272,2026-09-18T13:24:32.127305,completed,pix,1443.8,2026-09-18T13:24:32.127305
1908,291,2026-07-11T10:14:32.127320,cancelled,pix,6041.54,2026-07-11T10:14:32.127320
1909,303,2026-08-08T00:29:32.127345,completed,pix,1685.54,2026-08-08T00:29:32.127345
1910,438,2026-07-10T20:11:32.127365,refunded,pix,8602.11,2026-07-10T20:11:32.127365
1911,294,2026-05-10T05:07:32.127388,completed,credit_card,9839.07,2026-05-10T05:07:32.127388
1912,306,2026-08-19T22:09:32.127420,completed,boleto,2654.74,2026-08-19T22:09:32.127420
1913,204,2026-09-09T07:22:32.127447,completed,boleto,3304.78,2026-09-09T07:22:32.127447
1914,380,2026-07-17T15:36:32.127469,cancelled,debit_card,1943.87,2026-07-17T15:36:32.127469
1915,223,2026-04-03T04:50:32.127490,cancelled,debit_card,11476.18,2026-04-03T04:50:32.127490
1916,153,2026-04-03T10:27:32.127523,completed,debit_card,7181.26,2026-04-03T10:27:32.127523
1917,71,2026-05-27T08:02:32.127555,completed,boleto,522.8,2026-05-27T08:02:32.127555
1918,317,2026-04-29T19:31:32.127574,completed,boleto,6062.34,2026-04-29T19:31:32.127574
1919,234,2026-04-29T05:25:32.127605,completed,boleto,2842.19,2026-04-29T05:25:32.127605
1920,245,2026-06-12T10:31:32.127625,completed,debit_card,623.81,2026-06-12T10:31:32.127625
1921,450,2026-06-09T23:35:32.127641,cancelled,debit_card,453.18,2026-06-09T23:35:32.127641
1922,5,2026-05-13T00:43:32.127656,refunded,pix,6863.85,2026-05-13T00:43:32.127656
1923,64,2026-05-28T02:19:32.127688,completed,boleto,2040.52,2026-05-28T02:19:32.127688
1924,55,2026-05-22T23:11:32.127712,completed,pix,2120.62,2026-05-22T23:11:32.127712
1925,233,2026-08-06T00:31:32.127731,completed,debit_card,1962.83,2026-08-06T00:31:32.127731
1926,38,2026-07-31T12:22:32.127747,completed,boleto,3318.0,2026-07-31T12:22:32.127747
1927,267,2026-06-26T07:32:32.127771,completed,credit_card,5207.47,2026-06-26T07:32:32.127771
1928,259,2026-04-10T23:56:32.127802,completed,pix,4630.67,2026-04-10T23:56:32.127802
1929,267,2026-05-05T23:45:32.127825,cancelled,debit_card,3825.18,2026-05-05T23:45:32.127825
1930,448,2026-07-09T18:22:32.127854,completed,boleto,4442.08,2026-07-09T18:22:32.127854
1931,450,2026-09-04T13:01:32.127877,completed,debit_card,6119.5,2026-09-04T13:01:32.127877
1932,155,2026-05-16T04:26:32.127908,cancelled,pix,2348.18,2026-05-16T04:26:32.127908
1933,326,2026-08-06T17:09:32.127924,completed,pix,7086.2,2026-08-06T17:09:32.127924
1934,269,2026-04-18T12:22:32.127948,cancelled,credit_card,2554.52,2026-04-18T12:22:32.127948
1935,430,2026-03-31T23:57:32.127970,refunded,debit_card,2774.89,2026-03-31T23:57:32.127970
1936,251,2026-05-10T01:41:32.127991,completed,boleto,2763.43,2026-05-10T01:41:32.127991
1937,124,2026-03-24T08:08:32.128012,completed,pix,1408.18,2026-03-24T08:08:32.128012
1938,226,2026-06-30T23:08:32.128036,completed,credit_card,3980.93,2026-06-30T23:08:32.128036
1939,366,2026-06-21T02:31:32.128064,refunded,boleto,5692.8,2026-06-21T02:31:32.128064
1940,111,2026-06-07T21:51:32.128097,completed,pix,4658.96,2026-06-07T21:51:32.128097
1941,466,2026-09-07T03:29:32.128118,completed,credit_card,5586.52,2026-09-07T03:29:32.128118
1942,477,2026-08-12T02:16:32.128149,refunded,credit_card,3267.93,2026-08-12T02:16:32.128149
1943,30,2026-08-31T02:36:32.128164,refunded,pix,3317.35,2026-08-31T02:36:32.128164
1944,296,2026-03-29T10:24:32.128188,completed,debit_card,3171.64,2026-03-29T10:24:32.128188
1945,264,2026-06-01T09:33:32.128221,completed,pix,3680.59,2026-06-01T09:33:32.128221
1946,10,2026-04-08T07:37:32.128246,completed,boleto,5597.29,2026-04-08T07:37:32.128246
1947,168,2026-08-04T14:21:32.128278,completed,pix,4557.71,2026-08-04T14:21:32.128278
1948,53,2026-07-25T18:38:32.128301,completed,pix,6698.66,2026-07-25T18:38:32.128301
1949,419,2026-04-22T15:09:32.128330,completed,debit_card,6295.45,2026-04-22T15:09:32.128330
1950,449,2026-07-29T00:42:32.128366,completed,debit_card,3372.01,2026-07-29T00:42:32.128366
1951,399,2026-03-26T03:59:32.128389,completed,credit_card,5030.96,2026-03-26T03:59:32.128389
1952,431,2026-07-10T20:21:32.128421,completed,debit_card,1686.58,2026-07-10T20:21:32.128421
1953,13,2026-08-11T06:21:32.128443,completed,credit_card,1025.18,2026-08-11T06:21:32.128443
1954,377,2026-06-15T11:13:32.128467,refunded,credit_card,2266.31,2026-06-15T11:13:32.128467
1955,108,2026-04-22T10:28:32.128499,completed,debit_card,4534.34,2026-04-22T10:28:32.128499
1956,413,2026-05-07T02:27:32.128532,refunded,boleto,720.94,2026-05-07T02:27:32.128532
1957,155,2026-08-10T18:43:32.128549,completed,boleto,2738.71,2026-08-10T18:43:32.128549
1958,306,2026-09-15T04:30:32.128574,completed,credit_card,1087.75,2026-09-15T04:30:32.128574
1959,55,2026-09-14T23:00:32.128602,completed,credit_card,2592.1,2026-09-14T23:00:32.128602
1960,470,2026-03-29T22:12:32.128623,completed,boleto,10005.16,2026-03-29T22:12:32.128623
1961,243,2026-06-16T23:28:32.128652,completed,debit_card,7682.98,2026-06-16T23:28:32.128652
1962,344,2026-06-04T21:47:32.128684,cancelled,credit_card,4667.84,2026-06-04T21:47:32.128684
1963,47,2026-06-30T10:12:32.128706,completed,debit_card,237.31,2026-06-30T10:12:32.128706
1964,18,2026-08-14T10:53:32.128723,refunded,pix,8256.47,2026-08-14T10:53:32.128723
1965,235,2026-05-11T08:55:32.128755,completed,pix,3099.03,2026-05-11T08:55:32.128755
1966,211,2026-08-29T21:36:32.128789,completed,boleto,2145.69,2026-08-29T21:36:32.128789
1967,105,2026-05-18T19:24:32.128818,completed,boleto,7019.05,2026-05-18T19:24:32.128818
1968,371,2026-04-13T13:13:32.128846,completed,credit_card,730.96,2026-04-13T13:13:32.128846
1969,470,2026-04-06T09:13:32.128865,completed,debit_card,8579.05,2026-04-06T09:13:32.128865
1970,337,2026-04-12T18:39:32.128900,completed,pix,742.69,2026-04-12T18:39:32.128900
1971,70,2026-08-11T07:29:32.128915,completed,pix,5531.12,2026-08-11T07:29:32.128915
1972,141,2026-05-13T18:11:32.128949,completed,boleto,1112.68,2026-05-13T18:11:32.128949
1973,310,2026-04-28T16:59:32.128969,completed,debit_card,11533.64,2026-04-28T16:59:32.128969
1974,253,2026-05-04T01:13:32.128999,cancelled,boleto,1272.28,2026-05-04T01:13:32.128999
1975,13,2026-09-11T22:06:32.129024,refunded,pix,1810.16,2026-09-11T22:06:32.129024
1976,254,2026-06-29T23:16:32.129045,completed,boleto,6119.97,2026-06-29T23:16:32.129045
1977,257,2026-05-14T12:41:32.129077,completed,debit_card,1394.32,2026-05-14T12:41:32.129077
1978,259,2026-04-06T09:01:32.129097,refunded,credit_card,705.66,2026-04-06T09:01:32.129097
1979,167,2026-08-17T01:02:32.129120,refunded,boleto,1146.23,2026-08-17T01:02:32.129120
1980,29,2026-09-15T04:54:32.129143,cancelled,credit_card,973.42,2026-09-15T04:54:32.129143
1981,436,2026-07-25T18:37:32.129161,completed,debit_card,6876.53,2026-07-25T18:37:32.129161
1982,144,2026-06-26T01:00:32.129191,completed,pix,4009.73,2026-06-26T01:00:32.129191
1983,489,2026-05-15T01:24:32.129211,completed,debit_card,4693.3,2026-05-15T01:24:32.129211
1984,497,2026-04-05T09:41:32.129231,cancelled,pix,237.31,2026-04-05T09:41:32.129231
1985,450,2026-07-07T18:32:32.129247,completed,boleto,1949.6,2026-07-07T18:32:32.129247
1986,346,2026-05-08T19:14:32.129263,cancelled,boleto,3069.18,2026-05-08T19:14:32.129263
1987,229,2026-06-22T15:54:32.129278,completed,credit_card,7318.81,2026-06-22T15:54:32.129278
1988,165,2026-06-15T16:14:32.129310,completed,debit_card,2745.74,2026-06-15T16:14:32.129310
1989,93,2026-07-25T07:25:32.129329,refunded,boleto,3741.81,2026-07-25T07:25:32.129329
1990,378,2026-08-03T19:48:32.129354,completed,boleto,1888.35,2026-08-03T19:48:32.129354
1991,260,2026-05-20T13:05:32.129373,refunded,credit_card,225.44,2026-05-20T13:05:32.129373
1992,400,2026-06-23T04:39:32.129388,cancelled,debit_card,7177.39,2026-06-23T04:39:32.129388
1993,167,2026-09-01T06:35:32.129420,refunded,credit_card,7536.59,2026-09-01T06:35:32.129420
1994,467,2026-07-22T12:58:32.129449,refunded,pix,6934.0,2026-07-22T12:58:32.129449
1995,295,2026-06-11T10:10:32.129481,cancelled,boleto,4586.91,2026-06-11T10:10:32.129481
1996,250,2026-07-27T03:27:32.129500,refunded,credit_card,6539.22,2026-07-27T03:27:32.129500
1997,436,2026-09-17T05:29:32.129529,completed,pix,6064.12,2026-09-17T05:29:32.129529
1998,421,2026-04-28T07:51:32.129558,completed,debit_card,4887.54,2026-04-28T07:51:32.129558
1999,59,2026-06-08T08:40:32.129582,completed,credit_card,4416.82,2026-06-08T08:40:32.129582
2000,89,2026-08-17T12:28:32.129611,completed,pix,6482.01,2026-08-17T12:28:32.129611
